Country,Year,avg_goldstein,avg_tone,total_mentions,total_articles,event_count,ActionGeo_CountryCode
Algeria,1980,1.9875568416701102,4.931067815391808,8852,8788,2419,AG
Algeria,1981,1.9884767166535118,5.357238322414892,9077,9018,2534,AG
Algeria,1982,2.167105263157894,4.606086880958107,7457,7377,2052,AG
Algeria,1983,2.3576805251641137,4.379898928046617,8293,8273,2285,AG
Algeria,1984,2.5512697022767075,4.559246147873014,9530,9420,2284,AG
Algeria,1985,1.8374344301382934,4.256840721182622,8622,8483,2097,AG
Algeria,1986,2.029301310043669,4.370258002284868,8911,8849,2290,AG
Algeria,1987,1.9652144545761552,4.405389076821042,11200,11074,2961,AG
Algeria,1988,1.5693706020328377,4.669061682012021,21379,21197,5116,AG
Algeria,1989,2.186482449589243,4.10532715139178,10469,10376,2678,AG
Algeria,1990,1.9986937091784116,4.488549501619753,11704,11566,2909,AG
Algeria,1991,0.8775217160077999,4.958526900266851,29146,28854,5641,AG
Algeria,1992,-0.12138613861386127,4.7710135727737155,22633,22505,4545,AG
Algeria,1993,-1.7174471119562624,3.918266835510318,20636,20458,4207,AG
Algeria,1994,-1.1795579084238883,4.193880317919636,53007,51919,10767,AG
Algeria,1995,-1.4497947314403015,4.366567104314507,51797,50886,11692,AG
Algeria,1996,-0.42344834732152103,4.579470727747333,46868,45854,9651,AG
Algeria,1997,-0.9111621757743644,4.5267742815544025,79537,77583,15884,AG
Algeria,1998,-0.2892413326241476,4.50317786609161,114985,113355,20681,AG
Algeria,1999,0.5515413975337634,5.577514972876186,108252,106796,20436,AG
Algeria,2000,0.44454691259021645,5.446626977387612,105411,102090,19952,AG
Algeria,2001,-0.29123768375573017,4.780836410676579,92984,92157,18979,AG
Algeria,2002,-0.48622392974753026,4.7280781892509784,58751,58368,12754,AG
Algeria,2003,0.4678278245841431,4.8503009337673415,97364,96591,18516,AG
Algeria,2004,0.5805418338993517,5.0377384983547175,60963,60579,12956,AG
Algeria,2005,0.276090958310774,4.970141897550409,40447,40107,9235,AG
Algeria,2006,0.6621527410931101,5.084164711738304,45298,20897,9467,AG
Algeria,2007,-0.9227492102492106,4.454175236550682,147827,95239,22792,AG
Algeria,2008,-0.08414287116082816,4.5767498256491415,129632,96396,20382,AG
Algeria,2009,0.06048695932599666,4.663859117861478,168269,141232,24807,AG
Algeria,2010,0.34925088652482283,5.087255174534694,153538,130129,22560,AG
Algeria,2011,-0.7107267041901187,4.8363110507401705,413664,376761,39975,AG
Algeria,2012,0.42752997792670067,3.77188846586439,430267,391814,50287,AG
Algeria,2013,0.15309844192634556,1.054734162730259,981950,956644,112960,AG
Algeria,2014,-0.09766929133858271,2.1329312604416915,581142,572659,57150,AG
Algeria,2015,0.016571140641445943,-2.0070302845469645,699186,689758,63508,AG
Algeria,2016,0.6087854676159351,-2.4477345256462626,738216,720150,66610,AG
Algeria,2017,0.5000334288443171,-2.714836342896265,379161,371771,41880,AG
Algeria,2018,0.7679132236562896,-2.4241875215657838,495720,485920,40057,AG
Algeria,2019,-0.2721736379874963,-3.5736307363527637,780135,760872,53744,AG
Algeria,2020,0.6286559850236756,-3.228272376042871,310047,305714,36324,AG
Algeria,2021,0.3590794709737823,-2.805572912502241,316114,310273,34176,AG
Algeria,2022,1.376922359379372,-1.5315074381838825,240754,236423,32161,AG
Algeria,2023,1.0874837511606317,-1.7317997557380906,238626,234998,32310,AG
Algeria,2024,0.9985619282314414,-1.799312707500394,212277,209344,29623,AG
Algeria,2025,1.055233666744723,-2.002127637970063,220364,217540,29893,AG
Argentina,1980,1.146855563234278,4.850978176305041,5525,5432,1447,AR
Argentina,1981,0.9157181571815718,4.864383382541313,10658,10591,2583,AR
Argentina,1982,-0.22037325038880237,4.332525718346339,103281,102613,25077,AR
Argentina,1983,0.11751462506647754,4.700694375166943,25309,25172,5641,AR
Argentina,1984,0.592515870364183,4.659660835362053,25031,24918,5986,AR
Argentina,1985,0.4542734073906141,4.747158601842933,18484,18366,4411,AR
Argentina,1986,0.964111684154366,4.44502449455692,22558,22423,5623,AR
Argentina,1987,0.8008482871125615,4.34453073726484,25737,25648,6130,AR
Argentina,1988,1.0190306218297955,3.7120043406364,22228,22043,5323,AR
Argentina,1989,0.7720446473871129,4.1975131888362265,15960,15810,3942,AR
Argentina,1990,1.0912922218779044,4.309110496562486,12799,12670,3227,AR
Argentina,1991,1.7719172175912625,4.435140988572704,15434,15276,3479,AR
Argentina,1992,1.7049438202247196,4.354518659737639,10295,10163,2670,AR
Argentina,1993,1.2802756508422668,4.496685904788559,12746,12628,3265,AR
Argentina,1994,0.7600858369098713,4.531016028635279,29438,29001,7456,AR
Argentina,1995,1.0123264102248992,4.631485437987057,31020,30655,8137,AR
Argentina,1996,1.2721583455513537,5.151567289657423,52369,51851,12959,AR
Argentina,1997,1.4073493083003945,5.431566064444613,61648,61057,16192,AR
Argentina,1998,1.175535691644479,4.9610123221269955,63357,62781,15774,AR
Argentina,1999,1.4358281958526524,5.378422785623817,81480,80851,19627,AR
Argentina,2000,1.0560358323186643,5.196550803083518,53211,51864,11498,AR
Argentina,2001,0.9657581018518516,5.3350854847609055,73708,73013,17280,AR
Argentina,2002,0.888189809539313,5.134739697315887,51413,51212,12286,AR
Argentina,2003,0.7489038167938935,5.248597005397763,73740,73281,16375,AR
Argentina,2004,1.3170858057831771,5.327659233485694,44848,44503,10617,AR
Argentina,2005,0.40130010834236174,4.984779035470242,23242,23107,5538,AR
Argentina,2006,0.7009742834485103,5.282313053713545,39669,24051,8827,AR
Argentina,2007,0.4887532496891598,4.886652846047482,91383,70837,17694,AR
Argentina,2008,0.8735376925753695,3.5894508462469816,185480,164565,31611,AR
Argentina,2009,1.034565927000561,4.6094262330570634,393675,369054,60658,AR
Argentina,2010,0.9314342177185387,5.534411230585486,344980,323921,47566,AR
Argentina,2011,0.8825864129435559,5.390883670411062,336023,320403,43512,AR
Argentina,2012,0.7748242661448146,4.839606195328087,630921,610317,63875,AR
Argentina,2013,1.0316025376727362,2.5623722406612566,689915,679805,75197,AR
Argentina,2014,1.119462769619091,2.4344913731363294,614698,605107,69730,AR
Argentina,2015,0.6233534690624439,-1.082924717122566,1160029,1143307,109094,AR
Argentina,2016,1.106625986548316,-1.4469930849569674,1146661,1120939,105540,AR
Argentina,2017,1.1834096591041852,-1.5751136701935968,1067220,1048593,85598,AR
Argentina,2018,1.5703491992201435,-1.3554088040004562,1531225,1499676,97967,AR
Argentina,2019,1.2440786092214664,-1.5720225460295825,659657,645224,66150,AR
Argentina,2020,1.1813629299747173,-1.7488954721795946,418603,411723,43113,AR
Argentina,2021,1.2102141991108712,-1.1845421019980849,317946,312044,37115,AR
Argentina,2022,1.1348309873116569,-1.3182129691091453,346100,340907,40353,AR
Argentina,2023,1.3597602207723372,-0.8285968352851197,477635,468447,54717,AR
Argentina,2024,1.1408761563082555,-1.5131312880389103,497389,491052,56864,AR
Argentina,2025,1.336816897117809,-1.213367858913932,650826,640577,59087,AR
Australia,1980,1.5736509758897814,4.572607225587622,7220,7192,1742,AS
Australia,1981,1.0625400641025655,4.8212693976402425,10796,10717,2496,AS
Australia,1982,0.754780467788264,4.859425807947841,9786,9732,2437,AS
Australia,1983,0.9652821541105698,5.068856738520425,15004,14893,3491,AS
Australia,1984,0.9798424162836501,4.564978808632276,12417,12263,3046,AS
Australia,1985,1.317537313432836,4.93630165452729,20822,20675,4824,AS
Australia,1986,1.338626933232742,4.211686038932682,22448,22197,5302,AS
Australia,1987,1.1509251968503935,3.951812692057907,21217,21116,5080,AS
Australia,1988,1.588285767580674,3.6350556782512125,23785,23476,5361,AS
Australia,1989,1.726211055276382,3.5728731879432285,22918,22709,4975,AS
Australia,1990,1.459640792733278,3.5434333067818677,21109,20934,4844,AS
Australia,1991,1.3940581380458443,4.323837292925249,37711,37176,7809,AS
Australia,1992,1.7491228070175435,4.224838441964309,28660,28319,6669,AS
Australia,1993,1.237157038466841,4.319842900720749,32573,32305,7253,AS
Australia,1994,0.6778611797951253,4.632990716698942,47333,46803,11324,AS
Australia,1995,0.7011275600214777,4.958074651672991,48070,47471,13037,AS
Australia,1996,0.7419588434488144,5.357258413436836,87445,85961,19195,AS
Australia,1997,0.9701277561288417,5.417830073262999,85611,83964,20273,AS
Australia,1998,0.863782833707646,5.295065865639401,100313,99217,20482,AS
Australia,1999,0.8426435765028109,5.553967930682533,169019,167566,35051,AS
Australia,2000,0.964719282774838,5.402680500650182,138036,132774,27216,AS
Australia,2001,0.8221121903375832,5.298334373713239,142073,141024,31607,AS
Australia,2002,0.2977775026310899,5.119429685622243,146528,145488,32306,AS
Australia,2003,0.48453583644897014,5.189158918376461,192897,191569,37713,AS
Australia,2004,0.3442484380742373,5.295638159953673,148362,147311,32652,AS
Australia,2005,0.5616988324994046,5.273968074286137,155749,154504,33576,AS
Australia,2006,0.7389173105033149,5.485025709864906,397624,290175,76624,AS
Australia,2007,0.4032457724997778,5.3787426230452455,1453694,1296053,236369,AS
Australia,2008,0.32702439443256337,5.3552046478951,2530708,2406618,372667,AS
Australia,2009,0.597313471344769,5.532019845956097,4613775,4464704,558118,AS
Australia,2010,0.7652229597813354,5.696139103340584,4722846,4563274,512200,AS
Australia,2011,0.7013721847927575,5.630544085217217,6261594,6091983,614786,AS
Australia,2012,0.6994754676295933,5.225417729328462,7453063,7317492,701196,AS
Australia,2013,0.8340269417680234,2.622093377073909,6177929,6091372,700259,AS
Australia,2014,0.7565316651686655,2.469740014253515,11698809,11516305,1139298,AS
Australia,2015,0.8490404512470179,-1.0489264909301792,48066549,46847141,1720392,AS
Australia,2016,0.7501590580224873,-1.5363335211355236,36090710,35282709,1813808,AS
Australia,2017,0.7531282936836564,-1.3092514991435014,27424045,26884036,1700226,AS
Australia,2018,0.8667816331972277,-1.3784184174595493,27612757,26608628,1556395,AS
Australia,2019,0.5341603569497018,-2.035510941813272,17034027,16521577,1198158,AS
Australia,2020,0.7398956065848429,-2.0611233469035315,17978481,17453765,1126898,AS
Australia,2021,0.8321436189588585,-1.774960598863695,11808089,11464459,914183,AS
Australia,2022,1.0087456435957256,-1.254931900857763,6779867,6573863,694381,AS
Australia,2023,0.9602737045821342,-1.2119786931425787,22272451,20875421,1129545,AS
Australia,2024,0.8722180475721502,-1.315386787018784,25359348,23488744,1131176,AS
Australia,2025,0.7267812500657049,-1.4430170136886573,20748060,18843637,951214,AS
Brazil,1980,1.9306778476589803,4.4527099015276725,6247,6145,1431,BR
Brazil,1981,0.7520286396181385,4.556298261685704,8632,8582,2095,BR
Brazil,1982,1.3587670727205605,4.826608149486177,11074,11005,2709,BR
Brazil,1983,1.0106198526224532,4.291670095419085,9218,9174,2307,BR
Brazil,1984,1.0024044883783059,4.723602014113415,15009,14943,3743,BR
Brazil,1985,1.054064798250844,4.900541497247999,19728,19631,5031,BR
Brazil,1986,1.4206038135593222,4.590985672393351,15747,15673,3776,BR
Brazil,1987,1.380781584582441,3.9249985744840696,16629,16526,3736,BR
Brazil,1988,1.7201607185062633,3.93840606830908,19018,18837,4231,BR
Brazil,1989,0.9416066801036571,4.226544910935055,15106,15044,3473,BR
Brazil,1990,0.967010974822466,4.101579360430906,13549,13450,3098,BR
Brazil,1991,1.311984681234512,4.10535350746243,24906,24692,4439,BR
Brazil,1992,1.1761224033951307,4.47821781542767,19916,19714,4477,BR
Brazil,1993,-0.351749157812905,3.8778856279237464,17755,17667,3859,BR
Brazil,1994,0.8374777624036375,4.181967922998206,23277,23105,5059,BR
Brazil,1995,1.5777821625887924,4.506127830960094,31400,31013,7602,BR
Brazil,1996,1.7353912182238371,5.276060811888362,54475,53888,12116,BR
Brazil,1997,1.7672205294229673,5.5791883724756355,95388,94411,21004,BR
Brazil,1998,1.5237178354825414,5.1630659972654,77248,76680,16983,BR
Brazil,1999,1.357810180738671,5.289024926197799,106060,104993,22906,BR
Brazil,2000,1.0758836981378632,5.089942954723857,72701,71308,15305,BR
Brazil,2001,0.9995293519048527,5.289570390844215,68543,68160,15723,BR
Brazil,2002,1.0769801778285337,5.731958514275177,49435,49085,12259,BR
Brazil,2003,1.4166725873297814,5.750786796214461,112944,111928,25335,BR
Brazil,2004,1.3431862719135643,5.55894756973235,78575,77956,18881,BR
Brazil,2005,0.4150364963503649,4.97860719400114,68630,68139,16440,BR
Brazil,2006,0.6400543502472487,5.025204684367769,118307,74186,22447,BR
Brazil,2007,0.9124599918856784,5.096801629690943,257299,196965,44366,BR
Brazil,2008,1.0546139495871232,3.84635849371819,393367,340669,69149,BR
Brazil,2009,1.3554460373602002,4.443376412872368,935710,871403,132601,BR
Brazil,2010,1.617179475097772,5.7109407795971725,665180,606971,84892,BR
Brazil,2011,1.2584486821521215,5.682969479629756,911317,866275,100998,BR
Brazil,2012,1.402323340266778,5.466578987110863,966883,929259,104806,BR
Brazil,2013,1.2287431271038551,2.413828745492792,1344302,1323115,136956,BR
Brazil,2014,1.286266224958693,2.3919087880634393,1104814,1089067,121649,BR
Brazil,2015,1.0215169607919652,-1.2060646607980146,2094545,2050027,189260,BR
Brazil,2016,0.6510321356097017,-2.5885202839892476,4098335,4002204,278259,BR
Brazil,2017,0.566994078682223,-2.1667003999781342,2708493,2651124,193538,BR
Brazil,2018,0.7504998792308579,-1.857564959564306,2684067,2624250,190446,BR
Brazil,2019,0.7295867086368464,-2.192777418960896,2900119,2848939,220474,BR
Brazil,2020,0.8099356290391654,-2.576545417145251,1985061,1956234,156440,BR
Brazil,2021,0.7552016186658039,-2.0975514618263555,1607701,1583587,132949,BR
Brazil,2022,0.9641681322546596,-1.598369398578788,1283656,1261887,113720,BR
Brazil,2023,1.1473195642437968,-1.4141246828069864,1894981,1847265,171931,BR
Brazil,2024,1.0953773617137605,-1.3403125464529806,1505729,1478071,146345,BR
Brazil,2025,1.0927764570174583,-1.3283196061260716,1654795,1619223,142174,BR
Canada,1980,1.2328091684434974,5.325430241129495,15069,14954,3752,CA
Canada,1981,0.9826734293193721,5.244204613434063,25132,24927,6112,CA
Canada,1982,0.7752724077328649,4.968365731339467,22362,22221,5690,CA
Canada,1983,0.7863829787234041,5.064029796499745,33662,33352,7990,CA
Canada,1984,0.9117433414043581,5.390587073837878,35166,34867,8260,CA
Canada,1985,0.9126417424497589,4.959145407599603,36306,36122,8907,CA
Canada,1986,0.8900370326125908,4.692676253309513,32660,32473,8371,CA
Canada,1987,1.4391806831080391,4.951999899466194,39907,39616,9691,CA
Canada,1988,1.304265402843602,5.060063124633725,33962,33652,8018,CA
Canada,1989,1.133077270673294,4.659374452577401,29414,29185,6639,CA
Canada,1990,1.11170922809054,4.985138813631436,29512,29262,6892,CA
Canada,1991,1.2848967989123712,5.006559285427141,39044,38724,8091,CA
Canada,1992,1.6845037137069547,4.9832083495000195,24455,24219,5924,CA
Canada,1993,1.361631378935939,5.4580280298831445,30686,30534,7368,CA
Canada,1994,1.0885732061385307,5.161421425855921,39690,39083,9644,CA
Canada,1995,0.6828100874935664,4.911830110925806,53638,52532,13601,CA
Canada,1996,1.3493031846420784,5.459825493334061,75568,74321,17867,CA
Canada,1997,1.665595942519019,5.554378718993298,90565,89225,21294,CA
Canada,1998,1.2301165039384934,5.2559337439677485,106087,103461,21201,CA
Canada,1999,1.350518395380375,5.653759263016968,111649,109826,22859,CA
Canada,2000,1.0833066366509374,5.51298554473497,108663,103266,23099,CA
Canada,2001,0.9057440289416369,5.539556969851926,116222,115295,27089,CA
Canada,2002,1.0329914793538189,5.619755689723155,109943,109194,25937,CA
Canada,2003,0.7704920924216593,5.491943502022102,161635,160357,34018,CA
Canada,2004,0.9015286282572744,5.7529868865581175,95176,94510,22373,CA
Canada,2005,0.8699189174676475,5.780096554475632,85063,84465,18623,CA
Canada,2006,0.3790382708075876,5.666459995313242,326447,253912,58478,CA
Canada,2007,0.8357320235852518,6.016631811659364,968658,872812,163492,CA
Canada,2008,0.6459893401992396,5.759404818097711,2138639,2021661,332464,CA
Canada,2009,0.9200943592999838,5.862525743698209,3844138,3719153,541759,CA
Canada,2010,0.9649971579164949,5.95987718586583,3556508,3448631,464448,CA
Canada,2011,0.9776010322191778,6.090354735898406,4266534,4155508,530895,CA
Canada,2012,0.865187430742218,5.478054194822586,6611327,6463158,710209,CA
Canada,2013,0.9882721880233835,2.6349399582029887,6203839,6092101,723075,CA
Canada,2014,0.7766909344074796,2.60891774927768,9426924,9218084,1005450,CA
Canada,2015,0.9875598659584844,-0.8368381262451317,20655700,20184831,1443435,CA
Canada,2016,1.0676703155156084,-1.0639074206729267,23675876,23099409,1705155,CA
Canada,2017,0.99481769789439,-1.0994242750078658,20163361,19660933,1606570,CA
Canada,2018,1.010447574977398,-1.2715337299477474,24665751,24026797,1627057,CA
Canada,2019,0.9394268120993426,-1.428417538004714,23675285,23158908,1463229,CA
Canada,2020,1.0679952562955972,-1.460753109319122,17856527,17440737,1172926,CA
Canada,2021,0.9616355078025077,-1.329205319103914,12351932,11988872,977250,CA
Canada,2022,0.986708086542558,-1.4089816800761312,9484273,9189033,837923,CA
Canada,2023,0.7900223344462355,-1.2439386657116311,17346780,16763588,1178001,CA
Canada,2024,0.8573914022037066,-1.2082203403658458,16039836,15501867,1119660,CA
Canada,2025,1.071903527720417,-0.7912698195188228,15133941,14607139,1093455,CA
China,1980,1.4580509966894413,5.731754343724625,117617,116416,28394,CH
China,1981,1.6829346807383556,6.092362983691803,101439,100374,24541,CH
China,1982,1.7401035699555472,6.250642895795914,92301,91346,21821,CH
China,1983,1.6657271757058312,5.7979971217989705,88372,87694,20614,CH
China,1984,1.7345164085754121,6.060272698395394,113877,112559,26541,CH
China,1985,1.7740199186840235,5.79242858184417,110960,109931,26809,CH
China,1986,1.791868946550281,5.903729023398063,106243,105098,25089,CH
China,1987,1.153905904874098,5.670916474362209,120099,118815,27164,CH
China,1988,1.347105693000279,5.494966051020326,111043,110002,25101,CH
China,1989,0.45863452888940154,5.818025383221498,204248,202411,43355,CH
China,1990,1.4390666180107865,6.243638293038776,104444,103287,24663,CH
China,1991,1.6876959082781113,6.291519166367958,184684,182349,38028,CH
China,1992,1.8355778689914857,6.599846039748474,123954,122576,29479,CH
China,1993,1.3192151041071911,5.9472794484664995,116799,115744,26271,CH
China,1994,1.2259770169523723,5.9133165614274015,193840,190749,42118,CH
China,1995,1.1697628577447405,5.9386748351619305,287982,282701,66458,CH
China,1996,1.3366345825414483,6.254767008728296,569298,558559,114179,CH
China,1997,1.8292322327237014,6.647705266711678,822355,805643,162940,CH
China,1998,1.5802470961650033,6.4532251620887,989444,975603,175802,CH
China,1999,1.2313965294205558,6.400017546579215,1137426,1119421,194031,CH
China,2000,1.3688438300051207,6.46657152045285,819989,788850,146475,CH
China,2001,1.4219356392426028,6.495857096659003,890152,879962,166095,CH
China,2002,1.506290580006852,6.479000793418727,604151,596865,119671,CH
China,2003,1.58452735584722,6.3296425077741105,1006419,995703,169525,CH
China,2004,1.458089795918368,6.231408671971112,696637,689582,134750,CH
China,2005,1.490889615409693,6.217927108477804,533437,527428,107361,CH
China,2006,1.5243003422387675,6.281908051788228,1255195,780774,217392,CH
China,2007,1.26748770856998,6.017798036330638,2329455,1820172,351261,CH
China,2008,1.073925062196869,5.567794565113532,3253319,2812030,477516,CH
China,2009,1.2414384477502238,5.814841993074695,6099647,5637206,729161,CH
China,2010,1.3881663045183943,6.016749305177179,6992451,6555030,707353,CH
China,2011,1.234309895138837,5.989870281070984,7794866,7420636,749944,CH
China,2012,1.0095131735203957,5.360253937946032,9328632,8968474,869017,CH
China,2013,1.246722677300513,2.586388521211365,8323476,8211365,856400,CH
China,2014,1.0610153028158351,2.4546917903862706,13702324,13493442,1240556,CH
China,2015,1.3267608954629733,-0.6976386001442169,23816868,23275793,1709245,CH
China,2016,1.2200948804984548,-1.0568209328986746,26164451,25538922,1946030,CH
China,2017,1.2344744652690667,-0.9572397939187199,22178845,21687113,1735504,CH
China,2018,1.333688802685915,-0.9515892653345136,23361917,22820400,1696255,CH
China,2019,1.0249927415719857,-1.499164688484213,22375612,21983342,1608499,CH
China,2020,0.7968418552652154,-2.4429352327097233,25900376,25413936,1726335,CH
China,2021,0.8848065625782063,-1.6237898298414348,15319217,15034791,1178808,CH
China,2022,1.0290902692100086,-1.4529430577747846,12703978,12438025,1005874,CH
China,2023,1.3036350080980568,-0.9058892923161028,19095283,18573440,1486159,CH
China,2024,1.2211891268539117,-0.672833195619289,13164981,12708648,1234827,CH
China,2025,1.318234330889507,-0.6492285986241265,12660872,12100181,1128558,CH
Colombia,1980,0.8578725200506547,4.80086766835203,10204,10168,2369,CO
Colombia,1981,-0.5659428571428572,3.7106014865703654,7960,7909,1750,CO
Colombia,1982,0.32734457323498417,5.037038001368484,7405,7391,1898,CO
Colombia,1983,0.8251963977773522,4.5846245893591915,19618,19519,5219,CO
Colombia,1984,0.5224294914501442,4.911698843552911,18555,18526,4503,CO
Colombia,1985,-0.19676428425148476,4.5943558464265735,20766,20593,4883,CO
Colombia,1986,-0.508498152575527,4.699119691717836,18506,18397,4601,CO
Colombia,1987,-0.506040268456376,4.135963588465642,12670,12631,3129,CO
Colombia,1988,-1.3051825430130093,4.237980755792747,18394,18322,4766,CO
Colombia,1989,-1.6963201143265447,4.204924972141763,47413,47195,11196,CO
Colombia,1990,-1.6067893698938864,4.467470595660328,44557,44291,10649,CO
Colombia,1991,-0.1717910447761194,4.3371962147787,34955,34688,6700,CO
Colombia,1992,-0.3269135802469135,4.317496983133929,15631,15500,4050,CO
Colombia,1993,-1.127104208416834,4.235474392409738,25712,25530,5988,CO
Colombia,1994,-0.5566479750778813,4.47357143642246,34084,33742,8025,CO
Colombia,1995,-0.4938361947649873,4.562459183846274,40761,40302,10659,CO
Colombia,1996,-0.09883158956928144,5.191427212281969,77871,77045,18829,CO
Colombia,1997,-0.051335752960076184,5.053631262128815,69548,68691,16807,CO
Colombia,1998,-0.16127371532081225,5.206438526846183,102047,101571,20978,CO
Colombia,1999,0.31794922818887356,5.3410862716607355,179782,178311,35177,CO
Colombia,2000,0.010354805046959473,5.2829065434633256,215979,208947,42164,CO
Colombia,2001,0.15649880991272688,5.561698756391368,191419,189943,42854,CO
Colombia,2002,-0.524792408066429,5.324843220580937,151345,150574,35406,CO
Colombia,2003,-0.2876304742455187,5.028668158759793,163656,162865,35256,CO
Colombia,2004,-0.34965511063334215,5.324741136281965,93107,92649,22326,CO
Colombia,2005,-0.7150088056878217,4.788911125633071,68826,68451,15331,CO
Colombia,2006,-0.15360497141547763,5.361252050221714,64106,34919,14161,CO
Colombia,2007,0.41297235516822645,5.5126516663135465,224778,159342,41997,CO
Colombia,2008,0.5511394861953154,5.305271578348777,545738,453592,91708,CO
Colombia,2009,0.3510094471434245,4.795451651802589,494053,456508,78013,CO
Colombia,2010,-0.08463701519152293,5.3972641446591085,477186,439211,58322,CO
Colombia,2011,0.09474041666008567,5.318174744611334,501646,471771,63313,CO
Colombia,2012,0.5336680553620952,4.867881837221242,838048,805759,78971,CO
Colombia,2013,0.9019350934013798,2.6536661536404242,531351,523584,61135,CO
Colombia,2014,0.7010913702488814,2.7595332060130224,717199,707834,82007,CO
Colombia,2015,0.6509489486138058,-1.8933868048573976,1267805,1251669,107383,CO
Colombia,2016,1.203812164362935,-1.7403255897200565,2185674,2142215,136698,CO
Colombia,2017,0.7998096715071193,-2.3835614291006344,1677194,1623847,113490,CO
Colombia,2018,0.5950266835558695,-2.522839733275776,1250549,1219779,96314,CO
Colombia,2019,0.416859849126971,-2.6956672656990732,1062499,1044323,94388,CO
Colombia,2020,0.4472104532345926,-3.1372828569362152,616401,605828,56174,CO
Colombia,2021,-0.0718250411485748,-3.367857537940711,641024,629825,61363,CO
Colombia,2022,0.7688609133870621,-2.11079768193899,467914,459466,50997,CO
Colombia,2023,0.8589374972353704,-2.2367418986888383,643426,633007,67821,CO
Colombia,2024,0.7104029750264486,-1.9709555082255776,561023,548718,62386,CO
Colombia,2025,-0.057021406906206315,-3.5299305428543253,684105,676414,68579,CO
Egypt,1980,1.580646708885051,5.159660762134352,38166,38057,10422,EG
Egypt,1981,0.7393168329334512,5.154614833906627,59904,59458,15838,EG
Egypt,1982,1.4449037776193867,5.028373132974105,54327,54056,14030,EG
Egypt,1983,1.7300069060773482,4.928540510623926,32904,32633,8688,EG
Egypt,1984,1.53402052574721,5.083125628483927,42610,42339,11108,EG
Egypt,1985,1.2417752795107777,4.583164151769225,59710,59133,16189,EG
Egypt,1986,1.4593423886036117,4.333497929197996,47817,47369,12074,EG
Egypt,1987,1.8014636174636172,4.449455964123348,49162,48638,12025,EG
Egypt,1988,1.9533630620587144,4.278987677459311,53993,53322,13455,EG
Egypt,1989,2.064734126415365,4.385920237550176,54280,53766,13954,EG
Egypt,1990,1.5970883475198125,4.053865194266642,65287,64484,17035,EG
Egypt,1991,2.1007704497022024,4.8658537198025895,80480,79676,18301,EG
Egypt,1992,1.4097201210287436,4.186512381990267,52452,51874,13220,EG
Egypt,1993,0.5021092963851692,4.114104987377064,111167,110184,25838,EG
Egypt,1994,0.6717111395944999,4.226924898685981,150827,148300,34328,EG
Egypt,1995,0.4442225091570265,4.520384912811272,156310,153066,37949,EG
Egypt,1996,1.3009958112700537,5.02050954465867,224810,220482,50612,EG
Egypt,1997,1.2344353762714202,5.136635976878282,240023,235991,57711,EG
Egypt,1998,1.7358694094036686,5.28772960568725,240714,238666,55808,EG
Egypt,1999,1.7375566984874073,5.896491346881135,245333,241769,52691,EG
Egypt,2000,1.6394003780836477,5.602170912750981,302351,282295,64007,EG
Egypt,2001,1.5728225393574806,5.370886706286051,260989,257201,62504,EG
Egypt,2002,1.5205105904021288,5.565454525401392,232047,229634,58638,EG
Egypt,2003,1.5826655699846572,5.431613804315014,286902,284259,63221,EG
Egypt,2004,1.5685558372999986,5.306713021561458,287895,285306,67437,EG
Egypt,2005,0.7587292559566129,5.25586300907123,222364,220586,49231,EG
Egypt,2006,0.9429959084236498,5.164356860270465,299304,153154,64034,EG
Egypt,2007,0.9155850635146027,5.3100000514943675,546993,361965,104228,EG
Egypt,2008,0.6235669988259027,4.872523851303398,826836,678929,132868,EG
Egypt,2009,1.1462599418834662,5.333286100799228,1569078,1372518,219903,EG
Egypt,2010,0.5284679992186992,5.40479021256625,1256071,1132300,153590,EG
Egypt,2011,-0.1558865693759866,5.185965168762375,8234957,7852620,620820,EG
Egypt,2012,0.13727916920932,5.010870880635373,5970965,5760248,460477,EG
Egypt,2013,-0.799555519693448,2.6946777592808786,7203170,7085814,582495,EG
Egypt,2014,-0.46303218750756675,2.459995804898683,5695865,5604121,495596,EG
Egypt,2015,-0.214037477097246,-2.644067103202367,9016625,8834430,593269,EG
Egypt,2016,0.13732545511714545,-3.0220199510230326,6649112,6517672,494357,EG
Egypt,2017,0.043293381969775835,-2.9790560371038146,6039626,5922802,422180,EG
Egypt,2018,0.5074208451805617,-2.41379247646429,4477527,4367663,347831,EG
Egypt,2019,0.6857393970906254,-2.2799051976462295,3772816,3690724,338492,EG
Egypt,2020,0.8793225608688036,-2.3227319071248043,2193613,2154879,228360,EG
Egypt,2021,1.325246284328837,-1.5156756600517878,2123958,2088593,221900,EG
Egypt,2022,1.3314775735313458,-1.2100344130515543,1676876,1649570,190021,EG
Egypt,2023,1.1675816045547633,-2.105492945292333,3401568,3347284,306141,EG
Egypt,2024,0.9257887330337282,-2.6679125319691464,2854604,2818976,286377,EG
Egypt,2025,1.3954157502384332,-1.7760251757358356,1922763,1898709,205508,EG
France,1980,0.9537639120147221,4.9357804119736395,42130,41897,11411,FR
France,1981,0.8788584441342836,4.918884276494077,51638,51379,13613,FR
France,1982,0.7596846254927726,4.744629936323917,56565,56277,15220,FR
France,1983,0.2332220286488579,4.528158320909434,79680,79238,20664,FR
France,1984,0.5754480555139534,4.552899824135036,78465,77942,20031,FR
France,1985,0.6134869049894854,4.8099638690643,83063,82417,20924,FR
France,1986,0.47919897559934543,4.565064897793643,108942,107923,28114,FR
France,1987,0.4113743326082656,4.386573835172693,93029,92168,25285,FR
France,1988,1.0525100980957878,4.671462847935797,77715,77065,19063,FR
France,1989,1.3330237248553687,4.62954173728259,77187,76618,18841,FR
France,1990,1.5157027801792782,4.853651703136085,88077,87331,21977,FR
France,1991,1.28252225215701,5.048918724103925,141576,140160,29323,FR
France,1992,1.2606132432296135,4.885593096551957,79695,79127,19829,FR
France,1993,0.9081090076971086,4.957802298356185,104261,103459,24035,FR
France,1994,0.6767988643421168,4.7719603918044955,193392,189969,45084,FR
France,1995,0.5026906809110584,4.926970436461802,206175,200950,50359,FR
France,1996,1.1345073606284073,5.123712649166606,318311,311412,70782,FR
France,1997,1.3185750995759988,5.281668172129068,340962,334580,77830,FR
France,1998,1.386499218994065,5.322164183092692,375420,371126,80025,FR
France,1999,1.1872684139177578,5.365293102127995,430852,423945,88520,FR
France,2000,0.8833217753120662,5.195424703257825,395369,369790,83636,FR
France,2001,0.9552121277695631,5.106224930968025,375842,371966,83181,FR
France,2002,0.723275352188407,5.1774782928854695,316347,313961,74392,FR
France,2003,0.9418733325898793,5.538037670700825,571224,567229,116573,FR
France,2004,0.8214461496213523,5.31618945632659,424625,421242,94679,FR
France,2005,0.7373363567649289,5.256617663431849,290400,288128,66150,FR
France,2006,0.6339452651973843,5.355152956850843,515540,303249,103225,FR
France,2007,0.7950881470275776,5.516094160751407,1195038,883323,204261,FR
France,2008,0.9343985458277467,5.193304630811434,1733790,1465142,276721,FR
France,2009,0.8533979504630688,5.147940789616812,2792819,2576104,387307,FR
France,2010,0.7666633813098102,5.257117497517974,2855203,2655101,324673,FR
France,2011,0.6371929051217468,5.47289471237558,4512932,4286807,476400,FR
France,2012,0.5528557461154784,4.99580670154648,5166462,4969377,483779,FR
France,2013,0.40942610506224786,2.2407400541321323,5418161,5351480,576351,FR
France,2014,0.5229420029628872,2.297535742643151,7070063,6975571,706766,FR
France,2015,0.34855313615058364,-1.6112166869204017,20245407,19835201,1231111,FR
France,2016,0.3908690663154387,-2.283118645625698,15896032,15618820,1087557,FR
France,2017,0.8121446061760305,-1.6231217617008322,15029069,14720574,911527,FR
France,2018,0.6983296877375569,-1.875172375678184,12220102,11929262,815597,FR
France,2019,0.8387189779391591,-1.7258510372915186,11271442,11015939,783518,FR
France,2020,0.7150535816790448,-2.4007588821341,7450644,7328516,567925,FR
France,2021,0.8401419621971881,-1.705473029346185,6642737,6536881,520707,FR
France,2022,1.0311616648971815,-1.4927738480185735,4710950,4636599,434222,FR
France,2023,0.8056358683909207,-1.4399123725978336,7186469,7033435,587773,FR
France,2024,0.9257445105612977,-1.3234747624825893,6394832,6236874,574742,FR
France,2025,1.0484336994032109,-1.3835124286710931,5609054,5487155,508556,FR
Germany,1980,1.1877208099956922,5.049129568852205,32976,32786,9284,GM
Germany,1981,0.5013803096164112,4.965042970790326,47610,47443,13113,GM
Germany,1982,0.6840712694877503,4.993620505927019,41606,41348,11225,GM
Germany,1983,0.4390918828850275,4.771874682576668,63652,63349,16804,GM
Germany,1984,0.864823759120337,4.794113780122634,72108,71762,19462,GM
Germany,1985,0.5984747007734519,4.87499639740073,87533,86792,23143,GM
Germany,1986,0.43692044790214485,4.549238841205817,80175,79606,22237,GM
Germany,1987,0.7250591206060358,4.6311282871111885,91539,90841,24949,GM
Germany,1988,0.7737785251020901,4.295490713072199,74622,74149,20815,GM
Germany,1989,1.0074848408287003,5.12378693117025,125521,124557,31664,GM
Germany,1990,1.2722568678243633,5.4396641633539,132555,131215,31269,GM
Germany,1991,1.0086918551204263,4.937237379691801,110128,109210,21756,GM
Germany,1992,0.8840078917700115,4.7309368057466585,73918,73311,17740,GM
Germany,1993,0.5589783281733745,4.67971474720866,98417,97824,22610,GM
Germany,1994,0.5720430107526879,4.852247335127228,122177,120441,28923,GM
Germany,1995,0.833499709411644,4.975835843650308,110754,108736,29251,GM
Germany,1996,0.8900510265194165,5.116236480994126,180778,177987,41743,GM
Germany,1997,1.0784656562847612,5.297272762331435,252222,248862,57536,GM
Germany,1998,1.0798005759762177,5.380356168318618,320181,318046,64586,GM
Germany,1999,1.1714920665846738,5.514756429618372,411149,405336,82121,GM
Germany,2000,1.099297865053088,5.519257383358605,345928,324254,70072,GM
Germany,2001,1.0117933763228868,5.3711180999708805,331779,328695,73041,GM
Germany,2002,0.8951776601954547,5.194944980055595,221940,220406,53107,GM
Germany,2003,1.0466659404403655,5.493945754425123,342234,340029,73439,GM
Germany,2004,1.1232726034394684,5.438796899065816,255433,253554,58730,GM
Germany,2005,1.098058252427185,5.583780122108687,217264,215687,50161,GM
Germany,2006,1.280762732866512,5.327421207608376,434413,256981,88786,GM
Germany,2007,0.882865780933625,5.3328126709100925,1045934,802422,180265,GM
Germany,2008,1.0473790602165451,5.3361996746643126,1171207,1034648,187490,GM
Germany,2009,1.0785436850282295,5.387975865718741,2339857,2193143,316676,GM
Germany,2010,1.0441902647780736,5.499035853537435,2307758,2177578,268489,GM
Germany,2011,0.9756818340868053,5.548069942342968,3303696,3158935,357235,GM
Germany,2012,1.208078516205285,5.293438292369587,3606301,3478223,368892,GM
Germany,2013,1.3591566055258881,2.561914760170157,3517029,3468772,379025,GM
Germany,2014,1.1552930964574923,2.451046962526057,4936532,4848791,508065,GM
Germany,2015,1.2639383287925228,-1.627412185299743,12604764,12353155,885929,GM
Germany,2016,0.6837832710631035,-2.4297023703416842,12249969,12028561,901351,GM
Germany,2017,0.891274844340685,-1.8851956138045318,10616664,10412502,825847,GM
Germany,2018,0.9086509349450596,-2.0130543411181914,9036227,8814504,705507,GM
Germany,2019,0.9245380977877252,-1.7232782224860008,7489923,7306461,621941,GM
Germany,2020,0.8881186274604919,-2.316156833627116,6407641,6259161,515396,GM
Germany,2021,0.9419382605137265,-1.914253287522321,5365615,5229888,425212,GM
Germany,2022,1.0736310462029173,-1.9151117778016824,4746256,4640509,430146,GM
Germany,2023,1.0242279877114115,-1.507917288550412,4891036,4754293,471660,GM
Germany,2024,0.8653735934064737,-1.7746920632048693,4487589,4382768,461666,GM
Germany,2025,0.9926782292633782,-1.6617335203801467,3636558,3535222,405001,GM
India,1980,0.198698315467075,5.075859066958525,21463,21422,5224,IN
India,1981,0.10530451866404716,4.856699550613488,22818,22741,5090,IN
India,1982,-0.35747531734837795,5.014231954895058,25154,25041,5672,IN
India,1983,-0.7507086614173228,4.799601676331134,36305,36160,7620,IN
India,1984,-2.3065747561218384,4.450654809586929,97257,96784,20092,IN
India,1985,-0.8020201346756446,4.719482492756061,68064,67766,14999,IN
India,1986,-1.4647973640856682,4.179439219832802,70754,70437,15175,IN
India,1987,-0.7106962425007893,4.174441454577398,59217,58902,12668,IN
India,1988,-1.0426232152940222,3.90649752614888,60708,60360,12397,IN
India,1989,-0.05560226828314432,3.991300586420801,50771,50573,10228,IN
India,1990,-1.1746954351974166,3.7140142034230452,69749,69035,13626,IN
India,1991,-0.7414035591274398,4.272899241223437,78945,78256,13936,IN
India,1992,-0.10899812893349217,4.295905131654294,58996,58580,11758,IN
India,1993,-0.5308660152590013,4.120057980221949,78541,78053,14942,IN
India,1994,-0.7110384141996497,4.259743470725447,77266,76420,15437,IN
India,1995,-0.5549778253555587,4.789772445739761,88108,87135,19617,IN
India,1996,0.03452701489858193,5.328034271550952,180554,176830,33426,IN
India,1997,0.6437026130145264,5.65332314110542,231917,226586,45503,IN
India,1998,0.2759484376274779,5.318925250348741,268977,267316,49028,IN
India,1999,-0.06573555913876507,5.1648872603595635,345847,341142,63258,IN
India,2000,0.15872558683999755,5.200628346321455,343945,324592,64924,IN
India,2001,-0.1076820043117194,5.190953398280027,380725,377884,78391,IN
India,2002,-0.900196379092352,4.662690506125949,349575,347694,74346,IN
India,2003,-0.03607067239254997,5.097434674474107,418322,415796,83597,IN
India,2004,0.2510403624873308,5.307999182112409,248612,247164,50319,IN
India,2005,0.47914801176252436,5.315917844437583,178605,177481,37747,IN
India,2006,0.38052723543265204,5.31845026362663,720677,569419,131630,IN
India,2007,0.599752315251775,5.465989080032267,2083482,1900017,349638,IN
India,2008,0.2935433755311262,5.249534872414643,3364823,3200526,524593,IN
India,2009,0.37496783714242465,5.248862281442194,4786128,4606664,687128,IN
India,2010,0.451569552277727,5.333102158950358,4881517,4692618,659583,IN
India,2011,0.4040534615826746,5.309876238720702,5407861,5251747,748126,IN
India,2012,0.2506448537710524,4.753305066366857,7922796,7730019,1003871,IN
India,2013,0.09087039889077556,2.2431537758405242,9558148,9422884,1139572,IN
India,2014,0.42450378043119524,2.3699515596421135,15213318,14926062,1645847,IN
India,2015,0.5004670797033253,-1.5019503141110218,30420768,28923334,2516488,IN
India,2016,0.29804973133666546,-2.224451585683718,33343536,32280150,3066979,IN
India,2017,0.3301037808365942,-2.1190106160850526,25894650,25259784,2725459,IN
India,2018,0.32845044839162213,-2.1134420088646255,24458877,23837449,2537960,IN
India,2019,0.26973537682629584,-2.2248857678496705,24203468,23720892,2458681,IN
India,2020,0.41631538337763235,-2.4656564151891986,19126957,18718427,2063296,IN
India,2021,0.544657618789327,-1.9369143798257786,15234933,14947425,1565233,IN
India,2022,0.5407378888004309,-1.7422156328748182,12366052,12136480,1379185,IN
India,2023,0.637884503841359,-1.5162187758808463,21222142,20633076,2106808,IN
India,2024,0.4944913109114844,-1.637114993683191,18000516,17615107,2196562,IN
India,2025,0.5560296756548487,-1.6958094787028106,17560966,17192188,2136034,IN
Indonesia,1980,2.050977198697068,4.566287644514859,5120,5101,1228,ID
Indonesia,1981,1.9045610034207532,4.405736513603562,7382,7355,1754,ID
Indonesia,1982,1.2544345377756925,4.689909315607943,8782,8756,2131,ID
Indonesia,1983,1.8336433260393874,4.553342360618427,8198,8111,1828,ID
Indonesia,1984,1.38751481627815,4.723171167967347,10597,10551,2531,ID
Indonesia,1985,1.8579765062523679,4.851354998774521,11148,11013,2639,ID
Indonesia,1986,1.5748632306363366,4.279830476124177,14467,14300,3473,ID
Indonesia,1987,2.2795868347338955,3.8970271005347215,11788,11700,2856,ID
Indonesia,1988,2.2893473040820793,4.39954812099099,19657,19419,4581,ID
Indonesia,1989,2.117547111523015,4.495175953192989,13216,13063,3237,ID
Indonesia,1990,2.1981162111966053,4.6873585587756015,15750,15578,3769,ID
Indonesia,1991,1.3065303907380612,4.450750189285775,26131,25934,5528,ID
Indonesia,1992,1.2598176845943487,4.242996995391745,23878,23698,5485,ID
Indonesia,1993,1.5478306462183766,4.343030584304377,35714,35339,7629,ID
Indonesia,1994,0.6792099354476565,4.525575197930685,63615,63125,14252,ID
Indonesia,1995,0.31220714285714285,4.673072447881295,54088,53524,14000,ID
Indonesia,1996,0.637092586370162,5.141127176026441,150592,148077,32737,ID
Indonesia,1997,0.505931897879592,4.69253621086366,137610,135018,30513,ID
Indonesia,1998,0.04037541695512619,4.70725264159609,377366,373780,63556,ID
Indonesia,1999,-0.1851465110771418,4.93467058687687,533489,526648,92894,ID
Indonesia,2000,-0.5862689470697896,4.362909687974061,429816,399496,74022,ID
Indonesia,2001,-0.3898314301250679,4.569992386123716,355983,353061,68043,ID
Indonesia,2002,-0.38354580059933596,4.503668023835646,286147,284057,61735,ID
Indonesia,2003,-0.6569094340598262,4.346261857017007,406920,403791,77358,ID
Indonesia,2004,-0.4341803599374021,4.6804422830915104,249694,247920,51120,ID
Indonesia,2005,0.31908575679992957,4.89496548693737,219022,217920,45699,ID
Indonesia,2006,0.26848676854267617,4.922584259319217,285771,158490,53660,ID
Indonesia,2007,0.590623579624189,4.875194048594076,514287,387212,90205,ID
Indonesia,2008,0.3437741323767964,4.991013626408578,503732,428321,87538,ID
Indonesia,2009,0.41694382948051273,4.931258234741751,1250585,1146256,174807,ID
Indonesia,2010,0.4343622295761542,4.968678378094738,1374879,1270585,169826,ID
Indonesia,2011,0.521674233143571,5.085502135670909,1777693,1604583,208155,ID
Indonesia,2012,0.5600613759565942,4.692166826715757,1634769,1583527,207899,ID
Indonesia,2013,0.8337759343975998,2.36873642508789,1700575,1678394,210726,ID
Indonesia,2014,0.9218319833485915,2.2745844526598034,2299001,2266136,243583,ID
Indonesia,2015,0.6828449040517252,-1.8191695533264716,6393165,6278677,409237,ID
Indonesia,2016,0.4565215090692361,-2.408028735926935,4698190,4625128,378003,ID
Indonesia,2017,0.6819385684752205,-1.8806174772246624,3500196,3437781,312478,ID
Indonesia,2018,0.8946491146057337,-1.9507846527908328,3606864,3538649,267395,ID
Indonesia,2019,0.5605628261132004,-2.268121110839879,2442223,2409850,223657,ID
Indonesia,2020,0.8543954053914208,-2.330694664642998,1619473,1596322,173945,ID
Indonesia,2021,0.9662708664546895,-1.867724926358902,1618797,1598687,140896,ID
Indonesia,2022,1.6003584765721575,-0.6325085503343103,1419440,1393655,153706,ID
Indonesia,2023,1.6532387096774197,-0.32099714196239226,1839486,1798721,201500,ID
Indonesia,2024,1.493104037620932,-0.22018864566525403,1619864,1590459,193084,ID
Indonesia,2025,1.4294970768154212,-0.5246578746766986,1344049,1313419,177204,ID
Iran,1980,-0.45652277812778347,4.998699764065435,169187,168165,46031,IR
Iran,1981,-0.9963866811386158,4.466348494060096,104567,103991,28561,IR
Iran,1982,-1.4021806853582561,4.148026855791077,60150,59830,15408,IR
Iran,1983,-1.2232590789966316,4.148300013448622,42208,41988,10684,IR
Iran,1984,-1.5466522444564634,3.813315421066739,72138,71761,18490,IR
Iran,1985,-1.7289680589680594,3.581007972651194,65361,65018,16280,IR
Iran,1986,-0.7972429303236018,4.083722872330846,90268,89710,24011,IR
Iran,1987,-1.189293476032313,4.2104949381791545,186293,185033,48774,IR
Iran,1988,-0.7735931471280546,4.2230348765363095,162442,160670,41209,IR
Iran,1989,0.7219873459386316,4.9352664695173765,103484,102710,27343,IR
Iran,1990,1.1839683346033352,4.795100249505146,89937,89181,23622,IR
Iran,1991,1.162730872538975,4.8379706551066475,160587,159388,36113,IR
Iran,1992,1.163855358729164,4.5013184883720205,76698,76111,19137,IR
Iran,1993,0.5409899280575541,4.251684875913417,70675,70049,17375,IR
Iran,1994,-0.10418933623503808,4.1096414769692124,92942,91483,22056,IR
Iran,1995,1.108992166680126,4.840792546890049,98791,97251,24766,IR
Iran,1996,0.873451310355475,5.2663770691205265,223576,220237,51818,IR
Iran,1997,1.1519611076663276,5.557010708643159,336058,331329,75799,IR
Iran,1998,0.896138634785496,5.442289224805678,471231,467188,99369,IR
Iran,1999,0.5338932904430016,5.661889721493388,507393,501345,100722,IR
Iran,2000,0.6009031485914194,5.42726433241317,573236,548538,108620,IR
Iran,2001,0.8380261685802473,5.516787108824833,616287,609499,126029,IR
Iran,2002,0.9824877468572484,5.5601712886738355,450993,446880,97526,IR
Iran,2003,0.9877578220590805,5.461603139572675,756348,748523,137304,IR
Iran,2004,0.8271742198209823,5.404130901754993,497225,491977,99208,IR
Iran,2005,0.927268093204499,5.613202028729396,424420,420094,88279,IR
Iran,2006,0.7750670522551728,5.547010284824454,1274754,739700,219232,IR
Iran,2007,0.531902911218667,5.404801647412592,2182140,1610630,346075,IR
Iran,2008,0.580278058205439,5.3746638308745665,1682739,1353215,264477,IR
Iran,2009,0.28002170923040975,5.364496809042471,5069017,4536889,551839,IR
Iran,2010,0.43619952797091277,5.425851648295672,3740443,3339161,407602,IR
Iran,2011,0.07017111231999713,5.203335810397041,4097301,3742101,444854,IR
Iran,2012,0.4669462364895268,4.750945744240035,7137387,6717225,617854,IR
Iran,2013,0.8188718503538043,2.1769189728673695,7442569,7326895,685852,IR
Iran,2014,0.768530468366256,2.347073540244188,6512365,6414281,622984,IR
Iran,2015,0.8585621672025604,-1.9663265170159638,15453268,15158272,1067268,IR
Iran,2016,0.5436288744114448,-2.703213710908659,12372376,12147487,962585,IR
Iran,2017,0.3962410168656931,-2.9037596893900917,11134691,10938978,816391,IR
Iran,2018,0.5184677066972133,-3.449152254213081,12168276,11935974,846770,IR
Iran,2019,0.15171263858502465,-3.621526382887338,14094067,13898358,866616,IR
Iran,2020,-0.41290246799611985,-4.167587220079434,9042144,8901672,604458,IR
Iran,2021,0.5514998976677996,-2.982707538729271,4984699,4914962,410434,IR
Iran,2022,-0.32878631484816256,-4.099660105757211,4265284,4203056,405929,IR
Iran,2023,0.05951566167119014,-3.5051677736549185,4629970,4568031,457614,IR
Iran,2024,-0.9077096540712369,-4.3786290503786205,6242271,6153464,549882,IR
Iran,2025,0.29029957240872994,-3.3727217242363983,3813605,3749743,386825,IR
Israel,1980,-0.28055527409058667,4.890880252709411,79472,79183,19738,IS
Israel,1981,-0.3632873865338184,5.103096096511018,130887,130158,32719,IS
Israel,1982,-0.32462461444598856,4.7396207164078605,231455,229983,59006,IS
Israel,1983,0.25786410856766157,4.848109122765988,166604,165876,43991,IS
Israel,1984,0.0021080907471750774,4.6950227019784005,132897,132206,34249,IS
Israel,1985,-0.0022069557750107583,4.71718499774144,178765,177717,46580,IS
Israel,1986,-0.25737048765041165,4.525240391973726,149365,148178,39475,IS
Israel,1987,-0.5086420077179534,4.4453902047633775,153447,151876,38093,IS
Israel,1988,-1.0317279148326346,4.156537639007721,243458,241500,58614,IS
Israel,1989,-0.5896086075839087,4.290562328848288,190359,189038,45913,IS
Israel,1990,-0.5684903181862414,4.458201044270895,173247,171888,41108,IS
Israel,1991,0.5221234026611906,5.022337838497413,382019,377860,72073,IS
Israel,1992,0.29301375111754446,4.278667114391557,204928,203012,46978,IS
Israel,1993,0.47744519021294257,4.628008689545364,358297,355036,79411,IS
Israel,1994,0.589157882845697,4.761543580867422,531499,521473,115079,IS
Israel,1995,0.44278844629514147,4.761739471792979,403916,395397,94619,IS
Israel,1996,0.5321792704868872,5.041078644250912,834578,818493,165069,IS
Israel,1997,0.4370983545991442,5.0333552482937804,867511,848986,186763,IS
Israel,1998,0.6081072002931415,5.230479430857315,1089521,1079024,196492,IS
Israel,1999,0.6893948089290676,5.679923780753699,939406,918125,169021,IS
Israel,2000,0.31873803952744084,5.245060659790035,1379924,1235291,244033,IS
Israel,2001,-0.9758474356364101,4.596449614238793,1365196,1345639,250491,IS
Israel,2002,-1.2107914893617033,4.495235404121887,1112313,1102777,229125,IS
Israel,2003,-0.5929426878880878,4.8339113776947045,1142045,1130837,210165,IS
Israel,2004,-0.9718287206879348,4.614521824154519,898107,888247,170365,IS
Israel,2005,-0.13066284407526352,4.68689841096346,623688,617558,118942,IS
Israel,2006,-1.103397894652426,4.767432436355977,1898145,1148069,302658,IS
Israel,2007,-0.3009913381689952,5.153838171823579,2305133,1683891,363549,IS
Israel,2008,-0.6193252703379629,4.848601842114836,2717523,2262214,401257,IS
Israel,2009,-0.17178599517702664,5.213517788521661,6539963,5981383,769235,IS
Israel,2010,-0.08158433425883788,5.247895990356264,5271656,4775233,586707,IS
Israel,2011,-0.23318834245499948,5.3919272076240095,7733071,7327860,718436,IS
Israel,2012,-0.4834674771628678,4.482950760630583,8777638,8446067,775163,IS
Israel,2013,0.11678604172537659,2.487973330471857,7193099,7082026,784368,IS
Israel,2014,-0.6635572318902516,2.2305503769303967,14834798,14525782,1378139,IS
Israel,2015,-0.5749202750191538,-2.9160628418182606,17175278,16755689,1386642,IS
Israel,2016,-0.5104945993122839,-3.2798094669463547,18708462,18321703,1322910,IS
Israel,2017,-0.09075341823433447,-2.7647431474576427,21857505,21338959,1332925,IS
Israel,2018,-0.46975239674058916,-3.2423501469981733,24800141,24272280,1404304,IS
Israel,2019,-0.3113319207158775,-2.846689661982467,16303812,16011926,1118964,IS
Israel,2020,0.33316885418206915,-2.3880818713284606,10323945,10157679,872452,IS
Israel,2021,-0.3601437530311617,-3.100555503017205,12215004,11965027,952609,IS
Israel,2022,-0.370610101329109,-3.011934588232207,7154794,7012754,785263,IS
Israel,2023,-0.8694239956972226,-4.301795656696935,38253665,37513233,2127003,IS
Israel,2024,-1.1555215471862652,-4.658227962074366,42469711,41574473,2633013,IS
Israel,2025,-0.5119540083674071,-4.334561208863021,28928532,28176529,1855300,IS
Italy,1980,0.11489388109718252,4.806442107134837,32942,32740,8057,IT
Italy,1981,-0.062174746644754975,4.484099690504153,46258,46015,10953,IT
Italy,1982,-0.05227164362100673,4.418146649522661,58612,58245,14681,IT
Italy,1983,0.17071397725636958,4.412760840035212,55616,55397,13894,IT
Italy,1984,0.4733449609463863,4.641416707354123,51858,51482,13187,IT
Italy,1985,0.5390590120771567,4.70371419336457,63132,62823,17471,IT
Italy,1986,0.121968550562537,4.623230976130468,56554,56114,15199,IT
Italy,1987,0.8315943680312528,4.725450451705521,50451,50127,12287,IT
Italy,1988,0.8298463789319682,4.414529724199838,42868,42635,10936,IT
Italy,1989,1.4286579457364352,4.874322018259413,34048,33815,8256,IT
Italy,1990,1.671086582568808,4.9337905586694415,28595,28357,6976,IT
Italy,1991,1.4511623748211728,4.9295903649994015,55801,55370,11184,IT
Italy,1992,1.425421618562535,4.86182385691289,36002,35767,8835,IT
Italy,1993,0.591158259720961,4.941099448372018,51895,51524,12113,IT
Italy,1994,0.5381544302247258,4.763224027459559,75711,74417,16331,IT
Italy,1995,0.5728707707089421,4.847602835925648,60262,58954,14571,IT
Italy,1996,1.085839243498818,5.159990152660515,112068,109688,25380,IT
Italy,1997,1.4466107001229098,5.20044891958143,188918,186599,43121,IT
Italy,1998,1.1147023021963487,5.029302901079946,267932,266176,56685,IT
Italy,1999,1.2609166026133742,5.435188007954095,250952,248077,52040,IT
Italy,2000,1.3491791435190952,5.539086206713541,194770,185430,40141,IT
Italy,2001,0.9482714965389095,5.106745522207185,226809,224649,48973,IT
Italy,2002,0.778526539939753,5.067517156942405,168908,167410,38508,IT
Italy,2003,0.9632158682384421,5.155880356972663,230984,228787,47844,IT
Italy,2004,0.6874216620459893,5.141649991041428,190556,189017,42923,IT
Italy,2005,0.6684910810020467,5.1344113684977986,189504,187936,41036,IT
Italy,2006,0.8102499955955674,5.155551966869481,290525,171657,56761,IT
Italy,2007,0.5826734362144053,5.176081792994796,595142,448280,99662,IT
Italy,2008,0.8580490621075232,5.214774231580883,586300,499008,98732,IT
Italy,2009,0.7767055375843223,5.291910199585941,1556639,1434035,213613,IT
Italy,2010,0.7194045740575272,5.587531981766156,1386449,1292007,157803,IT
Italy,2011,0.7917604369436623,5.453484027521359,2803225,2645352,264565,IT
Italy,2012,0.871994746814663,5.04381198592323,2577939,2475514,252799,IT
Italy,2013,0.7800695654514022,2.5694155538114365,3176981,3119078,297276,IT
Italy,2014,1.0867229601518007,2.625871131074129,3153272,3087240,316202,IT
Italy,2015,1.042286710028416,-1.2890040502328166,6862489,6706680,491807,IT
Italy,2016,1.0360816436381772,-1.6660534517078558,7298553,7164526,549856,IT
Italy,2017,1.082498453372544,-1.3986234176726975,5704064,5592986,446132,IT
Italy,2018,0.9836214619015144,-1.5659957582336945,6028900,5888116,448758,IT
Italy,2019,1.1037294697680036,-1.2369727099561825,4596418,4507430,396734,IT
Italy,2020,1.0827174447971708,-2.018610323375985,4781627,4702511,369818,IT
Italy,2021,1.0200096356965498,-1.2099317995424845,3320159,3255598,269832,IT
Italy,2022,1.2143022381585795,-0.8478377362625044,2365829,2315114,224787,IT
Italy,2023,1.2159900708016103,-0.8793208008069103,3631347,3551314,329936,IT
Italy,2024,1.224605978687958,-0.6502262630188214,3071684,2985705,318137,IT
Italy,2025,1.1944110254362654,-0.48108943350370725,3459232,3360521,305559,IT
Japan,1980,1.6093078195133466,4.75195768043029,34909,34682,8466,JA
Japan,1981,1.5722001513431705,5.258791637948043,43977,43563,10572,JA
Japan,1982,0.9878777851312599,5.081307993719809,39750,39461,9066,JA
Japan,1983,1.3801868874876557,4.795624404643902,56527,56077,13163,JA
Japan,1984,1.4002392115587028,4.94151463443347,45592,45226,10451,JA
Japan,1985,1.4463659328762182,4.659844624940966,59090,58657,13855,JA
Japan,1986,1.4669507818508083,4.823576144050226,67242,66593,15604,JA
Japan,1987,1.3832827586206895,4.459746181719311,63262,62572,14500,JA
Japan,1988,1.7491962077493826,4.242721080456207,68275,67480,14556,JA
Japan,1989,1.7220302932645815,4.732091583507721,70292,69484,15515,JA
Japan,1990,1.8495404765835668,4.916079760811295,78796,77724,18171,JA
Japan,1991,2.013332495075233,5.015890277156529,124542,123008,23859,JA
Japan,1992,1.980357319119534,5.07816752485856,87996,87117,20262,JA
Japan,1993,1.584721569297833,5.355361364767263,113346,112151,23399,JA
Japan,1994,1.53923088615291,5.174866589963296,122841,121308,26316,JA
Japan,1995,0.6838955720501663,5.0121433296730435,169138,166212,39070,JA
Japan,1996,1.250067348207501,5.354997605841682,270953,265436,57908,JA
Japan,1997,1.563014358426951,5.444948150439528,349196,342569,76819,JA
Japan,1998,1.752340645161289,5.368947388344597,417650,408407,77500,JA
Japan,1999,1.725414052620595,5.559195987153316,436039,429024,81451,JA
Japan,2000,1.6448011208521771,5.475885022880637,549833,522665,97069,JA
Japan,2001,1.449040998710951,5.380956661608806,582505,577252,115589,JA
Japan,2002,1.5773756858368868,5.464851353141752,360344,356732,75273,JA
Japan,2003,1.7218761087064502,5.542909053823337,626522,621109,112744,JA
Japan,2004,1.3835035141227952,5.3332326222599775,445141,441443,90492,JA
Japan,2005,1.2736712567761228,5.364203341701925,303816,301204,64196,JA
Japan,2006,1.4112444763532297,5.619428652268023,536380,306649,98893,JA
Japan,2007,1.2544923193063926,5.558711357884514,1106254,807181,174854,JA
Japan,2008,1.3089403014469925,5.469207679932634,1127768,956233,172634,JA
Japan,2009,1.64241036006764,5.743367071457679,2223139,2056966,278531,JA
Japan,2010,1.4271240407319952,5.605872980102827,2564102,2404005,271040,JA
Japan,2011,1.5003550211265368,5.406632393275172,4443760,4263281,377724,JA
Japan,2012,1.3463441747602711,5.112862834105431,3369737,3245181,324742,JA
Japan,2013,1.4583085488375462,2.584172809093991,3138432,3091690,330860,JA
Japan,2014,1.4513236320320728,2.5884637990971786,4598206,4520995,449974,JA
Japan,2015,1.331998436465925,-0.5404065364492278,8879306,8650392,644697,JA
Japan,2016,1.3049120104253646,-0.9973964354169271,9569363,9340671,680268,JA
Japan,2017,1.2189716832366435,-0.9274176520044626,8739594,8576712,620198,JA
Japan,2018,1.3982947799850272,-0.7050325171685473,6871402,6710012,528964,JA
Japan,2019,1.4062680961095781,-0.8692800417497483,7133663,6992352,542591,JA
Japan,2020,1.2555264012724592,-1.5419957127779476,4711117,4623112,357104,JA
Japan,2021,1.2949775025212698,-0.9778350170933134,3861134,3798777,309374,JA
Japan,2022,1.2539038034916248,-0.8732604015957901,3661502,3590916,311030,JA
Japan,2023,1.5462774105909614,-0.4455570676880577,5257975,5123004,438015,JA
Japan,2024,1.419609553931727,-0.29433053174120777,3824404,3710905,366760,JA
Japan,2025,1.432129145061376,-0.1599398436952162,3300074,3207891,332866,JA
"Korea, South",1980,-0.6182283252557892,4.710858895166472,19903,19764,3714,KS
"Korea, South",1981,0.2774837310195226,5.316599329099396,12238,12132,2305,KS
"Korea, South",1982,0.12587890624999998,4.598562000004456,15192,15090,3072,KS
"Korea, South",1983,0.20296756383712905,4.542966317114069,27393,27230,5796,KS
"Korea, South",1984,0.7212612612612617,4.8353038892123426,23882,23689,4995,KS
"Korea, South",1985,0.5729574611748819,5.139975188643274,30392,30164,5924,KS
"Korea, South",1986,-0.3209302325581395,4.9469180801235275,30441,30118,6106,KS
"Korea, South",1987,-1.1926543592925851,5.292043470499795,74450,73641,12892,KS
"Korea, South",1988,-0.39273931855056776,5.045889928780687,41267,40879,7396,KS
"Korea, South",1989,-0.4985012066556589,4.388731149843542,42463,41857,7873,KS
"Korea, South",1990,0.9351420838971586,4.919096053567228,36634,36286,7390,KS
"Korea, South",1991,0.6338581897405429,4.863696833105846,62657,62260,10098,KS
"Korea, South",1992,1.6716608084358522,5.41201316345192,33259,32823,6828,KS
"Korea, South",1993,1.1917832388153753,4.862150953958545,39218,38600,7935,KS
"Korea, South",1994,1.1911669417446054,5.019775437762147,74523,73462,16359,KS
"Korea, South",1995,1.07780275166871,5.347144188259812,67821,66085,14682,KS
"Korea, South",1996,0.9190868136706979,5.403098650059941,148958,146069,29523,KS
"Korea, South",1997,1.4114033251947433,5.850819490698436,219194,213483,43005,KS
"Korea, South",1998,1.6458347363458818,5.690885250693274,260527,257466,44547,KS
"Korea, South",1999,1.252572011463545,5.548446296082696,220387,217272,41174,KS
"Korea, South",2000,1.9531164314237879,6.117112342273013,302423,288613,54341,KS
"Korea, South",2001,1.7556679268456505,5.80560867027228,265660,263047,52109,KS
"Korea, South",2002,1.6007462295768742,5.480883547765303,190715,189380,38192,KS
"Korea, South",2003,1.681094683862849,5.666249401444631,345500,343192,60401,KS
"Korea, South",2004,1.6645939655356499,5.401584754295101,252528,250757,46831,KS
"Korea, South",2005,1.6770838035662468,5.5997118544075635,151884,150549,31013,KS
"Korea, South",2006,1.3323325890373943,5.555361851330416,244899,117383,45233,KS
"Korea, South",2007,1.4938673968771856,5.5480423062685436,551896,350785,85820,KS
"Korea, South",2008,1.1764876290803246,5.359934308711259,472094,353470,72145,KS
"Korea, South",2009,1.3703935575209798,5.481339002938053,1484915,1301371,185767,KS
"Korea, South",2010,0.9836627565232944,5.302840276847759,2029802,1847043,195645,KS
"Korea, South",2011,1.292474602849935,5.661792525714614,1679505,1544758,176004,KS
"Korea, South",2012,1.1456463547991071,5.226495114439089,1625529,1531141,149059,KS
"Korea, South",2013,1.1867021708610346,2.42965898439814,1652010,1629188,172422,KS
"Korea, South",2014,1.0747251443017134,2.3385986746160694,3121182,3067684,252769,KS
"Korea, South",2015,1.207007121348404,-1.0934900977269029,4734985,4626665,313424,KS
"Korea, South",2016,0.8198765582332614,-1.8398109376597105,5935599,5806684,380584,KS
"Korea, South",2017,0.6381608831021797,-2.0721976556289214,7539312,7410943,441625,KS
"Korea, South",2018,1.5655084045118255,-0.9257453106375587,6159878,6024937,376167,KS
"Korea, South",2019,1.4539056640009271,-1.03435218169993,3615695,3547045,275971,KS
"Korea, South",2020,1.1215207230290347,-1.9859603364076521,2807173,2746239,199826,KS
"Korea, South",2021,1.462973244917504,-0.9384048562401512,2131016,2082920,164985,KS
"Korea, South",2022,1.1642099131132495,-1.0960151275709067,2290051,2230838,181961,KS
"Korea, South",2023,1.3470844346492619,-0.860135121578347,3007916,2934591,259538,KS
"Korea, South",2024,1.0722273140314595,-1.3074348420225042,3153792,3079162,255313,KS
"Korea, South",2025,1.2162216770740417,-1.1081877292556739,2549504,2484443,224200,KS
Mexico,1980,1.3391484084332363,4.5250653578629185,9606,9577,2419,MX
Mexico,1981,0.9661382954284403,5.089111345352732,16482,16355,4353,MX
Mexico,1982,0.4277811275248717,4.698203218175352,24740,24619,6634,MX
Mexico,1983,0.7079308288610616,4.775432406222575,32904,32744,8385,MX
Mexico,1984,0.8814143515079489,4.828912694390194,26123,26002,6731,MX
Mexico,1985,-0.03245327102803739,4.537411513302465,32214,32044,8560,MX
Mexico,1986,0.687320099255583,4.642645443999888,30469,30326,8060,MX
Mexico,1987,1.323288372887144,4.531291801129754,23941,23812,5857,MX
Mexico,1988,0.2641854636591477,4.453484771907985,32893,32612,7980,MX
Mexico,1989,0.19193218357205497,4.474306641868915,28071,27897,6842,MX
Mexico,1990,0.3684290540540542,4.745582712326559,23369,23181,5920,MX
Mexico,1991,1.0141698473282448,5.079220143030943,35756,35480,6288,MX
Mexico,1992,0.9292498152254245,4.841829557884006,22910,22667,5412,MX
Mexico,1993,0.344984416483897,5.313859433020882,35656,35416,8663,MX
Mexico,1994,-0.3937402527561175,5.2761670371818115,87062,85939,18595,MX
Mexico,1995,-0.35118487012000615,5.0093527326253735,56344,55503,13166,MX
Mexico,1996,0.317201821964798,5.433734830164347,75755,74991,17783,MX
Mexico,1997,0.21344120328167723,5.375311863192043,87216,86051,21940,MX
Mexico,1998,-0.09582468994129846,4.949752330806342,122920,120632,22657,MX
Mexico,1999,0.23776401534408648,5.314593726967604,111826,110084,21637,MX
Mexico,2000,0.6493782608695653,5.739251735881377,110229,103994,23000,MX
Mexico,2001,0.9842725156922207,6.009228051498472,115152,114153,28358,MX
Mexico,2002,0.7170227366302205,5.7500034756911464,83064,82564,21859,MX
Mexico,2003,0.5876597996905795,5.598526162037922,106751,106059,24562,MX
Mexico,2004,0.5242192796131419,5.633528350648734,91672,91077,22127,MX
Mexico,2005,-0.19725702072077422,5.242565630960503,73198,72788,16843,MX
Mexico,2006,-0.14548897303924657,5.179209760411393,189015,120926,35912,MX
Mexico,2007,0.17884487559507772,4.932188505278786,326061,269759,55665,MX
Mexico,2008,-0.07814074961418509,4.559456012434313,581240,514667,92661,MX
Mexico,2009,0.16067236002340338,4.7407150532671425,1620922,1500067,186299,MX
Mexico,2010,-0.7296800237702484,4.640519059827926,2112569,2015457,195202,MX
Mexico,2011,-0.5952051167523911,4.737831300925848,2395793,2317020,217169,MX
Mexico,2012,0.10908142996867579,4.870829404451296,2651516,2574954,232089,MX
Mexico,2013,0.3719355241784331,2.3627948849949156,2026549,1992686,208082,MX
Mexico,2014,0.017913255254482268,2.1690957093598735,3028519,2968706,303033,MX
Mexico,2015,0.09700064708863022,-1.99658459808706,5850481,5726347,400254,MX
Mexico,2016,0.3298960773995162,-2.219835361105083,8045319,7860733,533053,MX
Mexico,2017,0.4967207719197824,-2.1329476885309604,7718775,7564266,489180,MX
Mexico,2018,0.6116081050046818,-2.2738682376090518,8752522,8510237,509463,MX
Mexico,2019,0.34215012939289374,-2.8354616311746526,8022916,7849809,475683,MX
Mexico,2020,0.40705722885562157,-2.531026749987611,3265088,3192149,250835,MX
Mexico,2021,0.5888958762100768,-2.3581130954477594,3432084,3364559,262385,MX
Mexico,2022,0.2734199334319525,-2.4316724740156515,2414438,2354449,216320,MX
Mexico,2023,0.2865636417429832,-2.49144225819663,3578915,3511828,290679,MX
Mexico,2024,0.2561483898589464,-2.3089636512191665,2792844,2740520,259263,MX
Mexico,2025,0.3596400664973241,-2.5778989563363663,2724672,2672186,268884,MX
Nigeria,1980,1.848709500274573,4.975309340095219,7732,7704,1821,NI
Nigeria,1981,1.609655751469353,4.765776131345391,10019,9851,2382,NI
Nigeria,1982,1.0627898805340839,4.694861988871856,13321,13275,2846,NI
Nigeria,1983,0.5787164374590705,4.678988432861681,13795,13756,3054,NI
Nigeria,1984,0.14284529240978838,4.021864102568819,20482,20427,4822,NI
Nigeria,1985,0.5600186104218358,3.9617500251725013,15350,15246,3224,NI
Nigeria,1986,0.586985645933014,4.00798168652129,14577,14475,3135,NI
Nigeria,1987,1.1910792629423805,3.6376508082282384,17206,16939,3419,NI
Nigeria,1988,1.4684295612009237,3.582111425759249,21720,21455,4330,NI
Nigeria,1989,1.6447217369603195,3.3987547332492594,21479,21257,4007,NI
Nigeria,1990,1.1437549407114622,3.5048261058542307,25130,24819,5060,NI
Nigeria,1991,1.07896138482024,3.9755045158991926,27949,27741,5257,NI
Nigeria,1992,1.3384041518001946,3.876821408352817,28871,28571,6166,NI
Nigeria,1993,0.6359231682313587,4.649150353502714,51104,50622,9267,NI
Nigeria,1994,0.39503361721201263,4.509417617195741,55075,54183,11155,NI
Nigeria,1995,0.0969667238982912,4.916293134317663,56123,55139,12231,NI
Nigeria,1996,0.23904670197400119,4.980698362795073,70553,69462,14539,NI
Nigeria,1997,0.22252299883684032,4.690500706301307,90327,89433,18914,NI
Nigeria,1998,0.6709987147501321,5.382153949246328,211130,209657,39681,NI
Nigeria,1999,0.4023293928932592,5.615559318196548,293304,290296,57354,NI
Nigeria,2000,0.5024536910863583,5.577748081463413,552933,540275,113747,NI
Nigeria,2001,0.5044906257058956,5.649034163078801,488441,483586,110675,NI
Nigeria,2002,0.4229271993608208,5.842890382038646,628334,622252,148941,NI
Nigeria,2003,0.5630002895318817,6.017328360997618,725623,718586,162331,NI
Nigeria,2004,0.5444052388478456,5.997428977991999,674297,666851,163242,NI
Nigeria,2005,0.880678738512317,6.2005942851151215,542351,536251,132098,NI
Nigeria,2006,0.5484800864014757,5.941619826934399,691631,295813,164812,NI
Nigeria,2007,0.007708142479926689,5.407215852313251,502846,384940,92785,NI
Nigeria,2008,0.2606990500483772,5.391281670823547,466617,424961,90952,NI
Nigeria,2009,0.5052703278809383,5.8408529756630845,1785208,1677939,311973,NI
Nigeria,2010,0.41816472645788916,5.844157768662438,1783236,1654147,274455,NI
Nigeria,2011,0.07698890337052973,5.832963956369377,2528067,2407940,385162,NI
Nigeria,2012,-0.23310736399522705,5.059110663331524,3569115,3440009,478531,NI
Nigeria,2013,0.19367004715055897,2.723682479487581,3477791,3429000,514525,NI
Nigeria,2014,-0.013611676511833566,2.670878576654593,7283827,7184627,903489,NI
Nigeria,2015,0.1568415603069422,-1.7174485445140648,14483678,14201796,1581971,NI
Nigeria,2016,0.2517074339478246,-2.399903846163975,14734657,14456345,1716905,NI
Nigeria,2017,0.3889324532172835,-2.06700069496911,13788889,13489981,1600698,NI
Nigeria,2018,0.2588284944010614,-2.056572586250756,12337024,12057530,1562707,NI
Nigeria,2019,0.23560750789600282,-2.015423606066706,9883535,9721830,1378229,NI
Nigeria,2020,0.11782590145641691,-2.4893886573732766,8613211,8468891,1188329,NI
Nigeria,2021,-0.04536844449412763,-2.3545079554105417,7723487,7595200,1136087,NI
Nigeria,2022,0.30562406341754667,-1.6064879495011137,6160760,6060718,984974,NI
Nigeria,2023,0.5106205024593908,-1.2162961414074835,8818150,8668097,1304191,NI
Nigeria,2024,0.5228088423062485,-1.44777962103703,8445063,8289325,1275822,NI
Nigeria,2025,0.3774653842618511,-1.5256197103464348,7047767,6928183,1196711,NI
Norway,1980,1.2337796086508748,4.9385774138316245,3773,3743,971,NO
Norway,1981,0.8209163346613545,5.270975014546155,3810,3798,1004,NO
Norway,1982,1.7750682438580525,4.557097339380623,4414,4387,1099,NO
Norway,1983,1.2543124999999995,5.149683083580862,6684,6653,1600,NO
Norway,1984,0.11272860277980973,4.639307006656316,4882,4860,1367,NO
Norway,1985,0.46651982378854595,5.1090088103117886,5732,5718,1589,NO
Norway,1986,1.2627934978928352,4.947546011125367,6529,6512,1661,NO
Norway,1987,1.346678424456201,4.421968588260184,6714,6705,1701,NO
Norway,1988,1.42258064516129,4.277636934379026,6483,6456,1705,NO
Norway,1989,1.5064109301103517,4.600668735895254,7403,7331,1903,NO
Norway,1990,1.3582794307891328,4.823080285742186,6078,6029,1546,NO
Norway,1991,1.927704485488127,6.00599538365483,9081,8950,1895,NO
Norway,1992,2.322440273037542,5.324981746198286,4952,4907,1172,NO
Norway,1993,1.7631560283687948,5.074070587427639,11423,11340,2820,NO
Norway,1994,1.6580390259635536,5.326303566884363,26926,26602,6201,NO
Norway,1995,0.698215281650865,4.968767213809243,20162,19923,5379,NO
Norway,1996,1.777157745144481,5.7849274530619565,44685,43896,10555,NO
Norway,1997,1.8325736738703342,5.920101521059083,41243,40875,10180,NO
Norway,1998,1.700998052580332,5.806627151481054,55347,55045,12324,NO
Norway,1999,1.7820821482902305,5.784975726417553,71399,69982,15119,NO
Norway,2000,1.7552430580341212,5.626550945899538,68484,64256,14009,NO
Norway,2001,1.5197669521269124,5.7563827063536985,67346,66880,14246,NO
Norway,2002,2.0625955898730397,5.986357354755837,55807,55362,13469,NO
Norway,2003,1.588308066361556,5.900610388315349,67970,67520,13984,NO
Norway,2004,1.2721820755419797,5.833186927945949,60968,60521,13423,NO
Norway,2005,1.5029940119760483,5.875091206657842,43069,42754,9519,NO
Norway,2006,1.02589881243917,5.251021371627063,97098,50997,18441,NO
Norway,2007,1.0787076271186427,5.876570323371511,337917,308593,20768,NO
Norway,2008,1.2333437611726854,5.6483212353357075,125082,106646,22376,NO
Norway,2009,1.5298311232007251,6.18106817987012,342351,319159,44115,NO
Norway,2010,1.5123560977847086,6.493574624028194,351610,328211,43606,NO
Norway,2011,0.30224307986000615,5.553717443443428,1074953,1029110,75432,NO
Norway,2012,0.9053105028680412,5.467473870782696,809159,778017,70257,NO
Norway,2013,1.3466985070638922,2.6902381016205865,495476,488458,59884,NO
Norway,2014,1.537727494465083,2.7421591300734147,683388,672221,79947,NO
Norway,2015,1.279773232759312,-1.0762648024439843,1397087,1370561,119594,NO
Norway,2016,1.287186637248391,-1.4066247736417612,1688555,1659049,144521,NO
Norway,2017,1.4820712029369079,-0.8707787039211347,1289485,1262231,117130,NO
Norway,2018,1.3971791242734175,-0.7923583966209865,1237103,1208134,112341,NO
Norway,2019,1.2162685392364092,-1.277643057492535,1316612,1294599,113071,NO
Norway,2020,1.3941253768261572,-1.2045843717872668,818772,806940,77622,NO
Norway,2021,1.317959381612979,-1.1598968775141092,764255,750869,68048,NO
Norway,2022,1.4706939135954082,-1.1473063698915518,858013,837875,72473,NO
Norway,2023,1.628637037218474,-0.8215412951704432,694327,681537,81655,NO
Norway,2024,1.5422958951379058,-0.6363869501410543,745719,732692,83462,NO
Norway,2025,1.5723460184611673,-0.4403838719942731,561672,546114,66193,NO
Pakistan,1980,0.7442410373760489,4.710998154715106,25447,25404,6555,PK
Pakistan,1981,0.9601188065343593,4.749096156965518,30435,30286,7407,PK
Pakistan,1982,1.3151866151866154,4.996338016194503,19388,19286,4662,PK
Pakistan,1983,-0.4883082077051923,4.078072236208767,27307,27150,5970,PK
Pakistan,1984,-0.06784147411523835,4.308277826917676,30406,30256,6838,PK
Pakistan,1985,0.001408768173109458,4.18111394807264,40290,40056,8873,PK
Pakistan,1986,-0.34890434220101885,4.002889368498368,55725,55234,12367,PK
Pakistan,1987,-0.008080234648500335,3.8166481786078097,46328,46014,10569,PK
Pakistan,1988,0.7519255759007683,4.519161235532385,71557,70799,16930,PK
Pakistan,1989,0.6626344303388046,3.9844164213375515,53763,53249,12367,PK
Pakistan,1990,0.03830323028829454,3.8613677933292605,54489,53947,11516,PK
Pakistan,1991,0.47620894341115927,4.068991808672486,64590,63998,12635,PK
Pakistan,1992,1.0795435203094774,4.362425498712642,58914,58403,12925,PK
Pakistan,1993,0.33064879610959536,4.607993215241389,81819,80893,16862,PK
Pakistan,1994,0.0847937245787333,4.144881735717971,84353,83235,17210,PK
Pakistan,1995,-0.7521468461045502,4.277007647656018,98955,97554,21846,PK
Pakistan,1996,0.10227979274611394,4.855330936253971,158574,155533,32810,PK
Pakistan,1997,0.4813330444829577,5.1600343204556145,268600,263667,55392,PK
Pakistan,1998,0.4559098433293761,4.991143347415101,320043,317022,59807,PK
Pakistan,1999,-0.0021500296631583697,5.108380972368835,501958,494534,91022,PK
Pakistan,2000,-0.10633867494299472,5.041247635518567,347199,328460,63152,PK
Pakistan,2001,0.028498082737261274,5.2086131751069376,515450,511072,108488,PK
Pakistan,2002,-0.7727184179720661,4.601806527885789,519766,515930,111907,PK
Pakistan,2003,-0.3807740094795456,4.834745049856178,546566,542556,108655,PK
Pakistan,2004,-0.4044940488796647,4.782822846590334,456009,452182,94436,PK
Pakistan,2005,-0.11961096938775514,4.914976299898725,323111,320099,68992,PK
Pakistan,2006,-0.6590476823828206,4.643442550548981,814669,543541,150370,PK
Pakistan,2007,-0.9176641209951717,4.800967495874915,2447422,1861068,347518,PK
Pakistan,2008,-0.7749064728030122,4.79014769979232,3237241,2797625,499320,PK
Pakistan,2009,-0.9911128598473024,4.760501560818931,6793579,6284748,848867,PK
Pakistan,2010,-0.6930398876025111,4.929972022612927,5451040,5029183,607131,PK
Pakistan,2011,-0.8846182435731884,4.9383710399822265,6812857,6387753,737224,PK
Pakistan,2012,-0.6039058778455347,4.587999522487783,7028890,6687273,783025,PK
Pakistan,2013,-0.6081602535205421,2.2880313726147907,7129830,7055649,818599,PK
Pakistan,2014,-0.6900810955956151,2.247757477778872,9577296,9445354,1037174,PK
Pakistan,2015,-0.43240207597783453,-2.6940792552938384,14291499,13875750,1295777,PK
Pakistan,2016,-0.401873452132318,-3.425820172936486,16204669,15867660,1492432,PK
Pakistan,2017,-0.2952162728675224,-3.1667303068217536,11351549,11120673,1142122,PK
Pakistan,2018,-0.029555319114606148,-2.70253702274706,10684156,10434800,1053589,PK
Pakistan,2019,0.09751269274660324,-2.738478216926625,10933670,10710047,1040161,PK
Pakistan,2020,0.07919288082015687,-2.9899341495322695,6321644,6199584,650413,PK
Pakistan,2021,0.22887263311929937,-2.49132186732972,6001376,5915798,634169,PK
Pakistan,2022,0.04094955391362366,-2.789128023700464,5672944,5566013,604031,PK
Pakistan,2023,-0.10822315503195844,-2.9328619515004157,7029308,6891097,719213,PK
Pakistan,2024,-0.039142390405462156,-2.6679524260102907,5787824,5661917,736419,PK
Pakistan,2025,-0.0709263432175218,-3.0915236221841345,5866480,5767932,780607,PK
Poland,1980,1.3724226804123707,5.818435112503177,62994,62543,13580,PL
Poland,1981,0.9168199509874583,5.9820498568852845,168566,167232,34685,PL
Poland,1982,0.6689199282939945,5.70546883421046,131047,129705,26776,PL
Poland,1983,1.1251485722568488,5.707552816511589,104900,103798,20697,PL
Poland,1984,0.7137668787831755,5.470844856704575,91711,90904,19329,PL
Poland,1985,0.5131284737749956,5.4580312998992815,73447,72845,15653,PL
Poland,1986,1.4585318235064426,5.8602225307188,59591,58939,12805,PL
Poland,1987,1.548959889667854,5.440901173922877,79790,78852,17402,PL
Poland,1988,1.2592929555497785,5.512315729300476,74395,73680,15388,PL
Poland,1989,1.5483155610078319,6.006319530852779,101946,101077,21194,PL
Poland,1990,1.7974365768033382,5.452174242932359,66122,65620,15097,PL
Poland,1991,1.989752261108926,5.121611518228398,64583,63811,12715,PL
Poland,1992,1.7839235787511658,5.04746811616335,49988,49471,10730,PL
Poland,1993,1.552492793850753,5.403428202589824,46635,46224,9367,PL
Poland,1994,1.7548199266767304,5.508297606846921,64872,64339,13911,PL
Poland,1995,1.4724844956334637,5.419959962190912,72015,70708,15802,PL
Poland,1996,1.8335922697991656,5.641303159880426,102381,101064,21112,PL
Poland,1997,2.027343042296703,5.886331799995584,144507,142759,28702,PL
Poland,1998,1.7395781363478484,5.478272668140405,166429,164982,31669,PL
Poland,1999,1.4596513714432202,5.51231124755084,168782,166841,31208,PL
Poland,2000,1.3814734074952708,5.823229107977222,183674,177773,31193,PL
Poland,2001,1.3474535054971408,5.507958977575737,169459,166882,29197,PL
Poland,2002,1.6857155461443432,5.264151317660013,120400,119011,22668,PL
Poland,2003,1.663818688439606,5.482734419512974,187354,184773,30864,PL
Poland,2004,1.2761991944342732,5.36461840646669,137867,136358,27310,PL
Poland,2005,1.252547357495026,5.404866152863568,106170,105149,23122,PL
Poland,2006,1.255267672074905,5.328355257296304,143212,62540,27982,PL
Poland,2007,1.1065042221406345,5.2987791405360944,292514,180197,51751,PL
Poland,2008,1.5563203338290463,5.42146161303969,265186,196822,45053,PL
Poland,2009,1.2111389557317995,5.210266058305593,462785,405420,70231,PL
Poland,2010,1.0762157978471814,5.309325475542447,498355,439642,69769,PL
Poland,2011,1.2609424111311291,5.568026501119875,652293,603077,76039,PL
Poland,2012,1.0934611617800087,5.096236259835526,586431,557663,65348,PL
Poland,2013,1.1539368611584326,2.4992933949040914,689524,679217,75136,PL
Poland,2014,1.210249659168371,2.443301689639612,1159126,1139719,117360,PL
Poland,2015,0.8277325008631441,-1.3991507251837356,2167548,2139026,156326,PL
Poland,2016,0.9069249312407726,-1.7700256111639074,3566238,3474925,212398,PL
Poland,2017,0.8150202706714964,-1.6383609952257487,3007749,2929858,185246,PL
Poland,2018,0.7828653682324256,-1.9979026675024854,2473060,2429955,170205,PL
Poland,2019,0.8957123209016011,-1.8221371648382685,1806304,1771482,149788,PL
Poland,2020,0.7184356410824988,-2.2021737445492904,1210445,1190355,103724,PL
Poland,2021,0.42696465432948244,-2.930059998210871,1342275,1323609,110452,PL
Poland,2022,1.1943442761909462,-2.3330645813457456,2209887,2182701,182859,PL
Poland,2023,0.9632025153370137,-1.9012902973692813,1363532,1340568,149801,PL
Poland,2024,0.8115912705285868,-1.8674217845931615,1107749,1085366,127018,PL
Poland,2025,0.564776426246359,-1.916449443101256,1153721,1137287,128430,PL
Russia,1980,0.6609799266134252,5.1215670507638755,157453,156458,46330,RS
Russia,1981,0.7393447586749837,5.574037482016162,170233,169260,49539,RS
Russia,1982,0.7373920100528822,5.4436698233444725,134901,134134,38198,RS
Russia,1983,0.25955416458661357,5.080838705684046,186036,184763,52082,RS
Russia,1984,0.8311483272712737,5.296609620816902,174042,172837,50038,RS
Russia,1985,1.0266161218796939,5.557940332425318,247970,246009,69905,RS
Russia,1986,1.2713470014692136,5.053958780898294,211653,209733,59896,RS
Russia,1987,1.539908834382463,5.146933747291422,253920,251448,69105,RS
Russia,1988,1.5956546862359884,5.046312749000101,279980,277663,77877,RS
Russia,1989,1.4040073788562775,5.040300092974246,239710,238000,66677,RS
Russia,1990,1.4439454003598744,4.961936918316654,260957,258457,71136,RS
Russia,1991,1.7135409163942605,5.139562152024648,479463,474252,108294,RS
Russia,1992,1.6792633344706016,4.839492992688952,294802,291818,70344,RS
Russia,1993,1.1796987779846935,4.831727082547794,350291,346589,73567,RS
Russia,1994,1.2753613598874214,4.907082576370336,484260,475591,107303,RS
Russia,1995,0.6169379729581523,4.644474008799353,550629,540282,127654,RS
Russia,1996,1.063816901141046,4.977288099497162,1011603,992498,210684,RS
Russia,1997,1.7071963804389678,5.280780201526457,1238801,1221081,259700,RS
Russia,1998,1.4206803218208137,5.139897316237199,1479032,1465441,281896,RS
Russia,1999,0.7629852582245856,4.917655171483616,2054995,2018447,359319,RS
Russia,2000,0.5482653777437468,4.886197003502853,1738325,1650764,313440,RS
Russia,2001,0.8834233134594625,5.018732718529747,1576605,1557134,298214,RS
Russia,2002,0.770980308914056,4.903202126406118,1173431,1161594,240261,RS
Russia,2003,0.9966736277938822,5.199875972632504,1464740,1450309,273902,RS
Russia,2004,0.7146018673775346,4.968077856523746,1117757,1106443,222451,RS
Russia,2005,0.5225288773914089,4.902578386297028,609859,603845,132976,RS
Russia,2006,0.6636312483325649,4.9752464668441005,1038041,555981,206155,RS
Russia,2007,0.6195177401155065,5.12384439908442,2080195,1472127,359806,RS
Russia,2008,0.7855016612271775,5.200962683199797,2437783,1915992,408433,RS
Russia,2009,0.9177273833929055,5.112737285642092,4106939,3582704,566818,RS
Russia,2010,0.87453176657004,5.1945837744122825,4564282,4061610,540222,RS
Russia,2011,0.843175886779296,5.2353009651129865,5063333,4548608,590846,RS
Russia,2012,0.6662586084682858,3.968656602842252,7399584,6889104,788613,RS
Russia,2013,0.8042040421260599,1.7342811371301623,8811620,8607231,1004271,RS
Russia,2014,0.35949927644166735,2.073911348037131,15060108,14866424,1321262,RS
Russia,2015,0.4166844601023705,-2.2510549627211147,17545689,17211291,1412529,RS
Russia,2016,0.3944605662645539,-2.8198972619167453,20730180,20386770,1609309,RS
Russia,2017,0.5539074895062419,-2.573647192728987,31331502,30651182,1789406,RS
Russia,2018,0.33306605538922085,-2.966095489650619,27400032,26759136,1603206,RS
Russia,2019,0.646818050914139,-2.6124739699118935,16896002,16564536,1218803,RS
Russia,2020,0.5112951878482073,-3.0821033565336458,9271577,9130942,782042,RS
Russia,2021,0.5497217857094053,-2.7536086272883225,8847535,8687755,731813,RS
Russia,2022,-0.18452316879180017,-3.453455632355025,26724891,26380428,1839425,RS
Russia,2023,-0.29109140200126077,-3.288596152210986,16992957,16749870,1465880,RS
Russia,2024,-0.4490782886230668,-3.3505596220857097,12645615,12463733,1191859,RS
Russia,2025,0.23918793143926137,-2.7243287758964603,11105650,10930395,1077645,RS
Saudi Arabia,1980,1.3569132653061222,5.121069010790016,14542,14533,3920,SA
Saudi Arabia,1981,1.5825337680484397,5.564354662633934,32533,32383,8588,SA
Saudi Arabia,1982,1.938570364854803,5.125732064393217,18853,18752,5372,SA
Saudi Arabia,1983,1.9422005842259005,4.483170531669515,18053,17970,5135,SA
Saudi Arabia,1984,1.0033696215655776,4.3153814428803035,21310,21252,5787,SA
Saudi Arabia,1985,1.9964107676969103,4.0897764212531715,15395,15328,4012,SA
Saudi Arabia,1986,1.5904818560380725,4.314884319751736,20496,20416,5043,SA
Saudi Arabia,1987,0.01429101707498143,4.313431888916271,31120,30906,8082,SA
Saudi Arabia,1988,1.1132251381215477,4.218448112346467,22998,22780,5792,SA
Saudi Arabia,1989,0.6625745126470116,4.140909993146298,23690,23608,6207,SA
Saudi Arabia,1990,1.3047140794677041,4.437922483977262,62764,62270,15931,SA
Saudi Arabia,1991,0.8390844029100375,4.4981920245661975,77783,77038,16907,SA
Saudi Arabia,1992,1.8173246800072114,4.658377705233859,21539,21345,5547,SA
Saudi Arabia,1993,1.021299254526092,4.538690122727027,23515,23397,5634,SA
Saudi Arabia,1994,1.6752306049130992,4.598245219697768,41503,40968,10299,SA
Saudi Arabia,1995,1.0637755102040816,4.676503410447624,42313,41776,11368,SA
Saudi Arabia,1996,0.8027795004792239,5.028259248513478,73713,72407,17737,SA
Saudi Arabia,1997,1.0275682166369917,5.157102769048257,96737,94772,24151,SA
Saudi Arabia,1998,1.5312648468430925,5.716318325484719,106378,105543,23995,SA
Saudi Arabia,1999,1.343658115811581,5.85662429402942,123350,121630,26664,SA
Saudi Arabia,2000,1.291824741501153,5.475996400853786,130171,122411,26886,SA
Saudi Arabia,2001,0.8536633384896639,5.42970561721325,148902,147895,35555,SA
Saudi Arabia,2002,1.2085534306940469,5.900426373185501,138241,137393,35401,SA
Saudi Arabia,2003,0.1292321098382606,5.281291521692145,228759,227415,47051,SA
Saudi Arabia,2004,-0.60995085995086,4.904083994408202,187270,185313,38258,SA
Saudi Arabia,2005,0.1500182415176942,5.218076455639101,111626,110362,24669,SA
Saudi Arabia,2006,1.2225143638850888,5.53121011736514,179127,107284,36550,SA
Saudi Arabia,2007,1.2081734830534667,5.668781542987244,530362,391813,97070,SA
Saudi Arabia,2008,1.3593270851031236,5.596934420623308,413650,355415,71807,SA
Saudi Arabia,2009,0.9699358529684561,5.514529541870706,849536,772597,128299,SA
Saudi Arabia,2010,1.0064235959081331,5.702189055455196,1077242,1011388,125615,SA
Saudi Arabia,2011,0.2907926803499232,5.665177410781543,2235954,2142410,212961,SA
Saudi Arabia,2012,0.7124989861302619,5.366430502599452,1623098,1556122,184935,SA
Saudi Arabia,2013,0.699737294075473,2.6092958082787687,1575074,1556572,186904,SA
Saudi Arabia,2014,0.7234240651599857,2.571392469608908,2676362,2641058,277962,SA
Saudi Arabia,2015,0.0404601915139498,-2.3456854246728795,7817067,7662856,582633,SA
Saudi Arabia,2016,0.1348462832308107,-2.9534347773116965,7688970,7544635,609009,SA
Saudi Arabia,2017,0.7026783060781502,-2.221171097163353,6588649,6469168,531642,SA
Saudi Arabia,2018,0.08863947278064735,-2.4092381495306543,8789016,8620222,556278,SA
Saudi Arabia,2019,0.3587289172240993,-2.4239618599267563,5693781,5610763,439814,SA
Saudi Arabia,2020,0.7248930368854771,-2.1178522243132307,2532484,2495216,230687,SA
Saudi Arabia,2021,0.9245378972120266,-1.1746501798170583,1925775,1898790,198603,SA
Saudi Arabia,2022,1.4027296457300733,-0.4143535541028107,1815453,1782063,196912,SA
Saudi Arabia,2023,1.9616197330578287,-0.3064903976379154,2664294,2619734,286504,SA
Saudi Arabia,2024,1.8343677680819113,-0.14877087430045136,1408613,1383251,177166,SA
Saudi Arabia,2025,2.018923575421182,-0.06247050735842365,1746936,1713460,204306,SA
South Africa,1980,-0.8699533022014679,4.48016630586367,29848,29741,7495,SF
South Africa,1981,-0.9559530841279222,4.314402742688831,43659,43417,11851,SF
South Africa,1982,-0.732756644085461,4.279063738024905,35349,35202,9595,SF
South Africa,1983,-0.9024000000000004,4.111048033314886,40805,40648,10875,SF
South Africa,1984,-0.30039991234797847,4.46622763225874,66991,66668,18254,SF
South Africa,1985,-1.8045644048303633,3.8967641952515213,158912,158110,41736,SF
South Africa,1986,-1.3485370287121554,3.9894202005168844,188934,188103,51163,SF
South Africa,1987,-1.0015720406166724,4.1380812939589395,113330,112680,29643,SF
South Africa,1988,-0.1359939125084999,4.316445492583368,116488,115756,30883,SF
South Africa,1989,0.36855481288471,4.630270269843246,101140,100667,26481,SF
South Africa,1990,0.3556873346705036,4.5813128246151615,139291,138361,34401,SF
South Africa,1991,0.3078701454576628,4.718079250889014,171545,169939,34993,SF
South Africa,1992,0.2100362903225806,4.335339857543823,100622,99769,24800,SF
South Africa,1993,-0.6855429194578597,4.851336951579194,109800,109114,25676,SF
South Africa,1994,0.35972614010343196,5.058116028550689,150354,148769,34032,SF
South Africa,1995,0.3911241446725318,5.155032944239835,99952,98303,25575,SF
South Africa,1996,0.5887126817405698,5.2322163498272465,160702,158215,38654,SF
South Africa,1997,1.0984995951288452,5.323438326509683,248032,244537,62983,SF
South Africa,1998,0.6071026479451175,5.124290746884796,345500,343198,77985,SF
South Africa,1999,0.4157309698112283,5.5531633921717125,363868,360950,81686,SF
South Africa,2000,0.8334101980226557,5.5733728256427435,281871,274702,69386,SF
South Africa,2001,0.8251351383745043,5.5834006061482855,336289,334034,83433,SF
South Africa,2002,1.0437450668904666,5.912309531240739,390275,387159,100089,SF
South Africa,2003,1.2070151481837215,6.00260823743663,352192,349518,86413,SF
South Africa,2004,1.0354028065075194,6.027788455746502,272483,270531,71548,SF
South Africa,2005,1.0409033347403964,6.049445777662765,211134,209614,56856,SF
South Africa,2006,0.6232755613821964,5.625552149491003,338927,201561,83143,SF
South Africa,2007,0.1728201233981965,5.162153782238044,495018,418869,105350,SF
South Africa,2008,0.13625516450073616,5.228775177993552,1140602,1056944,203069,SF
South Africa,2009,0.3901837816555816,5.479587456509948,1986742,1902203,284468,SF
South Africa,2010,0.31054710047331363,5.433430080063028,1532318,1466871,207896,SF
South Africa,2011,0.4963495928254081,5.730632258319924,1937845,1873692,278873,SF
South Africa,2012,0.01798077069588139,5.139552062411329,2444304,2376511,328145,SF
South Africa,2013,0.17940492900501712,2.5927955490609995,3310256,3232893,436737,SF
South Africa,2014,-0.05824189870233164,2.379074125282892,3917255,3785898,492891,SF
South Africa,2015,0.258937011974763,-1.9650590301068942,6154333,5986654,711278,SF
South Africa,2016,0.4081734974741992,-2.0398646628211816,7749041,7578854,863229,SF
South Africa,2017,0.30700925817121744,-2.136645052265333,6510025,6382212,799942,SF
South Africa,2018,0.35429032040132646,-2.1958205468838567,6174128,6025245,754897,SF
South Africa,2019,0.2592711200116131,-2.3514289270114808,5382590,5255865,675118,SF
South Africa,2020,0.3584445448199401,-2.8022739158443257,4235895,4136923,535766,SF
South Africa,2021,0.11970408097709365,-2.680328003378159,4842550,4741651,560357,SF
South Africa,2022,0.05113457324840766,-2.8829349398064017,3222267,3138345,490625,SF
South Africa,2023,0.2854144721697091,-2.4720148969890974,3948768,3848926,573407,SF
South Africa,2024,0.356812003303956,-2.1838061756596914,3391762,3325746,498796,SF
South Africa,2025,0.38108435027752563,-2.4727876019559236,2857462,2798550,410052,SF
Sweden,1980,1.5735876742479824,4.84165472307077,4494,4482,1363,SW
Sweden,1981,1.06991297140489,4.603334136030227,7844,7790,2413,SW
Sweden,1982,1.2827664399092962,4.815055267777984,9380,9371,2646,SW
Sweden,1983,0.8614381164492521,4.294517425188103,11670,11606,3143,SW
Sweden,1984,1.1871479928100654,4.833020216978645,12007,11915,3338,SW
Sweden,1985,1.403697120511909,4.959699328781859,10506,10477,2813,SW
Sweden,1986,0.24456616240653808,4.634756811027821,21559,21410,5751,SW
Sweden,1987,0.6634790965881789,4.3500106381192385,14931,14775,4162,SW
Sweden,1988,0.9471724787935903,4.753841934902506,15719,15553,4244,SW
Sweden,1989,0.3324500232450023,4.461717702273128,15624,15494,4302,SW
Sweden,1990,1.5233788395904433,4.248687628307124,8554,8457,2344,SW
Sweden,1991,1.3781199871671481,4.881594030941079,13936,13811,3117,SW
Sweden,1992,2.0946984435797664,4.714281772833998,8032,7949,2056,SW
Sweden,1993,1.953582853486885,5.071203459054394,12584,12467,3126,SW
Sweden,1994,1.4680769929181037,5.018246299286152,21785,21515,5507,SW
Sweden,1995,1.4073545757688035,4.903226489090722,18709,18320,5398,SW
Sweden,1996,1.254919336514429,5.287753893645915,34595,33866,8802,SW
Sweden,1997,1.7392917686946692,5.66137493977286,41881,41239,10618,SW
Sweden,1998,1.6565677754470083,5.5234853760378195,43453,43255,10011,SW
Sweden,1999,1.4351356665355866,5.563535479160141,44295,43789,10172,SW
Sweden,2000,1.395165189363417,5.78450173642334,53527,50551,12410,SW
Sweden,2001,1.4212957930209809,5.356266100555349,81106,80188,18398,SW
Sweden,2002,1.1347105933745913,5.575603018131692,44030,43495,10988,SW
Sweden,2003,0.829112112756672,5.543868890697207,62784,62326,13977,SW
Sweden,2004,0.6718723037100951,5.356768664330111,51365,50832,12749,SW
Sweden,2005,0.7867350108729424,5.651683432738535,35937,35630,9657,SW
Sweden,2006,0.891430005737234,5.503741206961789,58916,33610,13944,SW
Sweden,2007,0.9571973182594979,6.245803248374601,188908,159057,30428,SW
Sweden,2008,0.6279349046015716,5.983649491808913,215009,193588,35640,SW
Sweden,2009,1.1403631982980682,5.64195695908284,544213,510393,78029,SW
Sweden,2010,0.11005033848290229,5.3371407734206935,789034,755630,80654,SW
Sweden,2011,0.44614912549861946,5.572045818104073,748505,715855,78216,SW
Sweden,2012,0.5813507488601867,5.122978213003313,768388,744345,89269,SW
Sweden,2013,0.9876228311343217,2.6482455342400884,628784,619326,76024,SW
Sweden,2014,1.0395457415663698,2.572385372850029,872527,860844,104524,SW
Sweden,2015,0.8626945718358957,-1.4780130075102946,2669745,2628680,173779,SW
Sweden,2016,0.6696855468122491,-1.887936334696297,2402568,2365411,196310,SW
Sweden,2017,0.5857321510454195,-1.996466716245239,2288616,2221073,167923,SW
Sweden,2018,0.8391959694664941,-1.4052023401483158,1816608,1777086,144498,SW
Sweden,2019,0.7190485618298694,-2.1160729224887174,2013930,1974680,161647,SW
Sweden,2020,0.9868018190784066,-1.6776964676389048,914642,898672,91255,SW
Sweden,2021,0.9830105092171003,-1.3642707392187765,822233,810757,81269,SW
Sweden,2022,1.4217799776860813,-1.4374000416307953,1165618,1150085,112946,SW
Sweden,2023,1.0595448045757863,-1.5372088654519567,1433939,1412087,142676,SW
Sweden,2024,1.2760504726606419,-0.9528755446550426,773726,762711,96054,SW
Sweden,2025,1.0890676646542998,-1.2299689338771296,593886,581145,73214,SW
Türkiye,1980,-0.030957983193277312,4.720129115492267,25392,25215,5950,TU
Türkiye,1981,-0.7698182892598611,4.326094134155561,26906,26683,6769,TU
Türkiye,1982,-0.5669103623649084,4.2500781579893,24938,24727,6292,TU
Türkiye,1983,-0.18910445843505078,4.553121144153553,31104,30849,7783,TU
Türkiye,1984,-0.16566218513367337,4.291360467338403,25318,25085,6471,TU
Türkiye,1985,-0.02919245920090042,3.9816676846768764,25957,25744,7108,TU
Türkiye,1986,0.11575552825552825,4.000468197675728,26024,25872,6512,TU
Türkiye,1987,0.6052448040172965,3.8930943204494803,31307,31059,7169,TU
Türkiye,1988,1.2483886600436152,3.7165416054467353,32992,32744,8254,TU
Türkiye,1989,0.2968818681318681,3.698250514087477,30686,30409,7280,TU
Türkiye,1990,0.581603346901854,3.420321934897614,37983,37670,8844,TU
Türkiye,1991,0.5581937831041679,4.096288878306802,94087,93316,18691,TU
Türkiye,1992,0.1909002845553066,3.9004443823285047,71410,70696,16517,TU
Türkiye,1993,-0.5023014554061537,3.801773292442094,89361,88454,19857,TU
Türkiye,1994,0.12001092679050356,4.1497970375272635,88306,87022,20134,TU
Türkiye,1995,-0.013178913738019188,4.631256524359515,118018,116140,27544,TU
Türkiye,1996,0.551823690830094,5.14129627543841,249750,245023,52476,TU
Türkiye,1997,0.8265837892929943,5.102797036587856,346695,340197,74568,TU
Türkiye,1998,0.8795803048336592,5.071225227808004,398793,394780,86539,TU
Türkiye,1999,0.4933868062030945,5.3419565916673815,545805,536239,110461,TU
Türkiye,2000,0.6810280263313491,5.427349361390805,384768,371440,76107,TU
Türkiye,2001,0.854504758234265,5.307673610566563,316740,312039,67462,TU
Türkiye,2002,1.1704177395311017,5.626723635876846,251658,249165,59032,TU
Türkiye,2003,0.8756839598454892,5.401138496693629,433281,429399,87761,TU
Türkiye,2004,0.8084807425125681,5.16297645146285,331271,327393,69817,TU
Türkiye,2005,0.5641823874445148,5.005050538959556,216601,214200,50464,TU
Türkiye,2006,0.39839288001024453,4.866728506318177,393615,193281,78090,TU
Türkiye,2007,-0.07177829576639992,4.999413370583929,999139,716215,174178,TU
Türkiye,2008,0.34556491069009926,5.143324426640116,987574,805078,180887,TU
Türkiye,2009,1.3074489343258182,5.291704490950899,1635434,1443315,245713,TU
Türkiye,2010,1.0200042845735875,5.464810993803758,1649142,1450278,256735,TU
Türkiye,2011,0.453532561445857,5.2280210627339665,3363114,3128410,391076,TU
Türkiye,2012,0.4033058021833983,4.534752181879452,3366173,3160490,387561,TU
Türkiye,2013,0.36767086499986557,2.318298007938845,2993317,2954207,372382,TU
Türkiye,2014,0.15891792856827525,2.317340613627065,5575593,5481684,588928,TU
Türkiye,2015,-0.2527362637483731,-3.0054299495889976,12755630,12485158,937501,TU
Türkiye,2016,-0.3383142442216345,-3.8572715294430155,18566190,18186894,1171441,TU
Türkiye,2017,0.21765409367907412,-3.0192204684092174,9982017,9825390,760933,TU
Türkiye,2018,0.156695541580462,-3.069690395329265,8993044,8818649,682493,TU
Türkiye,2019,0.27527945526503383,-3.0089146224140397,6907697,6813428,610206,TU
Türkiye,2020,0.4566465727617154,-3.329181159653371,4082869,4023791,433135,TU
Türkiye,2021,0.6459628285343854,-2.3855853847645068,2683331,2645087,292325,TU
Türkiye,2022,0.9826287339030952,-2.2330199488961404,2742969,2699978,302472,TU
Türkiye,2023,1.1281614834574045,-1.88157468599529,3083069,3033780,340408,TU
Türkiye,2024,0.8506196288454351,-2.1510603355811324,2103080,2070113,256928,TU
Türkiye,2025,0.9113541171409814,-2.0463419259463054,2359088,2307667,265014,TU
Ukraine,1980,1.6911578947368424,5.09601842955356,1763,1760,475,UP
Ukraine,1981,0.9667984189723319,4.776034644719594,1955,1944,506,UP
Ukraine,1982,1.7356807511737091,5.172483670567125,1961,1949,426,UP
Ukraine,1983,1.428131416837782,5.568194557734783,2104,2080,487,UP
Ukraine,1984,1.2878923766816148,5.639330642512335,1874,1874,446,UP
Ukraine,1985,1.8093385214007787,5.235094006870005,1864,1850,514,UP
Ukraine,1986,0.4800915331807782,4.396586336720773,12242,12179,2622,UP
Ukraine,1987,0.183699870633894,4.944145312741968,6137,6111,1546,UP
Ukraine,1988,1.1074414715719059,5.192305824521824,4619,4601,1196,UP
Ukraine,1989,0.6424753867791844,5.1532093502180265,9112,9029,2133,UP
Ukraine,1990,0.9790286975717442,4.994921749522924,9824,9705,2265,UP
Ukraine,1991,2.055345238095237,5.402832490993781,44701,44290,8400,UP
Ukraine,1992,2.312524941048432,4.791385481812535,46612,46187,11026,UP
Ukraine,1993,1.9263796796898913,4.928369914370823,45111,44759,9803,UP
Ukraine,1994,2.0428245383498154,5.2768244529251875,67219,66023,14459,UP
Ukraine,1995,1.8683295682730916,5.050224767068067,69380,68256,15936,UP
Ukraine,1996,2.1057037492317145,5.346885014164289,116916,115004,24405,UP
Ukraine,1997,2.239748398638121,5.604617764687631,170192,168195,34658,UP
Ukraine,1998,1.8908520747545128,5.416965314924183,149053,147493,31570,UP
Ukraine,1999,1.6348854060436915,5.603061930799927,191542,189263,37262,UP
Ukraine,2000,1.7051766156737238,5.309627624968969,200346,195626,34057,UP
Ukraine,2001,1.262930578803629,5.34204112917043,268428,264256,45404,UP
Ukraine,2002,1.2614130116531004,5.52690718527476,175131,173226,34154,UP
Ukraine,2003,1.7095931327024934,5.332081156592174,227333,224960,39841,UP
Ukraine,2004,1.0244330117899252,5.344731330374614,241259,238732,46650,UP
Ukraine,2005,1.343740655158352,5.321965553627059,176637,174354,36785,UP
Ukraine,2006,1.3106615559341277,5.310683357736634,177242,62304,35220,UP
Ukraine,2007,1.0524767768181515,5.2001553904224265,263470,159651,45967,UP
Ukraine,2008,1.3647960128950987,5.107483055122289,290680,201808,53974,UP
Ukraine,2009,1.464256681744364,4.839400477325416,837789,742292,108991,UP
Ukraine,2010,1.456664179610662,5.480643720834173,702863,623931,88458,UP
Ukraine,2011,1.163598738667718,5.266567020138082,759954,688619,106554,UP
Ukraine,2012,1.0043832160270734,4.769674858793231,812249,757333,99881,UP
Ukraine,2013,1.4807670790519145,2.4524440465008395,1423876,1403249,141212,UP
Ukraine,2014,0.026315492122983574,2.0253212923025807,12186387,12054323,938124,UP
Ukraine,2015,0.27409376704560945,-2.1674372914206548,5511258,5438299,473004,UP
Ukraine,2016,0.17129761435010496,-2.9010629147049958,2965685,2921889,311226,UP
Ukraine,2017,0.20595084500652197,-2.8415158089691133,2744793,2707027,282128,UP
Ukraine,2018,0.1642740920972345,-3.0467844091297196,2920454,2856398,265504,UP
Ukraine,2019,0.7494586244671378,-2.808121612092951,8078754,7907867,487462,UP
Ukraine,2020,0.43013076470994954,-3.0960181183475677,3027739,2966561,231408,UP
Ukraine,2021,0.6841988528513661,-2.630439774081112,1914704,1887842,193872,UP
Ukraine,2022,0.3133802489780751,-3.13039680301792,26460292,26091415,1808353,UP
Ukraine,2023,0.07469385565381552,-2.8373460924660585,15088245,14860768,1286162,UP
Ukraine,2024,0.19078743110170474,-2.64795812880068,10285049,10128119,973355,UP
Ukraine,2025,0.7137048471685569,-2.3411782481869383,11289664,11106066,950336,UP
United Kingdom,1980,0.22634258698023998,5.081045035373534,64525,64328,16498,UK
United Kingdom,1981,-0.5869430545627831,4.842808210720618,115118,114454,29379,UK
United Kingdom,1982,-0.40403370264711735,4.681507848579786,182207,181010,45219,UK
United Kingdom,1983,-0.061614822369539364,4.73655616572355,119739,119073,29415,UK
United Kingdom,1984,-0.129631866551625,4.670846924394214,135692,135113,34770,UK
United Kingdom,1985,0.20772792487283162,4.9929702567538135,118562,117983,30668,UK
United Kingdom,1986,-0.09273701613362983,4.712182438729938,131985,131350,35082,UK
United Kingdom,1987,0.11690906523580911,4.758352900513963,110951,110160,28328,UK
United Kingdom,1988,0.1659913670878099,4.375997211430474,122322,121680,31739,UK
United Kingdom,1989,0.29406681611107094,4.363172178898417,108921,108056,27658,UK
United Kingdom,1990,0.6129997984006452,4.457030114160172,114070,113231,29762,UK
United Kingdom,1991,0.7225170545746389,4.8738318819662405,187288,185600,39872,UK
United Kingdom,1992,0.946048599421641,4.650667236471997,93510,92888,23169,UK
United Kingdom,1993,0.5836386607706887,4.768203198989366,130369,129326,31660,UK
United Kingdom,1994,0.6019191168665747,4.936323137458019,185822,183363,47105,UK
United Kingdom,1995,0.9936755689493919,5.338312752692187,172370,169307,48115,UK
United Kingdom,1996,0.6508812977694592,5.321253891534643,291499,286007,70521,UK
United Kingdom,1997,0.9923713214407456,5.53596654651397,353127,347780,88010,UK
United Kingdom,1998,0.8875334602113605,5.554807339747309,591118,586761,129258,UK
United Kingdom,1999,0.7251703302689255,5.681844139736156,546660,540530,119327,UK
United Kingdom,2000,0.841317206512895,5.616558523987162,511593,482493,109383,UK
United Kingdom,2001,0.5360783563148561,5.4675661605134565,521395,517243,120169,UK
United Kingdom,2002,0.46401574373704646,5.521601639472292,438769,435868,110012,UK
United Kingdom,2003,0.407734417066229,5.445950665679957,720519,715766,156004,UK
United Kingdom,2004,0.4483530870405854,5.431008879104135,488787,485691,115337,UK
United Kingdom,2005,0.3374107525346282,5.366361126765535,495637,491909,112048,UK
United Kingdom,2006,0.33574730354488924,5.432772542501991,1180899,868969,220011,UK
United Kingdom,2007,0.3283140415891497,5.487150721271939,3379723,2894728,533216,UK
United Kingdom,2008,0.42896819705485023,5.667818234734686,3890856,3639606,599630,UK
United Kingdom,2009,0.5231024688660694,5.684782440332316,6892546,6594116,915400,UK
United Kingdom,2010,0.5689229057219017,5.838375000330572,6917214,6648588,772820,UK
United Kingdom,2011,0.4403660628815096,5.84831424694596,9721411,9434757,965244,UK
United Kingdom,2012,0.5504743813936824,5.484996524742995,10982325,10715493,1093951,UK
United Kingdom,2013,0.5369897215737274,2.624299050944061,10506453,10362125,1276492,UK
United Kingdom,2014,0.5651984388815415,2.5900939432770897,15351559,15105033,1729280,UK
United Kingdom,2015,0.7467100605390555,-1.1459017839676238,35579461,34864908,2856022,UK
United Kingdom,2016,0.7841422766210017,-1.4053745277293173,47772781,46773201,3538959,UK
United Kingdom,2017,0.7228160818859801,-1.495871574193783,47422719,46330632,3196659,UK
United Kingdom,2018,0.8121306873905841,-1.3581419768914307,46034137,44843366,2860096,UK
United Kingdom,2019,0.7382991201361013,-1.5692580130512377,51635509,50322351,2977198,UK
United Kingdom,2020,0.9014039496017688,-1.599973742390327,41543856,40580784,2478599,UK
United Kingdom,2021,0.8658338563615177,-1.445186061832937,37520533,36707590,2230718,UK
United Kingdom,2022,0.9209291295723431,-1.2499740263296857,29945922,29268845,1884982,UK
United Kingdom,2023,0.7759767170800536,-1.2164704490434026,35146105,34314380,2266767,UK
United Kingdom,2024,0.7658409120544483,-1.2607263882121502,34352802,33508381,2346715,UK
United Kingdom,2025,0.7950822188189799,-1.3079925032423987,30000117,29146089,2098004,UK
United States of America,1980,0.6368156115467145,5.625057124865285,284955,283800,74099,US
United States of America,1981,0.519074100753974,5.634617945972551,407006,404867,104115,US
United States of America,1982,0.5577295894569909,5.580260889062054,459630,457125,117917,US
United States of America,1983,0.4091890180946713,5.530405279859949,516588,513662,132691,US
United States of America,1984,0.4393082512116008,5.619423788140227,499573,496835,129787,US
United States of America,1985,0.5191380763044099,5.622803195059556,551963,549020,143609,US
United States of America,1986,0.3308646057199541,5.496669919978252,615902,611941,163323,US
United States of America,1987,0.6028008051487145,5.579454501178058,573273,569491,151028,US
United States of America,1988,0.5961160696364296,5.591456563333566,583991,580145,149462,US
United States of America,1989,0.4631975724988014,5.5440531967339215,520536,517338,127209,US
United States of America,1990,0.647875038517149,5.646546304030532,505706,501569,126567,US
United States of America,1991,0.7975114300973029,5.796857414848752,733034,726682,153542,US
United States of America,1992,0.8233399289177308,5.651957326777908,418061,415192,106637,US
United States of America,1993,0.6126510780875418,5.773492686012997,566412,562424,140573,US
United States of America,1994,0.7457067844462506,5.697082384501562,713402,703656,187016,US
United States of America,1995,0.7351796863103396,5.702166359595733,663793,653689,183876,US
United States of America,1996,0.8644182463915486,5.9208802185168485,1121873,1105723,263548,US
United States of America,1997,1.136501423867426,6.055014443398217,1191186,1173301,287597,US
United States of America,1998,0.9921644015517409,5.8944962369098475,1686951,1669575,347223,US
United States of America,1999,0.8644779317904133,5.949215586795041,1794781,1773469,365843,US
United States of America,2000,0.9393918620330186,5.9836622833977176,1659073,1553155,353012,US
United States of America,2001,0.49657051488044823,5.783642092801893,2335176,2318281,513459,US
United States of America,2002,0.41201328205316495,5.7150797157490345,1788330,1778672,435776,US
United States of America,2003,0.42168538874923867,5.780965936968115,2621348,2606835,548194,US
United States of America,2004,0.21872597988365233,5.691959317198387,1861408,1851734,437654,US
United States of America,2005,0.31638180032428853,5.690952567116038,1456800,1448818,344138,US
United States of America,2006,0.5042281176061789,5.750298233851254,5708551,4457291,978355,US
United States of America,2007,0.5170349120457547,5.65087422769537,14417221,12684232,2206545,US
United States of America,2008,0.6563449108396591,5.6305539401609375,22474497,20992928,3258848,US
United States of America,2009,0.7557415423317403,5.692051249300523,42325466,40633609,4948261,US
United States of America,2010,0.6543075469123661,5.577349967759269,66204592,64190257,6764581,US
United States of America,2011,0.49931049902714336,5.502563475631905,110020095,107003496,10286715,US
United States of America,2012,0.4656161526995815,5.125255871263734,136523537,132471382,12257272,US
United States of America,2013,0.49825491759469664,2.4471709242468105,117806732,115006395,11998986,US
United States of America,2014,0.4208550450082678,2.409268917425847,162028337,158316482,16059766,US
United States of America,2015,0.524016837879202,-1.4164648060279603,322871194,314407592,20488379,US
United States of America,2016,0.4826170508636725,-1.8582014402561358,390103440,379825732,23650268,US
United States of America,2017,0.530599474759455,-1.9581518911818725,353310483,344316518,21397895,US
United States of America,2018,0.4810224300589019,-2.033117297427504,348272262,338121716,20315999,US
United States of America,2019,0.5282809720968938,-2.1013248405899203,291351705,284977420,18748708,US
United States of America,2020,0.5990495442247019,-2.0900213225693736,234272453,229163419,16041612,US
United States of America,2021,0.5203119251678828,-2.1094759421407674,189911594,185467569,13580140,US
United States of America,2022,0.4762434148463786,-2.084820002614178,137914171,134587317,11694538,US
United States of America,2023,0.46227474351568304,-2.122371683269562,178283480,173601930,14395858,US
United States of America,2024,0.4578651886401809,-2.0882013853100068,168363468,163982541,13946541,US
United States of America,2025,0.4910946069047997,-2.17179810248126,156583770,152424416,13055621,US
Viet Nam,1980,0.03371632712175341,4.565282676751037,39776,39023,10357,VM
Viet Nam,1981,-0.3279617900529539,4.726932344448961,38690,38233,9631,VM
Viet Nam,1982,0.5774009603841537,5.024631050293387,39918,39384,9996,VM
Viet Nam,1983,-0.31278036766646145,4.390213487671641,45712,44956,11369,VM
Viet Nam,1984,-1.465734621250636,4.131399697241239,46494,45859,11802,VM
Viet Nam,1985,-1.066710182767623,4.216163383454563,59401,58558,15320,VM
Viet Nam,1986,0.462575197889182,4.674108464269556,37485,36907,9475,VM
Viet Nam,1987,0.9120862884160755,4.793565764878447,41395,40891,10152,VM
Viet Nam,1988,1.4761715421755184,4.91529999201822,54046,53349,14084,VM
Viet Nam,1989,1.6497069264426656,4.587423558728223,48558,48011,12113,VM
Viet Nam,1990,1.4757477174939664,5.367835094028563,36987,36555,9529,VM
Viet Nam,1991,1.7892854278610946,5.826471442675878,55077,54266,12469,VM
Viet Nam,1992,2.0932553064868094,5.65154737285606,39540,38858,10082,VM
Viet Nam,1993,1.613413271009043,5.688821116681519,39039,38684,9841,VM
Viet Nam,1994,1.5363050820831041,5.599560143245877,50282,49351,12731,VM
Viet Nam,1995,1.7814615244899197,6.092072909333436,62278,61100,16517,VM
Viet Nam,1996,1.8507613952052684,5.984991646288473,86687,85171,19438,VM
Viet Nam,1997,1.9821393343805924,6.083046763267213,124174,120958,27373,VM
Viet Nam,1998,1.9085700613390175,6.555922824892463,114429,113268,22987,VM
Viet Nam,1999,1.9217779705117095,6.8254373272959805,110678,109397,23060,VM
Viet Nam,2000,2.045284459717447,6.803597426666817,133072,127302,26190,VM
Viet Nam,2001,1.8003387875729835,6.786974745904575,133860,132428,27746,VM
Viet Nam,2002,1.6265134991032912,6.559369505756537,98015,96756,20631,VM
Viet Nam,2003,1.0938573935757725,5.89064871509659,130407,128684,24501,VM
Viet Nam,2004,1.2500085513938777,5.928247546672622,104362,103205,23388,VM
Viet Nam,2005,1.535122398219661,6.2096022274411125,64553,63698,15278,VM
Viet Nam,2006,1.6081077114898885,6.417199180552445,143262,82409,27258,VM
Viet Nam,2007,1.204512139804713,5.944429155797307,221720,155919,41887,VM
Viet Nam,2008,0.9029621637527274,5.758927372708833,208852,174923,40781,VM
Viet Nam,2009,1.631938613934306,6.1602084719197565,624769,580138,108624,VM
Viet Nam,2010,1.6304842292314534,6.522421517521831,764927,704550,112550,VM
Viet Nam,2011,1.2271110240636707,6.167653792904484,819831,772693,112327,VM
Viet Nam,2012,1.1931574920402463,5.651671881979823,908499,873039,121549,VM
Viet Nam,2013,1.348049071513801,2.9496264594743784,1034253,1011784,139959,VM
Viet Nam,2014,1.0410988700564974,2.6756262389189405,1613092,1585210,212400,VM
Viet Nam,2015,1.4109517443766022,-0.2071212930073346,2863152,2794948,306700,VM
Viet Nam,2016,1.3610342584538453,-0.5474078085260321,4070261,3975057,375032,VM
Viet Nam,2017,1.3175778095391926,-0.5035818001266409,3159625,3092782,328141,VM
Viet Nam,2018,1.3775439730656982,-0.3724425658737581,3089211,3009936,312464,VM
Viet Nam,2019,1.366758437531503,-0.549461860500269,3058193,2976019,287673,VM
Viet Nam,2020,1.3168639860049913,-1.1336220265197314,1642122,1602459,194355,VM
Viet Nam,2021,1.4990281630737614,-0.5185719404835862,1399282,1365852,168343,VM
Viet Nam,2022,1.8933139341435814,0.6649762875562738,1156314,1121304,165299,VM
Viet Nam,2023,2.161095398031935,1.546119617488749,4746196,4593802,441246,VM
Viet Nam,2024,1.6983240142257714,0.8098402841717155,1497598,1451560,206386,VM
Viet Nam,2025,1.8024675124613512,1.11509136351689,1319317,1278237,181762,VM
