Country,Year,avg_goldstein,avg_tone,mention_share,spike_ratio,missing_baseline,description
Algeria,1980,1.9875568416701104,4.931067815391808,0.006417738827319905,1.0,True,Event volume around its typical baseline (1.0x). Average event tone was positive (4.93). Average Goldstein score was 1.99.
Algeria,1981,1.988476716653512,5.357238322414892,0.005116025045245005,0.797169405440186,False,Event volume around its typical baseline (0.8x). Average event tone was positive (5.36). Average Goldstein score was 1.99.
Algeria,1982,2.167105263157894,4.606086880958107,0.0038333300776330305,0.6647145060341111,False,Event volume around its typical baseline (0.7x). Average event tone was positive (4.61). Average Goldstein score was 2.17.
Algeria,1983,2.3576805251641137,4.379898928046617,0.0043058956449860955,0.840607012413814,False,Event volume around its typical baseline (0.8x). Average event tone was positive (4.38). Average Goldstein score was 2.36.
Algeria,1984,2.5512697022767075,4.559246147873014,0.004732125921225248,0.9621569509463221,False,Event volume around its typical baseline (1.0x). Average event tone was positive (4.56). Average Goldstein score was 2.55.
Algeria,1985,1.8374344301382932,4.256840721182622,0.003749496088077933,0.7681783119520336,False,Event volume around its typical baseline (0.8x). Average event tone was positive (4.26). Average Goldstein score was 1.84.
Algeria,1986,2.029301310043669,4.370258002284868,0.0037499963177569542,0.8625887348653019,False,Event volume around its typical baseline (0.9x). Average event tone was positive (4.37). Average Goldstein score was 2.03.
Algeria,1987,1.9652144545761552,4.405389076821042,0.004608219087901779,1.1310820201321838,False,Event volume around its typical baseline (1.1x). Average event tone was positive (4.41). Average Goldstein score was 1.97.
Algeria,1988,1.5693706020328375,4.669061682012021,0.008433474016150582,1.9941313910096519,False,Event volume somewhat elevated above its typical baseline (2.0x). Average event tone was positive (4.67). Average Goldstein score was 1.57.
Algeria,1989,2.186482449589243,4.10532715139178,0.004329990884229718,0.8566330724076225,False,Event volume around its typical baseline (0.9x). Average event tone was positive (4.11). Average Goldstein score was 2.19.
Algeria,1990,1.998693709178412,4.488549501619753,0.00494335040388575,0.9937910305390804,False,Event volume around its typical baseline (1.0x). Average event tone was positive (4.49). Average Goldstein score was 2.00.
Algeria,1991,0.8775217160077999,4.958526900266851,0.007990417858882739,1.5327850459505168,False,Event volume somewhat elevated above its typical baseline (1.5x). Average event tone was positive (4.96). Average Goldstein score was 0.88.
Algeria,1992,-0.1213861386138612,4.771013572773716,0.010135106391077273,1.6721589084231416,False,Event volume somewhat elevated above its typical baseline (1.7x). Average event tone was positive (4.77). Average Goldstein score was -0.12.
Algeria,1993,-1.7174471119562624,3.918266835510318,0.0070876166944353145,0.9889971995422502,False,Event volume around its typical baseline (1.0x). Average event tone was positive (3.92). Average Goldstein score was -1.72.
Algeria,1994,-1.1795579084238883,4.193880317919636,0.013098876289543806,1.8991319847049155,False,Event volume somewhat elevated above its typical baseline (1.9x). Average event tone was positive (4.19). Average Goldstein score was -1.18.
Algeria,1995,-1.4497947314403017,4.366567104314507,0.012754514079041199,1.4743273234704803,False,Event volume around its typical baseline (1.5x). Average event tone was positive (4.37). Average Goldstein score was -1.45.
Algeria,1996,-0.423448347321521,4.579470727747333,0.00650189682587907,0.6366103844051757,False,Event volume around its typical baseline (0.6x). Average event tone was positive (4.58). Average Goldstein score was -0.42.
Algeria,1997,-0.9111621757743644,4.5267742815544025,0.00892572882828501,0.9001701336822197,False,Event volume around its typical baseline (0.9x). Average event tone was positive (4.53). Average Goldstein score was -0.91.
Algeria,1998,-0.2892413326241476,4.50317786609161,0.010056783634446476,1.039597676168496,False,Event volume around its typical baseline (1.0x). Average event tone was positive (4.50). Average Goldstein score was -0.29.
Algeria,1999,0.5515413975337634,5.577514972876186,0.00823976206594763,0.8025044042565171,False,Event volume around its typical baseline (0.8x). Average event tone was positive (5.58). Average Goldstein score was 0.55.
Algeria,2000,0.4445469125902164,5.446626977387612,0.008308681824093452,0.8938163533006375,False,Event volume around its typical baseline (0.9x). Average event tone was positive (5.45). Average Goldstein score was 0.44.
Algeria,2001,-0.2912376837557301,4.780836410676579,0.006933296548227325,0.8247473135785992,False,Event volume around its typical baseline (0.8x). Average event tone was positive (4.78). Average Goldstein score was -0.29.
Algeria,2002,-0.4862239297475302,4.728078189250978,0.005457013122430255,0.6425419911604946,False,Event volume around its typical baseline (0.6x). Average event tone was positive (4.73). Average Goldstein score was -0.49.
Algeria,2003,0.4678278245841431,4.8503009337673415,0.006573637138659764,0.842870442553894,False,Event volume around its typical baseline (0.8x). Average event tone was positive (4.85). Average Goldstein score was 0.47.
Algeria,2004,0.5805418338993517,5.0377384983547175,0.005519881415312697,0.7771768256948722,False,Event volume around its typical baseline (0.8x). Average event tone was positive (5.04). Average Goldstein score was 0.58.
Algeria,2005,0.276090958310774,4.970141897550409,0.004894927341546287,0.7463483786805809,False,Event volume around its typical baseline (0.7x). Average event tone was positive (4.97). Average Goldstein score was 0.28.
Algeria,2006,0.6621527410931101,5.084164711738304,0.002276137404171264,0.38737811733451605,False,Event volume around its typical baseline (0.4x). Average event tone was positive (5.08). Average Goldstein score was 0.66.
Algeria,2007,-0.9227492102492106,4.454175236550682,0.003353461847580149,0.6782454074405072,False,Event volume around its typical baseline (0.7x). Average event tone was positive (4.45). Average Goldstein score was -0.92.
Algeria,2008,-0.0841428711608281,4.5767498256491415,0.002156989974003372,0.47682944303073554,False,Event volume around its typical baseline (0.5x). Average event tone was positive (4.58). Average Goldstein score was -0.08.
Algeria,2009,0.0604869593259966,4.663859117861478,0.0014385693058969141,0.3951809930399456,False,Event volume around its typical baseline (0.4x). Average event tone was positive (4.66). Average Goldstein score was 0.06.
Algeria,2010,0.3492508865248228,5.087255174534694,0.001104756889409898,0.3912004853691755,False,Event volume around its typical baseline (0.4x). Average event tone was positive (5.09). Average Goldstein score was 0.35.
Algeria,2011,-0.7107267041901187,4.8363110507401705,0.0019456135577372385,0.9417374094711074,False,Event volume around its typical baseline (0.9x). Average event tone was positive (4.84). Average Goldstein score was -0.71.
Algeria,2012,0.4275299779267006,3.77188846586439,0.0016971588872240055,0.848631076479879,False,Event volume around its typical baseline (0.8x). Average event tone was positive (3.77). Average Goldstein score was 0.43.
Algeria,2013,0.1530984419263455,1.054734162730259,0.004157942605537863,2.491848521436903,False,Event volume somewhat elevated above its typical baseline (2.5x). Average event tone was positive (1.05). Average Goldstein score was 0.15.
Algeria,2014,-0.0976692913385827,2.1329312604416915,0.0016781757349410684,0.8111799320316414,False,Event volume around its typical baseline (0.8x). Average event tone was positive (2.13). Average Goldstein score was -0.10.
Algeria,2015,0.0165711406414459,-2.0070302845469645,0.0010259447141864242,0.4846838942987383,False,Event volume around its typical baseline (0.5x). Average event tone was negative (-2.01). Average Goldstein score was 0.02.
Algeria,2016,0.6087854676159351,-2.4477345256462626,0.0009623343699504327,0.45804352194979137,False,Event volume around its typical baseline (0.5x). Average event tone was negative (-2.45). Average Goldstein score was 0.61.
Algeria,2017,0.5000334288443171,-2.714836342896265,0.0005478029120123901,0.28766458658192895,False,Event volume around its typical baseline (0.3x). Average event tone was negative (-2.71). Average Goldstein score was 0.50.
Algeria,2018,0.7679132236562896,-2.424187521565784,0.0007285682836492518,0.4351115921472775,False,Event volume around its typical baseline (0.4x). Average event tone was negative (-2.42). Average Goldstein score was 0.77.
Algeria,2019,-0.2721736379874963,-3.573630736352764,0.0013303983026823356,1.3457871051045207,False,Event volume around its typical baseline (1.3x). Average event tone was negative (-3.57). Average Goldstein score was -0.27.
Algeria,2020,0.6286559850236756,-3.228272376042871,0.0006809989698991963,0.741013895365095,False,Event volume around its typical baseline (0.7x). Average event tone was negative (-3.23). Average Goldstein score was 0.63.
Algeria,2021,0.3590794709737823,-2.805572912502241,0.000856698195223896,1.0078558423635848,False,Event volume around its typical baseline (1.0x). Average event tone was negative (-2.81). Average Goldstein score was 0.36.
Algeria,2022,1.376922359379372,-1.5315074381838825,0.000742088722037032,0.8952765003256592,False,Event volume around its typical baseline (0.9x). Average event tone was negative (-1.53). Average Goldstein score was 1.38.
Algeria,2023,1.0874837511606317,-1.7317997557380906,0.0005446067383094009,0.6276075227116102,False,Event volume around its typical baseline (0.6x). Average event tone was negative (-1.73). Average Goldstein score was 1.09.
Algeria,2024,0.9985619282314414,-1.799312707500394,0.000526531894986348,0.633644272469518,False,Event volume around its typical baseline (0.6x). Average event tone was negative (-1.80). Average Goldstein score was 1.00.
Algeria,2025,1.055233666744723,-2.002127637970063,0.0006136777213705422,0.9156841904738802,False,Event volume around its typical baseline (0.9x). Average event tone was negative (-2.00). Average Goldstein score was 1.06.
Argentina,1980,1.146855563234278,4.850978176305041,0.004005649234177866,1.0,True,Event volume around its typical baseline (1.0x). Average event tone was positive (4.85). Average Goldstein score was 1.15.
Argentina,1981,0.9157181571815718,4.864383382541313,0.00600711633053005,1.4996610984493683,False,Event volume around its typical baseline (1.5x). Average event tone was positive (4.86). Average Goldstein score was 0.92.
Argentina,1982,-0.2203732503888023,4.332525718346339,0.05309241836502843,10.604945860744758,False,An extreme spike in event volume far above its typical baseline (10.6x). Average event tone was positive (4.33). Average Goldstein score was -0.22.
Argentina,1983,0.1175146250664775,4.700694375166943,0.013140951751953827,0.6247165890484742,False,Event volume around its typical baseline (0.6x). Average event tone was positive (4.70). Average Goldstein score was 0.12.
Argentina,1984,0.592515870364183,4.659660835362053,0.012429154662559201,0.6520542740394358,False,Event volume around its typical baseline (0.7x). Average event tone was positive (4.66). Average Goldstein score was 0.59.
Argentina,1985,0.4542734073906141,4.747158601842933,0.008038237728141094,0.4532400005083478,False,Event volume around its typical baseline (0.5x). Average event tone was positive (4.75). Average Goldstein score was 0.45.
Argentina,1986,0.964111684154366,4.44502449455692,0.009493032985743617,0.5119863114498717,False,Event volume around its typical baseline (0.5x). Average event tone was positive (4.45). Average Goldstein score was 0.96.
Argentina,1987,0.8008482871125615,4.34453073726484,0.01058944059511858,0.5504222253005006,False,Event volume around its typical baseline (0.6x). Average event tone was positive (4.34). Average Goldstein score was 0.80.
Argentina,1988,1.0190306218297955,3.7120043406364,0.008768383012816088,0.8165626251000067,False,Event volume around its typical baseline (0.8x). Average event tone was positive (3.71). Average Goldstein score was 1.02.
Argentina,1989,0.7720446473871129,4.1975131888362265,0.006601075032219533,0.6692325019801906,False,Event volume around its typical baseline (0.7x). Average event tone was positive (4.20). Average Goldstein score was 0.77.
Argentina,1990,1.0912922218779044,4.309110496562486,0.005405839184837126,0.6215012800743541,False,Event volume around its typical baseline (0.6x). Average event tone was positive (4.31). Average Goldstein score was 1.09.
Argentina,1991,1.7719172175912623,4.435140988572704,0.004231253318945866,0.5178027624838198,False,Event volume around its typical baseline (0.5x). Average event tone was positive (4.44). Average Goldstein score was 1.77.
Argentina,1992,1.7049438202247196,4.354518659737639,0.004610123284413932,0.6475621462220671,False,Event volume around its typical baseline (0.6x). Average event tone was positive (4.35). Average Goldstein score was 1.70.
Argentina,1993,1.2802756508422668,4.496685904788559,0.004377726419232047,0.7390644952033487,False,Event volume around its typical baseline (0.7x). Average event tone was positive (4.50). Average Goldstein score was 1.28.
Argentina,1994,0.7600858369098713,4.531016028635279,0.007274599962487796,1.441884363547902,False,Event volume around its typical baseline (1.4x). Average event tone was positive (4.53). Average Goldstein score was 0.76.
Argentina,1995,1.0123264102248992,4.631485437987057,0.007638377256054559,1.4746162704232677,False,Event volume around its typical baseline (1.5x). Average event tone was positive (4.63). Average Goldstein score was 1.01.
Argentina,1996,1.2721583455513537,5.151567289657423,0.007265038723104485,1.2912373811023194,False,Event volume around its typical baseline (1.3x). Average event tone was positive (5.15). Average Goldstein score was 1.27.
Argentina,1997,1.4073493083003945,5.431566064444613,0.006918205750859529,1.109901106164916,False,Event volume around its typical baseline (1.1x). Average event tone was positive (5.43). Average Goldstein score was 1.41.
Argentina,1998,1.175535691644479,4.961012322126996,0.005541310959930646,0.8277050172619849,False,Event volume around its typical baseline (0.8x). Average event tone was positive (4.96). Average Goldstein score was 1.18.
Argentina,1999,1.4358281958526524,5.378422785623817,0.0062019714474874634,0.8952674992355596,False,Event volume around its typical baseline (0.9x). Average event tone was positive (5.38). Average Goldstein score was 1.44.
Argentina,2000,1.0560358323186645,5.196550803083518,0.004194185317868502,0.6247873225996362,False,Event volume around its typical baseline (0.6x). Average event tone was positive (5.20). Average Goldstein score was 1.06.
Argentina,2001,0.9657581018518516,5.3350854847609055,0.005495993095336183,0.9123278790653759,False,Event volume around its typical baseline (0.9x). Average event tone was positive (5.34). Average Goldstein score was 0.97.
Argentina,2002,0.888189809539313,5.134739697315887,0.004775432174150341,0.8421783887219061,False,Event volume around its typical baseline (0.8x). Average event tone was positive (5.13). Average Goldstein score was 0.89.
Argentina,2003,0.7489038167938935,5.248597005397763,0.004978636894589078,0.9497991570231473,False,Event volume around its typical baseline (0.9x). Average event tone was positive (5.25). Average Goldstein score was 0.75.
Argentina,2004,1.3170858057831771,5.327659233485694,0.0040607522876817724,0.7916863493319203,False,Event volume around its typical baseline (0.8x). Average event tone was positive (5.33). Average Goldstein score was 1.32.
Argentina,2005,0.4013001083423617,4.984779035470242,0.0028127648842242643,0.5983333145697443,False,Event volume around its typical baseline (0.6x). Average event tone was positive (4.98). Average Goldstein score was 0.40.
Argentina,2006,0.7009742834485103,5.282313053713545,0.0019932909772190795,0.45049016412484516,False,Event volume around its typical baseline (0.5x). Average event tone was positive (5.28). Average Goldstein score was 0.70.
Argentina,2007,0.4887532496891598,4.886652846047482,0.0020730272820081363,0.5566406076775244,False,Event volume around its typical baseline (0.6x). Average event tone was positive (4.89). Average Goldstein score was 0.49.
Argentina,2008,0.8735376925753695,3.5894508462469816,0.00308626342552877,0.9693968624557465,False,Event volume around its typical baseline (1.0x). Average event tone was positive (3.59). Average Goldstein score was 0.87.
Argentina,2009,1.034565927000561,4.609426233057064,0.003365615600609546,1.1997689574998862,False,Event volume around its typical baseline (1.2x). Average event tone was positive (4.61). Average Goldstein score was 1.03.
Argentina,2010,0.9314342177185388,5.534411230585486,0.002482245644131268,0.9310076844241957,False,Event volume around its typical baseline (0.9x). Average event tone was positive (5.53). Average Goldstein score was 0.93.
Argentina,2011,0.8825864129435559,5.390883670411062,0.0015804394496778547,0.607840616757751,False,Event volume around its typical baseline (0.6x). Average event tone was positive (5.39). Average Goldstein score was 0.88.
Argentina,2012,0.7748242661448146,4.839606195328087,0.0024886249289075312,0.9885230817553016,False,Event volume around its typical baseline (1.0x). Average event tone was positive (4.84). Average Goldstein score was 0.77.
Argentina,2013,1.0316025376727362,2.562372240661257,0.002921357475125673,1.1233234647860952,False,Event volume around its typical baseline (1.1x). Average event tone was positive (2.56). Average Goldstein score was 1.03.
Argentina,2014,1.119462769619091,2.4344913731363294,0.0017750760879729993,0.6913214463182585,False,Event volume around its typical baseline (0.7x). Average event tone was positive (2.43). Average Goldstein score was 1.12.
Argentina,2015,0.6233534690624439,-1.082924717122566,0.0017021588259103634,0.756666798511027,False,Event volume around its typical baseline (0.8x). Average event tone was negative (-1.08). Average Goldstein score was 0.62.
Argentina,2016,1.106625986548316,-1.4469930849569674,0.001494781054571742,0.7139998414923475,False,Event volume around its typical baseline (0.7x). Average event tone was negative (-1.45). Average Goldstein score was 1.11.
Argentina,2017,1.1834096591041852,-1.5751136701935968,0.00154189440305797,0.7425807381861576,False,Event volume around its typical baseline (0.7x). Average event tone was negative (-1.58). Average Goldstein score was 1.18.
Argentina,2018,1.5703491992201437,-1.3554088040004562,0.00225046794587837,1.1925829676791242,False,Event volume around its typical baseline (1.2x). Average event tone was negative (-1.36). Average Goldstein score was 1.57.
Argentina,2019,1.2440786092214664,-1.5720225460295825,0.0011249419051222178,0.6417693670810394,False,Event volume around its typical baseline (0.6x). Average event tone was negative (-1.57). Average Goldstein score was 1.24.
Argentina,2020,1.1813629299747173,-1.7488954721795946,0.0009194354784813698,0.5665564550661739,False,Event volume around its typical baseline (0.6x). Average event tone was negative (-1.75). Average Goldstein score was 1.18.
Argentina,2021,1.2102141991108712,-1.1845421019980849,0.0008616630847689658,0.5876428027618182,False,Event volume around its typical baseline (0.6x). Average event tone was negative (-1.18). Average Goldstein score was 1.21.
Argentina,2022,1.1348309873116569,-1.318212969109145,0.0010668022408641881,0.7963109042259575,False,Event volume around its typical baseline (0.8x). Average event tone was negative (-1.32). Average Goldstein score was 1.13.
Argentina,2023,1.3597602207723372,-0.8285968352851197,0.0010900875824613023,0.8758100333343719,False,Event volume around its typical baseline (0.9x). Average event tone was negative (-0.83). Average Goldstein score was 1.36.
Argentina,2024,1.1408761563082557,-1.5131312880389105,0.0012337237322713464,1.2183890170227611,False,Event volume around its typical baseline (1.2x). Average event tone was negative (-1.51). Average Goldstein score was 1.14.
Argentina,2025,1.336816897117809,-1.213367858913932,0.001812444032095553,1.75226693834185,False,Event volume somewhat elevated above its typical baseline (1.8x). Average event tone was negative (-1.21). Average Goldstein score was 1.34.
Australia,1980,1.5736509758897814,4.572607225587622,0.005234531668916597,1.0,True,Event volume around its typical baseline (1.0x). Average event tone was positive (4.57). Average Goldstein score was 1.57.
Australia,1981,1.0625400641025655,4.8212693976402425,0.006084896594520775,1.1624529144897082,False,Event volume around its typical baseline (1.2x). Average event tone was positive (4.82). Average Goldstein score was 1.06.
Australia,1982,0.754780467788264,4.859425807947841,0.005030571025843749,0.8888383598123736,False,Event volume around its typical baseline (0.9x). Average event tone was positive (4.86). Average Goldstein score was 0.75.
Australia,1983,0.9652821541105698,5.068856738520425,0.007790384451630456,1.4294284018845946,False,Event volume around its typical baseline (1.4x). Average event tone was positive (5.07). Average Goldstein score was 0.97.
Australia,1984,0.97984241628365,4.564978808632276,0.006165667110582781,1.0216353106489526,False,Event volume around its typical baseline (1.0x). Average event tone was positive (4.56). Average Goldstein score was 0.98.
Australia,1985,1.317537313432836,4.93630165452729,0.009054976518900339,1.4939222142917126,False,Event volume around its typical baseline (1.5x). Average event tone was positive (4.94). Average Goldstein score was 1.32.
Australia,1986,1.338626933232742,4.211686038932682,0.009446741930311761,1.384077347546499,False,Event volume around its typical baseline (1.4x). Average event tone was positive (4.21). Average Goldstein score was 1.34.
Australia,1987,1.1509251968503935,3.951812692057907,0.008729695034643933,1.1643213320596522,False,Event volume around its typical baseline (1.2x). Average event tone was positive (3.95). Average Goldstein score was 1.15.
Australia,1988,1.588285767580674,3.635055678251213,0.009382580077372263,1.1390091702509002,False,Event volume around its typical baseline (1.1x). Average event tone was positive (3.64). Average Goldstein score was 1.59.
Australia,1989,1.726211055276382,3.5728731879432285,0.009478912129599452,1.107876030424596,False,Event volume around its typical baseline (1.1x). Average event tone was positive (3.57). Average Goldstein score was 1.73.
Australia,1990,1.459640792733278,3.543433306781868,0.008915685549865372,0.9671429275546354,False,Event volume around its typical baseline (1.0x). Average event tone was positive (3.54). Average Goldstein score was 1.46.
Australia,1991,1.3940581380458443,4.323837292925249,0.010338524939145234,1.1248870194146392,False,Event volume around its typical baseline (1.1x). Average event tone was positive (4.32). Average Goldstein score was 1.39.
Australia,1992,1.7491228070175435,4.224838441964309,0.012834010037037717,1.3698261364794848,False,Event volume around its typical baseline (1.4x). Average event tone was positive (4.22). Average Goldstein score was 1.75.
Australia,1993,1.237157038466841,4.319842900720749,0.011187484909277064,1.097894797552662,False,Event volume around its typical baseline (1.1x). Average event tone was positive (4.32). Average Goldstein score was 1.24.
Australia,1994,0.6778611797951253,4.632990716698942,0.011696740268511273,1.1085987168911,False,Event volume around its typical baseline (1.1x). Average event tone was positive (4.63). Average Goldstein score was 0.68.
Australia,1995,0.7011275600214777,4.958074651672991,0.011836776102467526,1.0766099225635697,False,Event volume around its typical baseline (1.1x). Average event tone was positive (4.96). Average Goldstein score was 0.70.
Australia,1996,0.7419588434488144,5.357258413436836,0.012131056753840472,1.047703900838436,False,Event volume around its typical baseline (1.0x). Average event tone was positive (5.36). Average Goldstein score was 0.74.
Australia,1997,0.9701277561288416,5.417830073262999,0.009607359728407008,0.8048243115090883,False,Event volume around its typical baseline (0.8x). Average event tone was positive (5.42). Average Goldstein score was 0.97.
Australia,1998,0.863782833707646,5.295065865639401,0.00877354556439735,0.7769780412280629,False,Event volume around its typical baseline (0.8x). Average event tone was positive (5.30). Average Goldstein score was 0.86.
Australia,1999,0.8426435765028109,5.553967930682533,0.012865132696157137,1.1902136009181816,False,Event volume around its typical baseline (1.2x). Average event tone was positive (5.55). Average Goldstein score was 0.84.
Australia,2000,0.964719282774838,5.402680500650182,0.010880242140484045,0.9852815944542874,False,Event volume around its typical baseline (1.0x). Average event tone was positive (5.40). Average Goldstein score was 0.96.
Australia,2001,0.8221121903375832,5.298334373713239,0.010593588579715872,0.976235582894894,False,Event volume around its typical baseline (1.0x). Average event tone was positive (5.30). Average Goldstein score was 0.82.
Australia,2002,0.2977775026310899,5.119429685622243,0.01361006993588978,1.2907913343802284,False,Event volume around its typical baseline (1.3x). Average event tone was positive (5.12). Average Goldstein score was 0.30.
Australia,2003,0.4845358364489701,5.189158918376461,0.013023652306150655,1.1480130624252265,False,Event volume around its typical baseline (1.1x). Average event tone was positive (5.19). Average Goldstein score was 0.48.
Australia,2004,0.3442484380742373,5.295638159953673,0.013433404631311164,1.1015920068350347,False,Event volume around its typical baseline (1.1x). Average event tone was positive (5.30). Average Goldstein score was 0.34.
Australia,2005,0.5616988324994046,5.273968074286137,0.018848864897730182,1.5314081576547676,False,Event volume somewhat elevated above its typical baseline (1.5x). Average event tone was positive (5.27). Average Goldstein score was 0.56.
Australia,2006,0.7389173105033149,5.485025709864906,0.01997984147636087,1.4372005539040484,False,Event volume around its typical baseline (1.4x). Average event tone was positive (5.49). Average Goldstein score was 0.74.
Australia,2007,0.4032457724997778,5.3787426230452455,0.0329771108596953,2.089914606533687,False,Event volume somewhat elevated above its typical baseline (2.1x). Average event tone was positive (5.38). Average Goldstein score was 0.40.
Australia,2008,0.3270243944325633,5.3552046478951,0.042109292328515534,2.142685764265827,False,Event volume somewhat elevated above its typical baseline (2.1x). Average event tone was positive (5.36). Average Goldstein score was 0.33.
Australia,2009,0.597313471344769,5.532019845956097,0.039444194113678305,1.5486711550363956,False,Event volume somewhat elevated above its typical baseline (1.5x). Average event tone was positive (5.53). Average Goldstein score was 0.60.
Australia,2010,0.7652229597813354,5.696139103340584,0.03398244510233284,1.1079355568192801,False,Event volume around its typical baseline (1.1x). Average event tone was positive (5.70). Average Goldstein score was 0.77.
Australia,2011,0.7013721847927575,5.630544085217217,0.029450573846034816,0.8739411768543154,False,Event volume around its typical baseline (0.9x). Average event tone was positive (5.63). Average Goldstein score was 0.70.
Australia,2012,0.6994754676295933,5.225417729328462,0.029398099569547302,0.8259581421465096,False,Event volume around its typical baseline (0.8x). Average event tone was positive (5.23). Average Goldstein score was 0.70.
Australia,2013,0.8340269417680234,2.622093377073909,0.026159655993775573,0.7500563481437968,False,Event volume around its typical baseline (0.8x). Average event tone was positive (2.62). Average Goldstein score was 0.83.
Australia,2014,0.7565316651686655,2.469740014253515,0.03378289194639208,1.0661438014443079,False,Event volume around its typical baseline (1.1x). Average event tone was positive (2.47). Average Goldstein score was 0.76.
Australia,2015,0.8490404512470179,-1.0489264909301792,0.07053004762070858,2.3083182218468363,False,Event volume somewhat elevated above its typical baseline (2.3x). Average event tone was negative (-1.05). Average Goldstein score was 0.85.
Australia,2016,0.7501590580224873,-1.5363335211355236,0.047047653625651276,1.2425348160829606,False,Event volume around its typical baseline (1.2x). Average event tone was negative (-1.54). Average Goldstein score was 0.75.
Australia,2017,0.7531282936836564,-1.3092514991435014,0.03962161643776345,0.9574215306654921,False,Event volume around its typical baseline (1.0x). Average event tone was negative (-1.31). Average Goldstein score was 0.75.
Australia,2018,0.8667816331972277,-1.3784184174595493,0.040582947983365335,0.9344800429591927,False,Event volume around its typical baseline (0.9x). Average event tone was negative (-1.38). Average Goldstein score was 0.87.
Australia,2019,0.5341603569497018,-2.035510941813272,0.02904887052708195,0.6272288721328054,False,Event volume around its typical baseline (0.6x). Average event tone was negative (-2.04). Average Goldstein score was 0.53.
Australia,2020,0.7398956065848429,-2.0611233469035315,0.03948861637542783,0.8704408274346296,False,Event volume around its typical baseline (0.9x). Average event tone was negative (-2.06). Average Goldstein score was 0.74.
Australia,2021,0.8321436189588585,-1.774960598863695,0.03200101398654644,0.8172292305878597,False,Event volume around its typical baseline (0.8x). Average event tone was negative (-1.77). Average Goldstein score was 0.83.
Australia,2022,1.0087456435957256,-1.254931900857763,0.02089794079272222,0.5781118284360702,False,Event volume around its typical baseline (0.6x). Average event tone was negative (-1.25). Average Goldstein score was 1.01.
Australia,2023,0.9602737045821342,-1.2119786931425789,0.05083153928434435,1.5686869142453035,False,Event volume somewhat elevated above its typical baseline (1.6x). Average event tone was negative (-1.21). Average Goldstein score was 0.96.
Australia,2024,0.8722180475721502,-1.315386787018784,0.06290132966858517,1.8256825591098955,False,Event volume somewhat elevated above its typical baseline (1.8x). Average event tone was negative (-1.32). Average Goldstein score was 0.87.
Australia,2025,0.7267812500657049,-1.443017013688657,0.057779955817008635,1.4016066477162277,False,Event volume around its typical baseline (1.4x). Average event tone was negative (-1.44). Average Goldstein score was 0.73.
Brazil,1980,1.9306778476589803,4.4527099015276725,0.004529102401069527,1.0,True,Event volume around its typical baseline (1.0x). Average event tone was positive (4.45). Average Goldstein score was 1.93.
Brazil,1981,0.7520286396181385,4.556298261685704,0.004865211875129986,1.0742110564735936,False,Event volume around its typical baseline (1.1x). Average event tone was positive (4.56). Average Goldstein score was 0.75.
Brazil,1982,1.3587670727205603,4.826608149486177,0.005692677655854657,1.2119410716920662,False,Event volume around its typical baseline (1.2x). Average event tone was positive (4.83). Average Goldstein score was 1.36.
Brazil,1983,1.0106198526224532,4.291670095419085,0.004786174611778829,0.9517154844386199,False,Event volume around its typical baseline (1.0x). Average event tone was positive (4.29). Average Goldstein score was 1.01.
Brazil,1984,1.002404488378306,4.723602014113415,0.0074527259130818205,1.5000580600265812,False,Event volume somewhat elevated above its typical baseline (1.5x). Average event tone was positive (4.72). Average Goldstein score was 1.00.
Brazil,1985,1.054064798250844,4.900541497247999,0.00857922278190692,1.5697973625992125,False,Event volume somewhat elevated above its typical baseline (1.6x). Average event tone was positive (4.90). Average Goldstein score was 1.05.
Brazil,1986,1.4206038135593222,4.590985672393351,0.006626774998958451,1.0560256705060036,False,Event volume around its typical baseline (1.1x). Average event tone was positive (4.59). Average Goldstein score was 1.42.
Brazil,1987,1.380781584582441,3.9249985744840696,0.0068419710011355965,1.0323584032018664,False,Event volume around its typical baseline (1.0x). Average event tone was positive (3.92). Average Goldstein score was 1.38.
Brazil,1988,1.7201607185062633,3.93840606830908,0.0075021193151761905,1.0940222112484965,False,Event volume around its typical baseline (1.1x). Average event tone was positive (3.94). Average Goldstein score was 1.72.
Brazil,1989,0.9416066801036572,4.226544910935055,0.006247859613828839,0.8442411450243524,False,Event volume around its typical baseline (0.8x). Average event tone was positive (4.23). Average Goldstein score was 0.94.
Brazil,1990,0.967010974822466,4.101579360430906,0.005722612322475054,0.7992933517688291,False,Event volume around its typical baseline (0.8x). Average event tone was positive (4.10). Average Goldstein score was 0.97.
Brazil,1991,1.311984681234512,4.10535350746243,0.006828015754934931,1.036390190050443,False,Event volume around its typical baseline (1.0x). Average event tone was positive (4.11). Average Goldstein score was 1.31.
Brazil,1992,1.1761224033951307,4.47821781542767,0.008918427909896831,1.3454638181533458,False,Event volume around its typical baseline (1.3x). Average event tone was positive (4.48). Average Goldstein score was 1.18.
Brazil,1993,-0.351749157812905,3.8778856279237455,0.006098111766316098,0.8657408956274001,False,Event volume around its typical baseline (0.9x). Average event tone was positive (3.88). Average Goldstein score was -0.35.
Brazil,1994,0.8374777624036375,4.181967922998206,0.005752118463442775,0.8505269566895881,False,Event volume around its typical baseline (0.9x). Average event tone was positive (4.18). Average Goldstein score was 0.84.
Brazil,1995,1.5777821625887924,4.506127830960094,0.007731948608643235,1.1602812494649175,False,Event volume around its typical baseline (1.2x). Average event tone was positive (4.51). Average Goldstein score was 1.58.
Brazil,1996,1.7353912182238371,5.276060811888362,0.007557199573051172,1.0695576331003862,False,Event volume around its typical baseline (1.1x). Average event tone was positive (5.28). Average Goldstein score was 1.74.
Brazil,1997,1.7672205294229673,5.579188372475636,0.01070454532447101,1.4843589248152298,False,Event volume around its typical baseline (1.5x). Average event tone was positive (5.58). Average Goldstein score was 1.77.
Brazil,1998,1.5237178354825414,5.1630659972654,0.006756241441872604,0.8926454731567741,False,Event volume around its typical baseline (0.9x). Average event tone was positive (5.16). Average Goldstein score was 1.52.
Brazil,1999,1.357810180738671,5.289024926197799,0.008072914724110461,1.0483745682124093,False,Event volume around its typical baseline (1.0x). Average event tone was positive (5.29). Average Goldstein score was 1.36.
Brazil,2000,1.0758836981378632,5.089942954723857,0.005730421657070116,0.7018644831377013,False,Event volume around its typical baseline (0.7x). Average event tone was positive (5.09). Average Goldstein score was 1.08.
Brazil,2001,0.9995293519048528,5.289570390844215,0.005110867948304499,0.6582552564078054,False,Event volume around its typical baseline (0.7x). Average event tone was positive (5.29). Average Goldstein score was 1.00.
Brazil,2002,1.0769801778285335,5.731958514275177,0.004591708119135668,0.6311627825610964,False,Event volume around its typical baseline (0.6x). Average event tone was positive (5.73). Average Goldstein score was 1.08.
Brazil,2003,1.4166725873297814,5.750786796214461,0.007625537909173702,1.259913279267477,False,Event volume around its typical baseline (1.3x). Average event tone was positive (5.75). Average Goldstein score was 1.42.
Brazil,2004,1.3431862719135643,5.55894756973235,0.007114556078411417,1.142663768736064,False,Event volume around its typical baseline (1.1x). Average event tone was positive (5.56). Average Goldstein score was 1.34.
Brazil,2005,0.4150364963503649,4.97860719400114,0.00830565588177916,1.376334908107825,False,Event volume around its typical baseline (1.4x). Average event tone was positive (4.98). Average Goldstein score was 0.42.
Brazil,2006,0.6400543502472487,5.025204684367769,0.0059446992775683185,0.9076340709812168,False,Event volume around its typical baseline (0.9x). Average event tone was positive (5.03). Average Goldstein score was 0.64.
Brazil,2007,0.9124599918856784,5.096801629690943,0.005836838871928165,0.8690387019635815,False,Event volume around its typical baseline (0.9x). Average event tone was positive (5.10). Average Goldstein score was 0.91.
Brazil,2008,1.0546139495871232,3.84635849371819,0.006545364378423418,0.939689070087623,False,Event volume around its typical baseline (0.9x). Average event tone was positive (3.85). Average Goldstein score was 1.05.
Brazil,2009,1.3554460373602002,4.443376412872368,0.007999594014469699,1.1852263720633143,False,Event volume around its typical baseline (1.2x). Average event tone was positive (4.44). Average Goldstein score was 1.36.
Brazil,2010,1.617179475097772,5.7109407795971725,0.004786190960528834,0.6910039696505684,False,Event volume around its typical baseline (0.7x). Average event tone was positive (5.71). Average Goldstein score was 1.62.
Brazil,2011,1.2584486821521217,5.682969479629756,0.004286258196498673,0.6888280217028202,False,Event volume around its typical baseline (0.7x). Average event tone was positive (5.68). Average Goldstein score was 1.26.
Brazil,2012,1.402323340266778,5.466578987110863,0.0038138041642882398,0.6474116006341293,False,Event volume around its typical baseline (0.6x). Average event tone was positive (5.47). Average Goldstein score was 1.40.
Brazil,2013,1.2287431271038551,2.413828745492792,0.005692276144925668,1.0375546301473029,False,Event volume around its typical baseline (1.0x). Average event tone was positive (2.41). Average Goldstein score was 1.23.
Brazil,2014,1.286266224958693,2.3919087880634398,0.0031903941660096527,0.6001917645399343,False,Event volume around its typical baseline (0.6x). Average event tone was positive (2.39). Average Goldstein score was 1.29.
Brazil,2015,1.0215169607919652,-1.2060646607980146,0.003073413042274307,0.7059175488403542,False,Event volume around its typical baseline (0.7x). Average event tone was negative (-1.21). Average Goldstein score was 1.02.
Brazil,2016,0.6510321356097017,-2.588520283989248,0.005342567256833781,1.3319027825733674,False,Event volume around its typical baseline (1.3x). Average event tone was negative (-2.59). Average Goldstein score was 0.65.
Brazil,2017,0.566994078682223,-2.1667003999781342,0.003913167104647299,0.9267437506615516,False,Event volume around its typical baseline (0.9x). Average event tone was negative (-2.17). Average Goldstein score was 0.57.
Brazil,2018,0.7504998792308579,-1.857564959564306,0.0039448198325457845,0.9298636933443268,False,Event volume around its typical baseline (0.9x). Average event tone was negative (-1.86). Average Goldstein score was 0.75.
Brazil,2019,0.7295867086368464,-2.192777418960896,0.00494569964836444,1.2704500153232055,False,Event volume around its typical baseline (1.3x). Average event tone was negative (-2.19). Average Goldstein score was 0.73.
Brazil,2020,0.8099356290391654,-2.576545417145251,0.004360063139417793,1.0273637100704422,False,Event volume around its typical baseline (1.0x). Average event tone was negative (-2.58). Average Goldstein score was 0.81.
Brazil,2021,0.7552016186658039,-2.0975514618263555,0.00435701849699682,0.9679545748241292,False,Event volume around its typical baseline (1.0x). Average event tone was negative (-2.10). Average Goldstein score was 0.76.
Brazil,2022,0.9641681322546596,-1.598369398578788,0.003956680431374632,0.9192702580512357,False,Event volume around its typical baseline (0.9x). Average event tone was negative (-1.60). Average Goldstein score was 0.96.
Brazil,2023,1.1473195642437968,-1.4141246828069864,0.004324840635841387,1.0027787445815037,False,Event volume around its typical baseline (1.0x). Average event tone was negative (-1.41). Average Goldstein score was 1.15.
Brazil,2024,1.0953773617137603,-1.3403125464529806,0.003734810383159262,0.8509749645378247,False,Event volume around its typical baseline (0.9x). Average event tone was negative (-1.34). Average Goldstein score was 1.10.
Brazil,2025,1.0927764570174583,-1.3283196061260716,0.004608333597753564,1.1113301940358584,False,Event volume around its typical baseline (1.1x). Average event tone was negative (-1.33). Average Goldstein score was 1.09.
Canada,1980,1.2328091684434974,5.325430241129495,0.010925091096801136,1.0,True,Event volume around its typical baseline (1.0x). Average event tone was positive (5.33). Average Goldstein score was 1.23.
Canada,1981,0.982673429319372,5.244204613434063,0.01416502604793406,1.296559078768833,False,Event volume around its typical baseline (1.3x). Average event tone was positive (5.24). Average Goldstein score was 0.98.
Canada,1982,0.7752724077328649,4.968365731339467,0.011495363711416096,0.9163260294962978,False,Event volume around its typical baseline (0.9x). Average event tone was positive (4.97). Average Goldstein score was 0.78.
Canada,1983,0.7863829787234041,5.064029796499745,0.017478000627218368,1.4331915463354947,False,Event volume around its typical baseline (1.4x). Average event tone was positive (5.06). Average Goldstein score was 0.79.
Canada,1984,0.911743341404358,5.390587073837878,0.017461693614460344,1.2919400035183968,False,Event volume around its typical baseline (1.3x). Average event tone was positive (5.39). Average Goldstein score was 0.91.
Canada,1985,0.9126417424497588,4.959145407599603,0.0157885879115933,1.1037084418177334,False,Event volume around its typical baseline (1.1x). Average event tone was positive (4.96). Average Goldstein score was 0.91.
Canada,1986,0.8900370326125908,4.692676253309513,0.013744235185494572,0.8996252219973161,False,Event volume around its typical baseline (0.9x). Average event tone was positive (4.69). Average Goldstein score was 0.89.
Canada,1987,1.4391806831080391,4.951999899466194,0.016419660637580026,1.0806975533998089,False,Event volume around its typical baseline (1.1x). Average event tone was positive (4.95). Average Goldstein score was 1.44.
Canada,1988,1.304265402843602,5.060063124633725,0.013397148815964547,0.8280867910295333,False,Event volume around its typical baseline (0.8x). Average event tone was positive (5.06). Average Goldstein score was 1.30.
Canada,1989,1.133077270673294,4.659374452577401,0.012165665476046701,0.7919187236722541,False,Event volume around its typical baseline (0.8x). Average event tone was positive (4.66). Average Goldstein score was 1.13.
Canada,1990,1.11170922809054,4.985138813631436,0.01246481178396072,0.871478699516197,False,Event volume around its typical baseline (0.9x). Average event tone was positive (4.99). Average Goldstein score was 1.11.
Canada,1991,1.2848967989123712,5.006559285427141,0.010703968808145807,0.7848460123820368,False,Event volume around its typical baseline (0.8x). Average event tone was positive (5.01). Average Goldstein score was 1.28.
Canada,1992,1.6845037137069547,4.98320834950002,0.010951001934953153,0.8404290790149133,False,Event volume around its typical baseline (0.8x). Average event tone was positive (4.98). Average Goldstein score was 1.68.
Canada,1993,1.361631378935939,5.4580280298831445,0.01053937807159537,0.8829523708180562,False,Event volume around its typical baseline (0.9x). Average event tone was positive (5.46). Average Goldstein score was 1.36.
Canada,1994,1.0885732061385307,5.161421425855921,0.009808032900031951,0.8630059762205289,False,Event volume around its typical baseline (0.9x). Average event tone was positive (5.16). Average Goldstein score was 1.09.
Canada,1995,0.6828100874935664,4.911830110925806,0.01320784265829318,1.2124585286932006,False,Event volume around its typical baseline (1.2x). Average event tone was positive (4.91). Average Goldstein score was 0.68.
Canada,1996,1.3493031846420784,5.459825493334061,0.0104833860915343,0.9494062205493768,False,Event volume around its typical baseline (0.9x). Average event tone was positive (5.46). Average Goldstein score was 1.35.
Canada,1997,1.665595942519019,5.554378718993298,0.010163303007828207,0.9241106780920325,False,Event volume around its typical baseline (0.9x). Average event tone was positive (5.55). Average Goldstein score was 1.67.
Canada,1998,1.2301165039384934,5.2559337439677485,0.009278549423207577,0.8559240643412187,False,Event volume around its typical baseline (0.9x). Average event tone was positive (5.26). Average Goldstein score was 1.23.
Canada,1999,1.350518395380375,5.653759263016968,0.008498329775902402,0.8026209802571176,False,Event volume around its typical baseline (0.8x). Average event tone was positive (5.65). Average Goldstein score was 1.35.
Canada,2000,1.0833066366509374,5.51298554473497,0.008565010227124937,0.8294379398518642,False,Event volume around its typical baseline (0.8x). Average event tone was positive (5.51). Average Goldstein score was 1.08.
Canada,2001,0.9057440289416367,5.539556969851926,0.00866602417005158,0.9221415546046674,False,Event volume around its typical baseline (0.9x). Average event tone was positive (5.54). Average Goldstein score was 0.91.
Canada,2002,1.0329914793538189,5.619755689723155,0.01021191798810828,1.1303567576678977,False,Event volume around its typical baseline (1.1x). Average event tone was positive (5.62). Average Goldstein score was 1.03.
Canada,2003,0.7704920924216593,5.491943502022102,0.0109129641233646,1.2066568738759558,False,Event volume around its typical baseline (1.2x). Average event tone was positive (5.49). Average Goldstein score was 0.77.
Canada,2004,0.9015286282572744,5.7529868865581175,0.008617689969059943,0.9196274246653777,False,Event volume around its typical baseline (0.9x). Average event tone was positive (5.75). Average Goldstein score was 0.90.
Canada,2005,0.8699189174676475,5.780096554475632,0.0102943902997491,1.0957632457531397,False,Event volume around its typical baseline (1.1x). Average event tone was positive (5.78). Average Goldstein score was 0.87.
Canada,2006,0.3790382708075876,5.666459995313242,0.016403334080522244,1.6840172689994837,False,Event volume somewhat elevated above its typical baseline (1.7x). Average event tone was positive (5.67). Average Goldstein score was 0.38.
Canada,2007,0.8357320235852518,6.016631811659364,0.021974048356208892,1.9466630877345859,False,Event volume somewhat elevated above its typical baseline (1.9x). Average event tone was positive (6.02). Average Goldstein score was 0.84.
Canada,2008,0.6459893401992396,5.759404818097711,0.035585525803911056,2.608816684278865,False,A notable spike in event volume above its typical baseline (2.6x). Average event tone was positive (5.76). Average Goldstein score was 0.65.
Canada,2009,0.9200943592999838,5.862525743698209,0.0328643953100806,1.7692812584701543,False,Event volume somewhat elevated above its typical baseline (1.8x). Average event tone was positive (5.86). Average Goldstein score was 0.92.
Canada,2010,0.9649971579164948,5.95987718586583,0.02559025593170041,1.0924643885517589,False,Event volume around its typical baseline (1.1x). Average event tone was positive (5.96). Average Goldstein score was 0.96.
Canada,2011,0.9776010322191778,6.090354735898406,0.020067074715099432,0.7577195499424337,False,Event volume around its typical baseline (0.8x). Average event tone was positive (6.09). Average Goldstein score was 0.98.
Canada,2012,0.865187430742218,5.478054194822586,0.02607792922625724,0.9581746060566689,False,Event volume around its typical baseline (1.0x). Average event tone was positive (5.48). Average Goldstein score was 0.87.
Canada,2013,0.9882721880233836,2.6349399582029887,0.026269368599213208,0.9369524087442648,False,Event volume around its typical baseline (0.9x). Average event tone was positive (2.63). Average Goldstein score was 0.99.
Canada,2014,0.7766909344074796,2.60891774927768,0.027222322791905586,1.0400598248971127,False,Event volume around its typical baseline (1.0x). Average event tone was positive (2.61). Average Goldstein score was 0.78.
Canada,2015,0.9875598659584844,-0.8368381262451317,0.03030896818989585,1.210161546053962,False,Event volume around its typical baseline (1.2x). Average event tone was negative (-0.84). Average Goldstein score was 0.99.
Canada,2016,1.0676703155156084,-1.0639074206729269,0.030863743421281266,1.1875634239986699,False,Event volume around its typical baseline (1.2x). Average event tone was negative (-1.06). Average Goldstein score was 1.07.
Canada,2017,0.99481769789439,-1.0994242750078658,0.029131550638797393,1.0349249645618464,False,Event volume around its typical baseline (1.0x). Average event tone was negative (-1.10). Average Goldstein score was 0.99.
Canada,2018,1.010447574977398,-1.2715337299477474,0.036251682141107515,1.2605251129524024,False,Event volume around its typical baseline (1.3x). Average event tone was negative (-1.27). Average Goldstein score was 1.01.
Canada,2019,0.9394268120993426,-1.428417538004714,0.04037449797729952,1.3127504528730354,False,Event volume around its typical baseline (1.3x). Average event tone was negative (-1.43). Average Goldstein score was 0.94.
Canada,2020,1.0679952562955972,-1.460753109319122,0.03922075199236627,1.1747633156633601,False,Event volume around its typical baseline (1.2x). Average event tone was negative (-1.46). Average Goldstein score was 1.07.
Canada,2021,0.9616355078025076,-1.329205319103914,0.033474878847277525,0.9518441496171869,False,Event volume around its typical baseline (1.0x). Average event tone was negative (-1.33). Average Goldstein score was 0.96.
Canada,2022,0.986708086542558,-1.4089816800761312,0.02923387370519421,0.819090025640361,False,Event volume around its typical baseline (0.8x). Average event tone was negative (-1.41). Average Goldstein score was 0.99.
Canada,2023,0.7900223344462355,-1.2439386657116311,0.03958987401192975,1.1086142142882771,False,Event volume around its typical baseline (1.1x). Average event tone was negative (-1.24). Average Goldstein score was 0.79.
Canada,2024,0.8573914022037066,-1.2082203403658458,0.039785211041941625,1.0936379992564007,False,Event volume around its typical baseline (1.1x). Average event tone was negative (-1.21). Average Goldstein score was 0.86.
Canada,2025,1.071903527720417,-0.7912698195188228,0.04214555203316433,1.1622858562612013,False,Event volume around its typical baseline (1.2x). Average event tone was negative (-0.79). Average Goldstein score was 1.07.
China,1980,1.4580509966894413,5.731754343724625,0.08527284090068744,1.0,True,Event volume around its typical baseline (1.0x). Average event tone was positive (5.73). Average Goldstein score was 1.46.
China,1981,1.6829346807383556,6.092362983691803,0.0571735666590953,0.670478033277702,False,Event volume around its typical baseline (0.7x). Average event tone was positive (6.09). Average Goldstein score was 1.68.
China,1982,1.7401035699555472,6.250642895795914,0.04744806215577395,0.6661882594106231,False,Event volume around its typical baseline (0.7x). Average event tone was positive (6.25). Average Goldstein score was 1.74.
China,1983,1.6657271757058312,5.7979971217989705,0.045884554436116144,0.7248955881366116,False,Event volume around its typical baseline (0.7x). Average event tone was positive (5.80). Average Goldstein score was 1.67.
China,1984,1.734516408575412,6.060272698395394,0.05654567718062619,0.9592995370826757,False,Event volume around its typical baseline (1.0x). Average event tone was positive (6.06). Average Goldstein score was 1.73.
China,1985,1.7740199186840235,5.79242858184417,0.04825377939377493,0.8253455690513581,False,Event volume around its typical baseline (0.8x). Average event tone was positive (5.79). Average Goldstein score was 1.77.
China,1986,1.791868946550281,5.903729023398063,0.04471000547496937,0.8756172700600796,False,Event volume around its typical baseline (0.9x). Average event tone was positive (5.90). Average Goldstein score was 1.79.
China,1987,1.153905904874098,5.670916474362209,0.04941450930695677,1.017420654267141,False,Event volume around its typical baseline (1.0x). Average event tone was positive (5.67). Average Goldstein score was 1.15.
China,1988,1.347105693000279,5.494966051020326,0.04380365102088073,0.894651256100837,False,Event volume around its typical baseline (0.9x). Average event tone was positive (5.49). Average Goldstein score was 1.35.
China,1989,0.4586345288894015,5.818025383221498,0.08447721636471023,1.740164871582465,False,Event volume somewhat elevated above its typical baseline (1.7x). Average event tone was positive (5.82). Average Goldstein score was 0.46.
China,1990,1.4390666180107865,6.243638293038776,0.04411340478327438,0.8149253941526876,False,Event volume around its typical baseline (0.8x). Average event tone was positive (6.24). Average Goldstein score was 1.44.
China,1991,1.6876959082781111,6.291519166367958,0.050631384472994576,0.9498652056063664,False,Event volume around its typical baseline (0.9x). Average event tone was positive (6.29). Average Goldstein score was 1.69.
China,1992,1.8355778689914857,6.599846039748474,0.055506869509105834,1.0186983500724687,False,Event volume around its typical baseline (1.0x). Average event tone was positive (6.60). Average Goldstein score was 1.84.
China,1993,1.3192151041071911,5.9472794484665,0.04011564946178282,0.7201250427757937,False,Event volume around its typical baseline (0.7x). Average event tone was positive (5.95). Average Goldstein score was 1.32.
China,1994,1.2259770169523725,5.9133165614274015,0.047900959872567234,0.8714192131660269,False,Event volume around its typical baseline (0.9x). Average event tone was positive (5.91). Average Goldstein score was 1.23.
China,1995,1.1697628577447403,5.9386748351619305,0.07091280331892663,1.4880874378380669,False,Event volume around its typical baseline (1.5x). Average event tone was positive (5.94). Average Goldstein score was 1.17.
China,1996,1.3366345825414483,6.254767008728296,0.07897748696721223,1.4897608593629872,False,Event volume around its typical baseline (1.5x). Average event tone was positive (6.25). Average Goldstein score was 1.34.
China,1997,1.8292322327237012,6.647705266711678,0.09228557439410992,1.5726183312370268,False,Event volume somewhat elevated above its typical baseline (1.6x). Average event tone was positive (6.65). Average Goldstein score was 1.83.
China,1998,1.5802470961650033,6.4532251620887,0.08653845481063842,1.3104243982073966,False,Event volume around its typical baseline (1.3x). Average event tone was positive (6.45). Average Goldstein score was 1.58.
China,1999,1.2313965294205558,6.400017546579215,0.08657687255314035,1.1494073302000702,False,Event volume around its typical baseline (1.1x). Average event tone was positive (6.40). Average Goldstein score was 1.23.
China,2000,1.3688438300051209,6.46657152045285,0.06463298612342701,0.7781646632728834,False,Event volume around its typical baseline (0.8x). Average event tone was positive (6.47). Average Goldstein score was 1.37.
China,2001,1.4219356392426028,6.495857096659003,0.06637365341346521,0.8113912900105266,False,Event volume around its typical baseline (0.8x). Average event tone was positive (6.50). Average Goldstein score was 1.42.
China,2002,1.506290580006852,6.479000793418727,0.056115809687143386,0.7078045173390627,False,Event volume around its typical baseline (0.7x). Average event tone was positive (6.48). Average Goldstein score was 1.51.
China,2003,1.58452735584722,6.329642507774111,0.06794948148651268,0.9431198766844041,False,Event volume around its typical baseline (0.9x). Average event tone was positive (6.33). Average Goldstein score was 1.58.
China,2004,1.458089795918368,6.231408671971112,0.06307684381541577,0.92312402696655,False,Event volume around its typical baseline (0.9x). Average event tone was positive (6.23). Average Goldstein score was 1.46.
China,2005,1.490889615409693,6.217927108477804,0.06455695988064447,1.0145718772111125,False,Event volume around its typical baseline (1.0x). Average event tone was positive (6.22). Average Goldstein score was 1.49.
China,2006,1.5243003422387675,6.281908051788228,0.06307113534877366,0.9914577040819159,False,Event volume around its typical baseline (1.0x). Average event tone was positive (6.28). Average Goldstein score was 1.52.
China,2007,1.26748770856998,6.017798036330638,0.05284378677883483,0.8394025499513504,False,Event volume around its typical baseline (0.8x). Average event tone was positive (6.02). Average Goldstein score was 1.27.
China,2008,1.073925062196869,5.567794565113532,0.05413305715590808,0.8689144252763527,False,Event volume around its typical baseline (0.9x). Average event tone was positive (5.57). Average Goldstein score was 1.07.
China,2009,1.2414384477502238,5.814841993074695,0.05214724608220287,0.875889104805929,False,Event volume around its typical baseline (0.9x). Average event tone was positive (5.81). Average Goldstein score was 1.24.
China,2010,1.3881663045183943,6.016749305177179,0.05031300665705644,0.8772907277730051,False,Event volume around its typical baseline (0.9x). Average event tone was positive (6.02). Average Goldstein score was 1.39.
China,2011,1.234309895138837,5.989870281070984,0.036662114591419694,0.6726790291670075,False,Event volume around its typical baseline (0.7x). Average event tone was positive (5.99). Average Goldstein score was 1.23.
China,2012,1.0095131735203955,5.360253937946032,0.036796153793905294,0.7475878042173012,False,Event volume around its typical baseline (0.7x). Average event tone was positive (5.36). Average Goldstein score was 1.01.
China,2013,1.246722677300513,2.586388521211365,0.03524470236424652,0.7660173998300961,False,Event volume around its typical baseline (0.8x). Average event tone was positive (2.59). Average Goldstein score was 1.25.
China,2014,1.0610153028158351,2.4546917903862706,0.039568483518831264,0.9369170176767119,False,Event volume around its typical baseline (0.9x). Average event tone was positive (2.45). Average Goldstein score was 1.06.
China,2015,1.3267608954629733,-0.6976386001442169,0.034947481547221756,0.8799148076429723,False,Event volume around its typical baseline (0.9x). Average event tone was negative (-0.70). Average Goldstein score was 1.33.
China,2016,1.2200948804984548,-1.0568209328986746,0.0341078362812293,0.9307945199384968,False,Event volume around its typical baseline (0.9x). Average event tone was negative (-1.06). Average Goldstein score was 1.22.
China,2017,1.234474465269067,-0.95723979391872,0.032043474608600145,0.8868218900986852,False,Event volume around its typical baseline (0.9x). Average event tone was negative (-0.96). Average Goldstein score was 1.23.
China,2018,1.333688802685915,-0.9515892653345136,0.03433541469266174,0.9759260006210976,False,Event volume around its typical baseline (1.0x). Average event tone was negative (-0.95). Average Goldstein score was 1.33.
China,2019,1.0249927415719855,-1.499164688484213,0.03815810882254802,1.0902149184431824,False,Event volume around its typical baseline (1.1x). Average event tone was negative (-1.50). Average Goldstein score was 1.02.
China,2020,0.7968418552652154,-2.442935232709724,0.05688856649476326,1.638568106620802,False,Event volume somewhat elevated above its typical baseline (1.6x). Average event tone was negative (-2.44). Average Goldstein score was 0.80.
China,2021,0.8848065625782063,-1.6237898298414348,0.041516495808927245,1.0616215853116986,False,Event volume around its typical baseline (1.1x). Average event tone was negative (-1.62). Average Goldstein score was 0.88.
China,2022,1.0290902692100086,-1.4529430577747846,0.039158139839033074,0.9647615619094898,False,Event volume around its typical baseline (1.0x). Average event tone was negative (-1.45). Average Goldstein score was 1.03.
China,2023,1.3036350080980568,-0.9058892923161028,0.043580413667098104,1.0373486859465424,False,Event volume around its typical baseline (1.0x). Average event tone was negative (-0.91). Average Goldstein score was 1.30.
China,2024,1.2211891268539117,-0.672833195619289,0.03265442037238733,0.7445089733591503,False,Event volume around its typical baseline (0.7x). Average event tone was negative (-0.67). Average Goldstein score was 1.22.
China,2025,1.318234330889507,-0.6492285986241265,0.03525845909279238,0.8245739699578769,False,Event volume around its typical baseline (0.8x). Average event tone was negative (-0.65). Average Goldstein score was 1.32.
Colombia,1980,0.8578725200506547,4.80086766835203,0.007397944757565784,1.0,True,Event volume around its typical baseline (1.0x). Average event tone was positive (4.80). Average Goldstein score was 0.86.
Colombia,1981,-0.5659428571428572,3.710601486570365,0.004486455807001239,0.6064462433857725,False,Event volume around its typical baseline (0.6x). Average event tone was positive (3.71). Average Goldstein score was -0.57.
Colombia,1982,0.3273445732349841,5.037038001368484,0.0038065990646201676,0.6406043020746754,False,Event volume around its typical baseline (0.6x). Average event tone was positive (5.04). Average Goldstein score was 0.33.
Colombia,1983,0.8251963977773522,4.584624589359192,0.010186067860043075,1.947498840245156,False,Event volume somewhat elevated above its typical baseline (1.9x). Average event tone was positive (4.58). Average Goldstein score was 0.83.
Colombia,1984,0.5224294914501442,4.911698843552911,0.009213493858167311,1.4241944319234567,False,Event volume around its typical baseline (1.4x). Average event tone was positive (4.91). Average Goldstein score was 0.52.
Colombia,1985,-0.1967642842514847,4.5943558464265735,0.009030623493971974,1.2867596224193365,False,Event volume around its typical baseline (1.3x). Average event tone was positive (4.59). Average Goldstein score was -0.20.
Colombia,1986,-0.508498152575527,4.699119691717836,0.00778783883474472,1.0603420091708395,False,Event volume around its typical baseline (1.1x). Average event tone was positive (4.70). Average Goldstein score was -0.51.
Colombia,1987,-0.506040268456376,4.135963588465642,0.005213047843188888,0.6512300976151985,False,Event volume around its typical baseline (0.7x). Average event tone was positive (4.14). Average Goldstein score was -0.51.
Colombia,1988,-1.3051825430130093,4.237980755792747,0.007255967119747126,0.8756673178757597,False,Event volume around its typical baseline (0.9x). Average event tone was positive (4.24). Average Goldstein score was -1.31.
Colombia,1989,-1.6963201143265447,4.204924972141763,0.019610073339763452,2.546698531766143,False,A notable spike in event volume above its typical baseline (2.5x). Average event tone was positive (4.20). Average Goldstein score was -1.70.
Colombia,1990,-1.6067893698938864,4.467470595660328,0.01881928092497756,1.9243582430984152,False,Event volume somewhat elevated above its typical baseline (1.9x). Average event tone was positive (4.47). Average Goldstein score was -1.61.
Colombia,1991,-0.1717910447761194,4.3371962147787,0.009582963571579159,0.8164578942795395,False,Event volume around its typical baseline (0.8x). Average event tone was positive (4.34). Average Goldstein score was -0.17.
Colombia,1992,-0.3269135802469135,4.317496983133929,0.006999595634645379,0.578657522138092,False,Event volume around its typical baseline (0.6x). Average event tone was positive (4.32). Average Goldstein score was -0.33.
Colombia,1993,-1.127104208416834,4.235474392409738,0.008831013784033765,0.7091146912547174,False,Event volume around its typical baseline (0.7x). Average event tone was positive (4.24). Average Goldstein score was -1.13.
Colombia,1994,-0.5566479750778813,4.47357143642246,0.008422700765046335,0.6596424323875894,False,Event volume around its typical baseline (0.7x). Average event tone was positive (4.47). Average Goldstein score was -0.56.
Colombia,1995,-0.4938361947649873,4.562459183846274,0.010037005007544807,0.9530813100809798,False,Event volume around its typical baseline (1.0x). Average event tone was positive (4.56). Average Goldstein score was -0.49.
Colombia,1996,-0.0988315895692814,5.191427212281969,0.01080287632772956,1.2311453158222934,False,Event volume around its typical baseline (1.2x). Average event tone was positive (5.19). Average Goldstein score was -0.10.
Colombia,1997,-0.0513357529600761,5.053631262128815,0.007804752361159787,0.8654025251097256,False,Event volume around its typical baseline (0.9x). Average event tone was positive (5.05). Average Goldstein score was -0.05.
Colombia,1998,-0.1612737153208122,5.206438526846183,0.008925204153101357,0.9722794495086906,False,Event volume around its typical baseline (1.0x). Average event tone was positive (5.21). Average Goldstein score was -0.16.
Colombia,1999,0.3179492281888735,5.341086271660736,0.013684374457194294,1.4876733128246686,False,Event volume around its typical baseline (1.5x). Average event tone was positive (5.34). Average Goldstein score was 0.32.
Colombia,2000,0.0103548050469594,5.2829065434633256,0.017023847527163953,1.6607266760129957,False,Event volume somewhat elevated above its typical baseline (1.7x). Average event tone was positive (5.28). Average Goldstein score was 0.01.
Colombia,2001,0.1564988099127268,5.561698756391368,0.014273043663050914,1.225342132419073,False,Event volume around its typical baseline (1.2x). Average event tone was positive (5.56). Average Goldstein score was 0.16.
Colombia,2002,-0.524792408066429,5.324843220580937,0.014057490953587291,1.1389736308219314,False,Event volume around its typical baseline (1.1x). Average event tone was positive (5.32). Average Goldstein score was -0.52.
Colombia,2003,-0.2876304742455187,5.028668158759793,0.011049414152710471,0.8128877444833335,False,Event volume around its typical baseline (0.8x). Average event tone was positive (5.03). Average Goldstein score was -0.29.
Colombia,2004,-0.3496551106333421,5.324741136281965,0.00843035281950559,0.6014105325369555,False,Event volume around its typical baseline (0.6x). Average event tone was positive (5.32). Average Goldstein score was -0.35.
Colombia,2005,-0.7150088056878217,4.788911125633071,0.00832937595394627,0.642360242828295,False,Event volume around its typical baseline (0.6x). Average event tone was positive (4.79). Average Goldstein score was -0.72.
Colombia,2006,-0.1536049714154776,5.361252050221714,0.0032212032414632662,0.2868918546074157,False,Event volume around its typical baseline (0.3x). Average event tone was positive (5.36). Average Goldstein score was -0.15.
Colombia,2007,0.4129723551682264,5.5126516663135465,0.005099098589400926,0.5654627627948365,False,Event volume around its typical baseline (0.6x). Average event tone was positive (5.51). Average Goldstein score was 0.41.
Colombia,2008,0.5511394861953154,5.305271578348777,0.009080716138242505,1.256691903143138,False,Event volume around its typical baseline (1.3x). Average event tone was positive (5.31). Average Goldstein score was 0.55.
Colombia,2009,0.3510094471434245,4.795451651802589,0.004223769567099633,0.6182197360805239,False,Event volume around its typical baseline (0.6x). Average event tone was positive (4.80). Average Goldstein score was 0.35.
Colombia,2010,-0.0846370151915229,5.3972641446591085,0.0034335117106511197,0.5731276241080615,False,Event volume around its typical baseline (0.6x). Average event tone was positive (5.40). Average Goldstein score was -0.08.
Colombia,2011,0.0947404166600856,5.318174744611334,0.0023594251827199243,0.4707871750345983,False,Event volume around its typical baseline (0.5x). Average event tone was positive (5.32). Average Goldstein score was 0.09.
Colombia,2012,0.5336680553620952,4.867881837221242,0.0033056232783836626,0.6830782104345358,False,Event volume around its typical baseline (0.7x). Average event tone was positive (4.87). Average Goldstein score was 0.53.
Colombia,2013,0.9019350934013798,2.653666153640424,0.002249938348587147,0.5021501006895029,False,Event volume around its typical baseline (0.5x). Average event tone was positive (2.65). Average Goldstein score was 0.90.
Colombia,2014,0.7010913702488814,2.7595332060130224,0.002071070338960184,0.6649867338947347,False,Event volume around its typical baseline (0.7x). Average event tone was positive (2.76). Average Goldstein score was 0.70.
Colombia,2015,0.6509489486138058,-1.8933868048573976,0.0018603030357717681,0.6931307016179817,False,Event volume around its typical baseline (0.7x). Average event tone was negative (-1.89). Average Goldstein score was 0.65.
Colombia,2016,1.203812164362935,-1.7403255897200565,0.0028492327607462344,1.2025772964816734,False,Event volume around its typical baseline (1.2x). Average event tone was negative (-1.74). Average Goldstein score was 1.20.
Colombia,2017,0.7998096715071193,-2.3835614291006344,0.002423170519145452,0.9821407124996816,False,Event volume around its typical baseline (1.0x). Average event tone was negative (-2.38). Average Goldstein score was 0.80.
Colombia,2018,0.5950266835558695,-2.522839733275776,0.0018379535595684825,0.8023394850724218,False,Event volume around its typical baseline (0.8x). Average event tone was negative (-2.52). Average Goldstein score was 0.60.
Colombia,2019,0.416859849126971,-2.695667265699073,0.0018119259694817935,0.8204900565098459,False,Event volume around its typical baseline (0.8x). Average event tone was negative (-2.70). Average Goldstein score was 0.42.
Colombia,2020,0.4472104532345926,-3.1372828569362152,0.0013538864947728391,0.6278116002371524,False,Event volume around its typical baseline (0.6x). Average event tone was negative (-3.14). Average Goldstein score was 0.45.
Colombia,2021,-0.0718250411485748,-3.367857537940711,0.0017372343644862383,0.8452733276096539,False,Event volume around its typical baseline (0.8x). Average event tone was negative (-3.37). Average Goldstein score was -0.07.
Colombia,2022,0.7688609133870621,-2.11079768193899,0.0014422759425938333,0.7869102165153756,False,Event volume around its typical baseline (0.8x). Average event tone was negative (-2.11). Average Goldstein score was 0.77.
Colombia,2023,0.8589374972353704,-2.2367418986888383,0.0014684658637510774,0.8972359018389662,False,Event volume around its typical baseline (0.9x). Average event tone was negative (-2.24). Average Goldstein score was 0.86.
Colombia,2024,0.7104029750264486,-1.9709555082255776,0.0013915615131216564,0.8904524924523887,False,Event volume around its typical baseline (0.9x). Average event tone was negative (-1.97). Average Goldstein score was 0.71.
Colombia,2025,-0.0570214069062063,-3.5299305428543253,0.0019051206076228183,1.2883885474234966,False,Event volume around its typical baseline (1.3x). Average event tone was negative (-3.53). Average Goldstein score was -0.06.
Egypt,1980,1.580646708885051,5.159660762134352,0.02767051740663031,1.0,True,Event volume around its typical baseline (1.0x). Average event tone was positive (5.16). Average Goldstein score was 1.58.
Egypt,1981,0.7393168329334512,5.154614833906627,0.03376339807319123,1.2201939550686163,False,Event volume around its typical baseline (1.2x). Average event tone was positive (5.15). Average Goldstein score was 0.74.
Egypt,1982,1.4449037776193867,5.028373132974105,0.027927225845188367,0.9091794207504579,False,Event volume around its typical baseline (0.9x). Average event tone was positive (5.03). Average Goldstein score was 1.44.
Egypt,1983,1.7300069060773482,4.928540510623926,0.01708443148470065,0.5735523706852819,False,Event volume around its typical baseline (0.6x). Average event tone was positive (4.93). Average Goldstein score was 1.73.
Egypt,1984,1.53402052574721,5.083125628483927,0.021158015267933664,0.795073565182732,False,Event volume around its typical baseline (0.8x). Average event tone was positive (5.08). Average Goldstein score was 1.53.
Egypt,1985,1.2417752795107777,4.583164151769225,0.025966412829869334,1.0174640549319545,False,Event volume around its typical baseline (1.0x). Average event tone was positive (4.58). Average Goldstein score was 1.24.
Egypt,1986,1.4593423886036117,4.333497929197996,0.020122721796227615,0.7991582346756191,False,Event volume around its typical baseline (0.8x). Average event tone was positive (4.33). Average Goldstein score was 1.46.
Egypt,1987,1.8014636174636167,4.449455964123348,0.02022761310709172,0.9009365771517704,False,Event volume around its typical baseline (0.9x). Average event tone was positive (4.45). Average Goldstein score was 1.80.
Egypt,1988,1.9533630620587144,4.278987677459311,0.021298870974040804,1.0185077973668153,False,Event volume around its typical baseline (1.0x). Average event tone was positive (4.28). Average Goldstein score was 1.95.
Egypt,1989,2.064734126415365,4.385920237550176,0.02245027272862633,1.0319721750655364,False,Event volume around its typical baseline (1.0x). Average event tone was positive (4.39). Average Goldstein score was 2.06.
Egypt,1990,1.5970883475198123,4.053865194266642,0.0275748904492899,1.2526537553807027,False,Event volume around its typical baseline (1.3x). Average event tone was positive (4.05). Average Goldstein score was 1.60.
Egypt,1991,2.1007704497022024,4.8658537198025895,0.022063707859839528,0.9878590784300055,False,Event volume around its typical baseline (1.0x). Average event tone was positive (4.87). Average Goldstein score was 2.10.
Egypt,1992,1.4097201210287436,4.186512381990267,0.023488119136870284,1.0336683414091374,False,Event volume around its typical baseline (1.0x). Average event tone was positive (4.19). Average Goldstein score was 1.41.
Egypt,1993,0.5021092963851692,4.114104987377064,0.038181289255199195,1.6334121040884715,False,Event volume somewhat elevated above its typical baseline (1.6x). Average event tone was positive (4.11). Average Goldstein score was 0.50.
Egypt,1994,0.6717111395944999,4.226924898685981,0.03727176059997781,1.3932505994715647,False,Event volume around its typical baseline (1.4x). Average event tone was positive (4.23). Average Goldstein score was 0.67.
Egypt,1995,0.4442225091570265,4.520384912811272,0.03848983716614726,1.2952583607203707,False,Event volume around its typical baseline (1.3x). Average event tone was positive (4.52). Average Goldstein score was 0.44.
Egypt,1996,1.3009958112700537,5.02050954465867,0.031187407728639448,0.9776940859968902,False,Event volume around its typical baseline (1.0x). Average event tone was positive (5.02). Average Goldstein score was 1.30.
Egypt,1997,1.2344353762714202,5.136635976878282,0.026935642663809968,0.7987159303339036,False,Event volume around its typical baseline (0.8x). Average event tone was positive (5.14). Average Goldstein score was 1.23.
Egypt,1998,1.7358694094036686,5.28772960568725,0.021053255779294247,0.6117787197086737,False,Event volume around its typical baseline (0.6x). Average event tone was positive (5.29). Average Goldstein score was 1.74.
Egypt,1999,1.7375566984874071,5.896491346881135,0.0186738863663039,0.6026248545931108,False,Event volume around its typical baseline (0.6x). Average event tone was positive (5.90). Average Goldstein score was 1.74.
Egypt,2000,1.6394003780836477,5.602170912750981,0.023831841631295397,0.87398549358546,False,Event volume around its typical baseline (0.9x). Average event tone was positive (5.60). Average Goldstein score was 1.64.
Egypt,2001,1.5728225393574806,5.370886706286051,0.01946048925433732,0.7996451319697067,False,Event volume around its typical baseline (0.8x). Average event tone was positive (5.37). Average Goldstein score was 1.57.
Egypt,2002,1.5205105904021288,5.565454525401392,0.021553395244686444,0.9800997028853355,False,Event volume around its typical baseline (1.0x). Average event tone was positive (5.57). Average Goldstein score was 1.52.
Egypt,2003,1.5826655699846572,5.431613804315014,0.019370502879460207,0.9261724957352611,False,Event volume around its typical baseline (0.9x). Average event tone was positive (5.43). Average Goldstein score was 1.58.
Egypt,2004,1.5685558372999986,5.306713021561458,0.02606738940113592,1.266758682593297,False,Event volume around its typical baseline (1.3x). Average event tone was positive (5.31). Average Goldstein score was 1.57.
Egypt,2005,0.7587292559566129,5.25586300907123,0.026910663915138296,1.2200662393425252,False,Event volume around its typical baseline (1.2x). Average event tone was positive (5.26). Average Goldstein score was 0.76.
Egypt,2006,0.9429959084236498,5.164356860270465,0.015039450519185746,0.6633348059116533,False,Event volume around its typical baseline (0.7x). Average event tone was positive (5.16). Average Goldstein score was 0.94.
Egypt,2007,0.9155850635146028,5.310000051494368,0.01240855971096896,0.5695061513697894,False,Event volume around its typical baseline (0.6x). Average event tone was positive (5.31). Average Goldstein score was 0.92.
Egypt,2008,0.6235669988259027,4.872523851303398,0.013757999275989356,0.689302235974537,False,Event volume around its typical baseline (0.7x). Average event tone was positive (4.87). Average Goldstein score was 0.62.
Egypt,2009,1.1462599418834662,5.333286100799228,0.013414398667360704,0.7121373969953505,False,Event volume around its typical baseline (0.7x). Average event tone was positive (5.33). Average Goldstein score was 1.15.
Egypt,2010,0.5284679992186992,5.40479021256625,0.00903784789979015,0.5542578840349314,False,Event volume around its typical baseline (0.6x). Average event tone was positive (5.40). Average Goldstein score was 0.53.
Egypt,2011,-0.1558865693759866,5.185965168762375,0.03873202402573871,3.042183874872678,False,A notable spike in event volume above its typical baseline (3.0x). Average event tone was positive (5.19). Average Goldstein score was -0.16.
Egypt,2012,0.13727916920932,5.010870880635373,0.023552064915630257,1.3481305803799597,False,Event volume around its typical baseline (1.3x). Average event tone was positive (5.01). Average Goldstein score was 0.14.
Egypt,2013,-0.799555519693448,2.6946777592808786,0.030500908842540017,1.5483585380454332,False,Event volume somewhat elevated above its typical baseline (1.5x). Average event tone was positive (2.69). Average Goldstein score was -0.80.
Egypt,2014,-0.4630321875075667,2.459995804898683,0.016448066793486114,0.7136610601073802,False,Event volume around its typical baseline (0.7x). Average event tone was positive (2.46). Average Goldstein score was -0.46.
Egypt,2015,-0.214037477097246,-2.644067103202367,0.013230469086267698,0.5593289511831528,False,Event volume around its typical baseline (0.6x). Average event tone was negative (-2.64). Average Goldstein score was -0.21.
Egypt,2016,0.1373254551171454,-3.022019951023033,0.008667746306297698,0.35389091131826367,False,Event volume around its typical baseline (0.4x). Average event tone was negative (-3.02). Average Goldstein score was 0.14.
Egypt,2017,0.0432933819697758,-2.9790560371038146,0.008725909864848294,0.4721850720375835,False,Event volume around its typical baseline (0.5x). Average event tone was negative (-2.98). Average Goldstein score was 0.04.
Egypt,2018,0.5074208451805617,-2.41379247646429,0.006580699107123343,0.42416114808682714,False,Event volume around its typical baseline (0.4x). Average event tone was negative (-2.41). Average Goldstein score was 0.51.
Egypt,2019,0.6857393970906254,-2.279905197646229,0.00643394797404649,0.5995900533203951,False,Event volume around its typical baseline (0.6x). Average event tone was negative (-2.28). Average Goldstein score was 0.69.
Egypt,2020,0.8793225608688036,-2.3227319071248043,0.0048181346484806676,0.5520474557691304,False,Event volume around its typical baseline (0.6x). Average event tone was negative (-2.32). Average Goldstein score was 0.88.
Egypt,2021,1.325246284328837,-1.5156756600517878,0.005756122744741947,0.8170174289197429,False,Event volume around its typical baseline (0.8x). Average event tone was negative (-1.52). Average Goldstein score was 1.33.
Egypt,2022,1.3314775735313458,-1.2100344130515543,0.005168723127568264,0.7997451375253216,False,Event volume around its typical baseline (0.8x). Average event tone was negative (-1.21). Average Goldstein score was 1.33.
Egypt,2023,1.1675816045547631,-2.105492945292333,0.007763264915045437,1.349774922761037,False,Event volume around its typical baseline (1.3x). Average event tone was negative (-2.11). Average Goldstein score was 1.17.
Egypt,2024,0.9257887330337282,-2.6679125319691464,0.007080560086846943,1.1824506258048681,False,Event volume around its typical baseline (1.2x). Average event tone was negative (-2.67). Average Goldstein score was 0.93.
Egypt,2025,1.3954157502384332,-1.7760251757358356,0.005354580678221432,0.8753089096294251,False,Event volume around its typical baseline (0.9x). Average event tone was negative (-1.78). Average Goldstein score was 1.40.
France,1980,0.953763912014722,4.93578041197364,0.030544434793830504,1.0,True,Event volume around its typical baseline (1.0x). Average event tone was positive (4.94). Average Goldstein score was 0.95.
France,1981,0.8788584441342836,4.918884276494077,0.02910447298516708,0.9528568193065967,False,Event volume around its typical baseline (1.0x). Average event tone was positive (4.92). Average Goldstein score was 0.88.
France,1982,0.7596846254927726,4.744629936323917,0.029077687520626574,0.9749612726644039,False,Event volume around its typical baseline (1.0x). Average event tone was positive (4.74). Average Goldstein score was 0.76.
France,1983,0.2332220286488579,4.528158320909434,0.041371489809778374,1.398841790448606,False,Event volume around its typical baseline (1.4x). Average event tone was positive (4.53). Average Goldstein score was 0.23.
France,1984,0.5754480555139534,4.552899824135036,0.03896183215203978,1.197921771693284,False,Event volume around its typical baseline (1.2x). Average event tone was positive (4.55). Average Goldstein score was 0.58.
France,1985,0.6134869049894854,4.8099638690643,0.03612205910044275,1.0683212107746947,False,Event volume around its typical baseline (1.1x). Average event tone was positive (4.81). Average Goldstein score was 0.61.
France,1986,0.4791989755993454,4.565064897793643,0.045845819644156446,1.3125992049736561,False,Event volume around its typical baseline (1.3x). Average event tone was positive (4.57). Average Goldstein score was 0.48.
France,1987,0.4113743326082656,4.386573835172693,0.03827660835075131,1.0000217031604224,False,Event volume around its typical baseline (1.0x). Average event tone was positive (4.39). Average Goldstein score was 0.41.
France,1988,1.0525100980957878,4.671462847935797,0.030656599147066865,0.7642071496136724,False,Event volume around its typical baseline (0.8x). Average event tone was positive (4.67). Average Goldstein score was 1.05.
France,1989,1.333023724855369,4.62954173728259,0.031924635245108336,0.8407285507637163,False,Event volume around its typical baseline (0.8x). Average event tone was positive (4.63). Average Goldstein score was 1.33.
France,1990,1.5157027801792782,4.853651703136085,0.03720057019164775,1.0173779129373206,False,Event volume around its typical baseline (1.0x). Average event tone was positive (4.85). Average Goldstein score was 1.52.
France,1991,1.28252225215701,5.048918724103925,0.03881326421427238,1.0552575019624997,False,Event volume around its typical baseline (1.1x). Average event tone was positive (5.05). Average Goldstein score was 1.28.
France,1992,1.2606132432296135,4.885593096551957,0.03568759350668949,1.0088555183613865,False,Event volume around its typical baseline (1.0x). Average event tone was positive (4.89). Average Goldstein score was 1.26.
France,1993,0.9081090076971086,4.957802298356185,0.035809362481998466,1.0273357661755014,False,Event volume around its typical baseline (1.0x). Average event tone was positive (4.96). Average Goldstein score was 0.91.
France,1994,0.6767988643421168,4.771960391804496,0.0477902519174346,1.3316838563804942,False,Event volume around its typical baseline (1.3x). Average event tone was positive (4.77). Average Goldstein score was 0.68.
France,1995,0.5026906809110584,4.926970436461802,0.05076861478939551,1.2997527864771925,False,Event volume around its typical baseline (1.3x). Average event tone was positive (4.93). Average Goldstein score was 0.50.
France,1996,1.1345073606284073,5.123712649166606,0.044158600335887865,1.057087982458595,False,Event volume around its typical baseline (1.1x). Average event tone was positive (5.12). Average Goldstein score was 1.13.
France,1997,1.3185750995759988,5.281668172129068,0.0382631272583793,0.8931034315268666,False,Event volume around its typical baseline (0.9x). Average event tone was positive (5.28). Average Goldstein score was 1.32.
France,1998,1.386499218994065,5.322164183092692,0.0328348716097221,0.7572968807446713,False,Event volume around its typical baseline (0.8x). Average event tone was positive (5.32). Average Goldstein score was 1.39.
France,1999,1.1872684139177578,5.365293102127995,0.03279494111552367,0.7668982450783556,False,Event volume around its typical baseline (0.8x). Average event tone was positive (5.37). Average Goldstein score was 1.19.
France,2000,0.8833217753120662,5.195424703257825,0.031163685233135098,0.7837154441425834,False,Event volume around its typical baseline (0.8x). Average event tone was positive (5.20). Average Goldstein score was 0.88.
France,2001,0.9552121277695632,5.106224930968025,0.02802443475521438,0.7818653428801909,False,Event volume around its typical baseline (0.8x). Average event tone was positive (5.11). Average Goldstein score was 0.96.
France,2002,0.723275352188407,5.1774782928854695,0.02938349526376477,0.9008861994401534,False,Event volume around its typical baseline (0.9x). Average event tone was positive (5.18). Average Goldstein score was 0.72.
France,2003,0.9418733325898792,5.538037670700825,0.038566814232095896,1.2505336279297723,False,Event volume around its typical baseline (1.3x). Average event tone was positive (5.54). Average Goldstein score was 0.94.
France,2004,0.8214461496213523,5.31618945632659,0.03844757715298057,1.201987334125645,False,Event volume around its typical baseline (1.2x). Average event tone was positive (5.32). Average Goldstein score was 0.82.
France,2005,0.7373363567649289,5.256617663431849,0.03514443345575795,1.0612138721589441,False,Event volume around its typical baseline (1.1x). Average event tone was positive (5.26). Average Goldstein score was 0.74.
France,2006,0.6339452651973843,5.355152956850843,0.02590489375571666,0.7638553258017201,False,Event volume around its typical baseline (0.8x). Average event tone was positive (5.36). Average Goldstein score was 0.63.
France,2007,0.7950881470275776,5.516094160751407,0.02710948838445268,0.8094935639558435,False,Event volume around its typical baseline (0.8x). Average event tone was positive (5.52). Average Goldstein score was 0.80.
France,2008,0.9343985458277468,5.193304630811434,0.028849108607653256,0.8732986764303465,False,Event volume around its typical baseline (0.9x). Average event tone was positive (5.19). Average Goldstein score was 0.93.
France,2009,0.8533979504630688,5.147940789616812,0.023876434104473872,0.7679507607038492,False,Event volume around its typical baseline (0.8x). Average event tone was positive (5.15). Average Goldstein score was 0.85.
France,2010,0.7666633813098102,5.257117497517974,0.02054413360154365,0.7291133610667528,False,Event volume around its typical baseline (0.7x). Average event tone was positive (5.26). Average Goldstein score was 0.77.
France,2011,0.6371929051217468,5.47289471237558,0.021225974908008025,0.8404059533676863,False,Event volume around its typical baseline (0.8x). Average event tone was positive (5.47). Average Goldstein score was 0.64.
France,2012,0.5528557461154784,4.99580670154648,0.020378757605870563,0.8379069203767042,False,Event volume around its typical baseline (0.8x). Average event tone was positive (5.00). Average Goldstein score was 0.55.
France,2013,0.4094261050622478,2.2407400541321323,0.022942514858764328,0.9985912046435801,False,Event volume around its typical baseline (1.0x). Average event tone was positive (2.24). Average Goldstein score was 0.41.
France,2014,0.5229420029628872,2.297535742643151,0.02041636669024895,0.9368071974055374,False,Event volume around its typical baseline (0.9x). Average event tone was positive (2.30). Average Goldstein score was 0.52.
France,2015,0.3485531361505836,-1.6112166869204017,0.029706928196792885,1.4078079029454287,False,Event volume around its typical baseline (1.4x). Average event tone was negative (-1.61). Average Goldstein score was 0.35.
France,2016,0.3908690663154387,-2.283118645625698,0.020721981018335986,0.903544215017692,False,Event volume around its typical baseline (0.9x). Average event tone was negative (-2.28). Average Goldstein score was 0.39.
France,2017,0.8121446061760305,-1.6231217617008322,0.02171364608447372,0.9509635876044881,False,Event volume around its typical baseline (1.0x). Average event tone was negative (-1.62). Average Goldstein score was 0.81.
France,2018,0.6983296877375569,-1.875172375678184,0.017960095901232126,0.7774836569683485,False,Event volume around its typical baseline (0.8x). Average event tone was negative (-1.88). Average Goldstein score was 0.70.
France,2019,0.8387189779391591,-1.7258510372915186,0.019221682536461497,0.8696097243374183,False,Event volume around its typical baseline (0.9x). Average event tone was negative (-1.73). Average Goldstein score was 0.84.
France,2020,0.7150535816790448,-2.4007588821341,0.016364876580278562,0.74845535393808,False,Event volume around its typical baseline (0.7x). Average event tone was negative (-2.40). Average Goldstein score was 0.72.
France,2021,0.8401419621971881,-1.705473029346185,0.018002432031630985,0.9377997498005486,False,Event volume around its typical baseline (0.9x). Average event tone was negative (-1.71). Average Goldstein score was 0.84.
France,2022,1.0311616648971815,-1.4927738480185735,0.014520809062696177,0.7784893587570875,False,Event volume around its typical baseline (0.8x). Average event tone was negative (-1.49). Average Goldstein score was 1.03.
France,2023,0.8056358683909207,-1.4399123725978336,0.016401395665399505,0.9527951354791838,False,Event volume around its typical baseline (1.0x). Average event tone was negative (-1.44). Average Goldstein score was 0.81.
France,2024,0.9257445105612976,-1.323474762482589,0.015861742021412294,0.938440277463238,False,Event volume around its typical baseline (0.9x). Average event tone was negative (-1.32). Average Goldstein score was 0.93.
France,2025,1.0484336994032109,-1.3835124286710931,0.015620298586721629,0.9624187892814858,False,Event volume around its typical baseline (1.0x). Average event tone was negative (-1.38). Average Goldstein score was 1.05.
Germany,1980,1.1877208099956922,5.049129568852205,0.023907744641855085,1.0,True,Event volume around its typical baseline (1.0x). Average event tone was positive (5.05). Average Goldstein score was 1.19.
Germany,1981,0.5013803096164112,4.965042970790326,0.02683419107680012,1.1224057927162954,False,Event volume around its typical baseline (1.1x). Average event tone was positive (4.97). Average Goldstein score was 0.50.
Germany,1982,0.6840712694877503,4.993620505927019,0.021387894757945537,0.843006655344538,False,Event volume around its typical baseline (0.8x). Average event tone was positive (4.99). Average Goldstein score was 0.68.
Germany,1983,0.4390918828850275,4.771874682576668,0.03304942356139575,1.3745806697320804,False,Event volume around its typical baseline (1.4x). Average event tone was positive (4.77). Average Goldstein score was 0.44.
Germany,1984,0.864823759120337,4.794113780122634,0.035805260852855215,1.361685293562565,False,Event volume around its typical baseline (1.4x). Average event tone was positive (4.79). Average Goldstein score was 0.86.
Germany,1985,0.5984747007734519,4.87499639740073,0.038065952340260466,1.350004728169282,False,Event volume around its typical baseline (1.4x). Average event tone was positive (4.87). Average Goldstein score was 0.60.
Germany,1986,0.4369204479021448,4.549238841205817,0.03373986699317291,1.0873815551922394,False,Event volume around its typical baseline (1.1x). Average event tone was positive (4.55). Average Goldstein score was 0.44.
Germany,1987,0.7250591206060358,4.6311282871111885,0.03766355063280723,1.1621080794420418,False,Event volume around its typical baseline (1.2x). Average event tone was positive (4.63). Average Goldstein score was 0.73.
Germany,1988,0.7737785251020901,4.295490713072199,0.029436488986069917,0.825365066096496,False,Event volume around its typical baseline (0.8x). Average event tone was positive (4.30). Average Goldstein score was 0.77.
Germany,1989,1.0074848408287005,5.12378693117025,0.05191563528315965,1.4857564687655513,False,Event volume around its typical baseline (1.5x). Average event tone was positive (5.12). Average Goldstein score was 1.01.
Germany,1990,1.272256867824363,5.4396641633539,0.05598648434612745,1.4669857966063606,False,Event volume around its typical baseline (1.5x). Average event tone was positive (5.44). Average Goldstein score was 1.27.
Germany,1991,1.0086918551204265,4.937237379691801,0.030191749741406655,0.7231833063290393,False,Event volume around its typical baseline (0.7x). Average event tone was positive (4.94). Average Goldstein score was 1.01.
Germany,1992,0.8840078917700115,4.7309368057466585,0.033100640401875575,0.806569760400586,False,Event volume around its typical baseline (0.8x). Average event tone was positive (4.73). Average Goldstein score was 0.88.
Germany,1993,0.5589783281733745,4.67971474720866,0.033802189000593154,0.8423969678099811,False,Event volume around its typical baseline (0.8x). Average event tone was positive (4.68). Average Goldstein score was 0.56.
Germany,1994,0.5720430107526879,4.852247335127228,0.03019188802285724,0.736399371393435,False,Event volume around its typical baseline (0.7x). Average event tone was positive (4.85). Average Goldstein score was 0.57.
Germany,1995,0.833499709411644,4.975835843650308,0.027272109433174294,0.7440298529611621,False,Event volume around its typical baseline (0.7x). Average event tone was positive (4.98). Average Goldstein score was 0.83.
Germany,1996,0.8900510265194165,5.116236480994126,0.025078943082460666,0.8113086841948752,False,Event volume around its typical baseline (0.8x). Average event tone was positive (5.12). Average Goldstein score was 0.89.
Germany,1997,1.0784656562847612,5.297272762331435,0.02830462773963944,0.9469865808453889,False,Event volume around its typical baseline (0.9x). Average event tone was positive (5.30). Average Goldstein score was 1.08.
Germany,1998,1.0798005759762177,5.380356168318618,0.02800357473462371,0.9679786285663715,False,Event volume around its typical baseline (1.0x). Average event tone was positive (5.38). Average Goldstein score was 1.08.
Germany,1999,1.1714920665846738,5.514756429618372,0.03129521795119076,1.1269341134741637,False,Event volume around its typical baseline (1.1x). Average event tone was positive (5.51). Average Goldstein score was 1.17.
Germany,2000,1.099297865053088,5.519257383358605,0.02726665799627173,0.9741259933774715,False,Event volume around its typical baseline (1.0x). Average event tone was positive (5.52). Average Goldstein score was 1.10.
Germany,2001,1.0117933763228868,5.3711180999708805,0.024738903418591515,0.8838541046123534,False,Event volume around its typical baseline (0.9x). Average event tone was positive (5.37). Average Goldstein score was 1.01.
Germany,2002,0.8951776601954547,5.194944980055595,0.02061461919613574,0.7382984577494613,False,Event volume around its typical baseline (0.7x). Average event tone was positive (5.19). Average Goldstein score was 0.90.
Germany,2003,1.0466659404403655,5.493945754425123,0.02310630348498506,0.8757763537545361,False,Event volume around its typical baseline (0.9x). Average event tone was positive (5.49). Average Goldstein score was 1.05.
Germany,2004,1.1232726034394684,5.438796899065816,0.023128124756943858,0.9104005214933375,False,Event volume around its typical baseline (0.9x). Average event tone was positive (5.44). Average Goldstein score was 1.12.
Germany,2005,1.098058252427185,5.583780122108687,0.026293457955688,1.1061185682847114,False,Event volume around its typical baseline (1.1x). Average event tone was positive (5.58). Average Goldstein score was 1.10.
Germany,2006,1.280762732866512,5.327421207608376,0.021828417991042678,0.925863467826017,False,Event volume around its typical baseline (0.9x). Average event tone was positive (5.33). Average Goldstein score was 1.28.
Germany,2007,0.882865780933625,5.3328126709100925,0.02372705773699592,1.0318721046357089,False,Event volume around its typical baseline (1.0x). Average event tone was positive (5.33). Average Goldstein score was 0.88.
Germany,2008,1.0473790602165451,5.3361996746643126,0.0194881029104123,0.8251841153829054,False,Event volume around its typical baseline (0.8x). Average event tone was positive (5.34). Average Goldstein score was 1.05.
Germany,2009,1.0785436850282295,5.387975865718741,0.020003960684309267,0.8738012705435305,False,Event volume around its typical baseline (0.9x). Average event tone was positive (5.39). Average Goldstein score was 1.08.
Germany,2010,1.0441902647780736,5.499035853537435,0.016605085057710845,0.7456860214833474,False,Event volume around its typical baseline (0.7x). Average event tone was positive (5.50). Average Goldstein score was 1.04.
Germany,2011,0.9756818340868052,5.548069942342968,0.015538494353490475,0.7642938118022485,False,Event volume around its typical baseline (0.8x). Average event tone was positive (5.55). Average Goldstein score was 0.98.
Germany,2012,1.208078516205285,5.293438292369587,0.014224808763290743,0.7458266519547482,False,Event volume around its typical baseline (0.7x). Average event tone was positive (5.29). Average Goldstein score was 1.21.
Germany,2013,1.359156605525888,2.561914760170157,0.01489241277459364,0.8672451907557692,False,Event volume around its typical baseline (0.9x). Average event tone was positive (2.56). Average Goldstein score was 1.36.
Germany,2014,1.1552930964574923,2.451046962526057,0.01425532523403936,0.8770914322217904,False,Event volume around its typical baseline (0.9x). Average event tone was positive (2.45). Average Goldstein score was 1.16.
Germany,2015,1.2639383287925228,-1.627412185299743,0.018495494760145836,1.2246056369002987,False,Event volume around its typical baseline (1.2x). Average event tone was negative (-1.63). Average Goldstein score was 1.26.
Germany,2016,0.6837832710631035,-2.429702370341684,0.015968993085394158,1.0315015975526378,False,Event volume around its typical baseline (1.0x). Average event tone was negative (-2.43). Average Goldstein score was 0.68.
Germany,2017,0.891274844340685,-1.885195613804532,0.01533870692148483,0.9853090496617783,False,Event volume around its typical baseline (1.0x). Average event tone was negative (-1.89). Average Goldstein score was 0.89.
Germany,2018,0.9086509349450596,-2.013054341118192,0.013280699580519301,0.8410730002555467,False,Event volume around its typical baseline (0.8x). Average event tone was negative (-2.01). Average Goldstein score was 0.91.
Germany,2019,0.9245380977877252,-1.7232782224860008,0.01277289295624653,0.8257707425385048,False,Event volume around its typical baseline (0.8x). Average event tone was negative (-1.72). Average Goldstein score was 0.92.
Germany,2020,0.8881186274604919,-2.316156833627116,0.014073985300563642,0.9276681626523582,False,Event volume around its typical baseline (0.9x). Average event tone was negative (-2.32). Average Goldstein score was 0.89.
Germany,2021,0.9419382605137264,-1.914253287522321,0.01454131321854225,1.017796364581591,False,Event volume around its typical baseline (1.0x). Average event tone was negative (-1.91). Average Goldstein score was 0.94.
Germany,2022,1.0736310462029173,-1.9151117778016824,0.01462963460420427,1.0448604884955572,False,Event volume around its typical baseline (1.0x). Average event tone was negative (-1.92). Average Goldstein score was 1.07.
Germany,2023,1.0242279877114115,-1.507917288550412,0.011162619173576471,0.8054009134574877,False,Event volume around its typical baseline (0.8x). Average event tone was negative (-1.51). Average Goldstein score was 1.02.
Germany,2024,0.8653735934064737,-1.7746920632048693,0.011131016266905458,0.8284416860415442,False,Event volume around its typical baseline (0.8x). Average event tone was negative (-1.77). Average Goldstein score was 0.87.
Germany,2025,0.9926782292633782,-1.6617335203801469,0.01012721963238921,0.7726152595575735,False,Event volume around its typical baseline (0.8x). Average event tone was negative (-1.66). Average Goldstein score was 0.99.
India,1980,0.198698315467075,5.075859066958525,0.015560769142653313,1.0,True,Event volume around its typical baseline (1.0x). Average event tone was positive (5.08). Average Goldstein score was 0.20.
India,1981,0.1053045186640471,4.856699550613488,0.012860797563335961,0.8264885524253095,False,Event volume around its typical baseline (0.8x). Average event tone was positive (4.86). Average Goldstein score was 0.11.
India,1982,-0.3574753173483779,5.014231954895058,0.012930613487029804,0.9099156018239443,False,Event volume around its typical baseline (0.9x). Average event tone was positive (5.01). Average Goldstein score was -0.36.
India,1983,-0.7507086614173228,4.799601676331134,0.018850300420983984,1.3675434039750742,False,Event volume around its typical baseline (1.4x). Average event tone was positive (4.80). Average Goldstein score was -0.75.
India,1984,-2.3065747561218384,4.450654809586929,0.048293008470157814,3.208705553500059,False,A notable spike in event volume above its typical baseline (3.2x). Average event tone was positive (4.45). Average Goldstein score was -2.31.
India,1985,-0.8020201346756446,4.719482492756061,0.029599362298647233,1.3640826244714541,False,Event volume around its typical baseline (1.4x). Average event tone was positive (4.72). Average Goldstein score was -0.80.
India,1986,-1.4647973640856682,4.179439219832802,0.029775248509322807,1.2149782315652486,False,Event volume around its typical baseline (1.2x). Average event tone was positive (4.18). Average Goldstein score was -1.46.
India,1987,-0.7106962425007893,4.174441454577398,0.02436472408288211,0.8736099091970754,False,Event volume around its typical baseline (0.9x). Average event tone was positive (4.17). Average Goldstein score was -0.71.
India,1988,-1.0426232152940222,3.90649752614888,0.023947768397608378,0.7935892358901742,False,Event volume around its typical baseline (0.8x). Average event tone was positive (3.91). Average Goldstein score was -1.04.
India,1989,-0.0556022682831443,3.991300586420801,0.020998946144161524,0.6731289620005441,False,Event volume around its typical baseline (0.7x). Average event tone was positive (3.99). Average Goldstein score was -0.06.
India,1990,-1.1746954351974166,3.714014203423045,0.029459479436143816,1.1446259934946688,False,Event volume around its typical baseline (1.1x). Average event tone was positive (3.71). Average Goldstein score was -1.17.
India,1991,-0.7414035591274398,4.272899241223437,0.021642885400037667,0.8418331708177399,False,Event volume around its typical baseline (0.8x). Average event tone was positive (4.27). Average Goldstein score was -0.74.
India,1992,-0.1089981289334921,4.295905131654294,0.026418536501921743,1.0969895370224225,False,Event volume around its typical baseline (1.1x). Average event tone was positive (4.30). Average Goldstein score was -0.11.
India,1993,-0.5308660152590013,4.120057980221949,0.02697560102721671,1.101336089275908,False,Event volume around its typical baseline (1.1x). Average event tone was positive (4.12). Average Goldstein score was -0.53.
India,1994,-0.7110384141996497,4.259743470725447,0.019093662636781777,0.7607312800407741,False,Event volume around its typical baseline (0.8x). Average event tone was positive (4.26). Average Goldstein score was -0.71.
India,1995,-0.5549778253555587,4.789772445739761,0.0216957492996923,0.8777296032950257,False,Event volume around its typical baseline (0.9x). Average event tone was positive (4.79). Average Goldstein score was -0.55.
India,1996,0.0345270148985819,5.328034271550952,0.025047868044289698,1.0812673321657231,False,Event volume around its typical baseline (1.1x). Average event tone was positive (5.33). Average Goldstein score was 0.03.
India,1997,0.6437026130145264,5.65332314110542,0.026025978508987954,1.0914060678187645,False,Event volume around its typical baseline (1.1x). Average event tone was positive (5.65). Average Goldstein score was 0.64.
India,1998,0.2759484376274779,5.318925250348741,0.02352518582112893,0.989793486606537,False,Event volume around its typical baseline (1.0x). Average event tone was positive (5.32). Average Goldstein score was 0.28.
India,1999,-0.065735559138765,5.164887260359564,0.026324659047609188,1.14069737246327,False,Event volume around its typical baseline (1.1x). Average event tone was positive (5.16). Average Goldstein score was -0.07.
India,2000,0.1587255868399975,5.200628346321455,0.02711035442209847,1.1054672188412191,False,Event volume around its typical baseline (1.1x). Average event tone was positive (5.20). Average Goldstein score was 0.16.
India,2001,-0.1076820043117194,5.190953398280027,0.028388532740297772,1.1086321826798229,False,Event volume around its typical baseline (1.1x). Average event tone was positive (5.19). Average Goldstein score was -0.11.
India,2002,-0.900196379092352,4.662690506125949,0.03246983646701429,1.2357719508389662,False,Event volume around its typical baseline (1.2x). Average event tone was positive (4.66). Average Goldstein score was -0.90.
India,2003,-0.0360706723925499,5.097434674474107,0.028243468172203582,1.0246612078467126,False,Event volume around its typical baseline (1.0x). Average event tone was positive (5.10). Average Goldstein score was -0.04.
India,2004,0.2510403624873308,5.307999182112409,0.022510518813439635,0.7896385629163174,False,Event volume around its typical baseline (0.8x). Average event tone was positive (5.31). Average Goldstein score was 0.25.
India,2005,0.4791480117625243,5.315917844437583,0.021614915762278405,0.779069110834287,False,Event volume around its typical baseline (0.8x). Average event tone was positive (5.32). Average Goldstein score was 0.48.
India,2006,0.380527235432652,5.31845026362663,0.03621263358262912,1.359054833562797,False,Event volume around its typical baseline (1.4x). Average event tone was positive (5.32). Average Goldstein score was 0.38.
India,2007,0.599752315251775,5.465989080032267,0.047263878703619665,1.6754136371097972,False,Event volume somewhat elevated above its typical baseline (1.7x). Average event tone was positive (5.47). Average Goldstein score was 0.60.
India,2008,0.2935433755311262,5.249534872414643,0.05598840930708428,1.7962802850121817,False,Event volume somewhat elevated above its typical baseline (1.8x). Average event tone was positive (5.25). Average Goldstein score was 0.29.
India,2009,0.3749678371424246,5.248862281442194,0.04091767844875637,1.1143743958718377,False,Event volume around its typical baseline (1.1x). Average event tone was positive (5.25). Average Goldstein score was 0.37.
India,2010,0.451569552277727,5.333102158950358,0.035124135631059004,0.869419989923943,False,Event volume around its typical baseline (0.9x). Average event tone was positive (5.33). Average Goldstein score was 0.45.
India,2011,0.4040534615826746,5.309876238720702,0.025435154328049964,0.590124346893421,False,Event volume around its typical baseline (0.6x). Average event tone was positive (5.31). Average Goldstein score was 0.40.
India,2012,0.2506448537710524,4.753305066366857,0.03125092940677022,0.7632257830038137,False,Event volume around its typical baseline (0.8x). Average event tone was positive (4.75). Average Goldstein score was 0.25.
India,2013,0.0908703988907755,2.243153775840524,0.040472764192918696,1.0723176181805592,False,Event volume around its typical baseline (1.1x). Average event tone was positive (2.24). Average Goldstein score was 0.09.
India,2014,0.4245037804311952,2.369951559642113,0.04393181204514935,1.2682345302823739,False,Event volume around its typical baseline (1.3x). Average event tone was positive (2.37). Average Goldstein score was 0.42.
India,2015,0.5004670797033253,-1.5019503141110218,0.044637658836263194,1.2665695489211042,False,Event volume around its typical baseline (1.3x). Average event tone was negative (-1.50). Average Goldstein score was 0.50.
India,2016,0.2980497313366654,-2.224451585683718,0.04346645251319339,1.1701622238302323,False,Event volume around its typical baseline (1.2x). Average event tone was negative (-2.22). Average Goldstein score was 0.30.
India,2017,0.3301037808365942,-2.1190106160850526,0.03741198244424305,0.9180421271917331,False,Event volume around its typical baseline (0.9x). Average event tone was negative (-2.12). Average Goldstein score was 0.33.
India,2018,0.3284504483916221,-2.113442008864625,0.03594763583449964,0.8562195382917656,False,Event volume around its typical baseline (0.9x). Average event tone was negative (-2.11). Average Goldstein score was 0.33.
India,2019,0.2697353768262958,-2.2248857678496705,0.041275231525602904,1.0047742806230207,False,Event volume around its typical baseline (1.0x). Average event tone was negative (-2.22). Average Goldstein score was 0.27.
India,2020,0.4163153833776323,-2.465656415189198,0.04201117254579538,1.03609025879157,False,Event volume around its typical baseline (1.0x). Average event tone was negative (-2.47). Average Goldstein score was 0.42.
India,2021,0.544657618789327,-1.9369143798257784,0.04128807836874348,1.0316218016128411,False,Event volume around its typical baseline (1.0x). Average event tone was negative (-1.94). Average Goldstein score was 0.54.
India,2022,0.5407378888004309,-1.7422156328748182,0.03811653274846309,0.9628591690372249,False,Event volume around its typical baseline (1.0x). Average event tone was negative (-1.74). Average Goldstein score was 0.54.
India,2023,0.637884503841359,-1.5162187758808463,0.04843446034614395,1.219160019882292,False,Event volume around its typical baseline (1.2x). Average event tone was negative (-1.52). Average Goldstein score was 0.64.
India,2024,0.4944913109114844,-1.637114993683191,0.04464848193733695,1.0573920988040197,False,Event volume around its typical baseline (1.1x). Average event tone was negative (-1.64). Average Goldstein score was 0.49.
India,2025,0.5560296756548487,-1.6958094787028106,0.04890441995945601,1.139969940233062,False,Event volume around its typical baseline (1.1x). Average event tone was negative (-1.70). Average Goldstein score was 0.56.
Indonesia,1980,2.050977198697068,4.566287644514859,0.0037120224577358693,1.0,True,Event volume around its typical baseline (1.0x). Average event tone was positive (4.57). Average Goldstein score was 2.05.
Indonesia,1981,1.9045610034207527,4.405736513603562,0.004160680498402404,1.1208661978139518,False,Event volume around its typical baseline (1.1x). Average event tone was positive (4.41). Average Goldstein score was 1.90.
Indonesia,1982,1.2544345377756925,4.689909315607943,0.0045144568515184755,1.1468632505684964,False,Event volume around its typical baseline (1.1x). Average event tone was positive (4.69). Average Goldstein score was 1.25.
Indonesia,1983,1.8336433260393876,4.553342360618427,0.00425656969704522,1.0308827277131318,False,Event volume around its typical baseline (1.0x). Average event tone was positive (4.55). Average Goldstein score was 1.83.
Indonesia,1984,1.38751481627815,4.723171167967347,0.005261945266235462,1.2646072539808884,False,Event volume around its typical baseline (1.3x). Average event tone was positive (4.72). Average Goldstein score was 1.39.
Indonesia,1985,1.857976506252368,4.851354998774521,0.0048479914625252606,1.1065606317129202,False,Event volume around its typical baseline (1.1x). Average event tone was positive (4.85). Average Goldstein score was 1.86.
Indonesia,1986,1.5748632306363366,4.279830476124177,0.006088115444842314,1.3211113547497484,False,Event volume around its typical baseline (1.3x). Average event tone was positive (4.28). Average Goldstein score was 1.57.
Indonesia,1987,2.2795868347338955,3.8970271005347215,0.0048501505900166225,0.9712313866251735,False,Event volume around its typical baseline (1.0x). Average event tone was positive (3.90). Average Goldstein score was 2.28.
Indonesia,1988,2.2893473040820798,4.39954812099099,0.007754188630687684,1.5321593274037968,False,Event volume somewhat elevated above its typical baseline (1.5x). Average event tone was positive (4.40). Average Goldstein score was 2.29.
Indonesia,1989,2.117547111523015,4.495175953192989,0.005466153360013368,0.9489061663632777,False,Event volume around its typical baseline (0.9x). Average event tone was positive (4.50). Average Goldstein score was 2.12.
Indonesia,1990,2.1981162111966053,4.6873585587756015,0.006652235890396495,1.146676275019581,False,Event volume around its typical baseline (1.1x). Average event tone was positive (4.69). Average Goldstein score was 2.20.
Indonesia,1991,1.3065303907380612,4.450750189285775,0.007163851268457588,1.1625535619859368,False,Event volume around its typical baseline (1.2x). Average event tone was positive (4.45). Average Goldstein score was 1.31.
Indonesia,1992,1.2598176845943487,4.242996995391745,0.010692620085986971,1.6766646302797503,False,Event volume somewhat elevated above its typical baseline (1.7x). Average event tone was positive (4.24). Average Goldstein score was 1.26.
Indonesia,1993,1.5478306462183766,4.343030584304377,0.012266289136705893,1.6255762317422267,False,Event volume somewhat elevated above its typical baseline (1.6x). Average event tone was positive (4.34). Average Goldstein score was 1.55.
Indonesia,1994,0.6792099354476565,4.525575197930685,0.015720282512863004,1.8607782469277934,False,Event volume somewhat elevated above its typical baseline (1.9x). Average event tone was positive (4.53). Average Goldstein score was 0.68.
Indonesia,1995,0.3122071428571428,4.673072447881295,0.013318650838990297,1.2685570130772803,False,Event volume around its typical baseline (1.3x). Average event tone was positive (4.67). Average Goldstein score was 0.31.
Indonesia,1996,0.637092586370162,5.141127176026441,0.02089130423322482,1.7656107251310005,False,Event volume somewhat elevated above its typical baseline (1.8x). Average event tone was positive (5.14). Average Goldstein score was 0.64.
Indonesia,1997,0.505931897879592,4.69253621086366,0.015442744182711196,1.0593308372395978,False,Event volume around its typical baseline (1.1x). Average event tone was positive (4.69). Average Goldstein score was 0.51.
Indonesia,1998,0.0403754169551261,4.70725264159609,0.03300507207893663,2.1255398005692556,False,Event volume somewhat elevated above its typical baseline (2.1x). Average event tone was positive (4.71). Average Goldstein score was 0.04.
Indonesia,1999,-0.1851465110771418,4.93467058687687,0.04060730910098968,2.063839825712364,False,Event volume somewhat elevated above its typical baseline (2.1x). Average event tone was positive (4.93). Average Goldstein score was -0.19.
Indonesia,2000,-0.5862689470697896,4.362909687974061,0.03387885881838281,1.3742277496134956,False,Event volume around its typical baseline (1.4x). Average event tone was positive (4.36). Average Goldstein score was -0.59.
Indonesia,2001,-0.3898314301250679,4.569992386123716,0.026543660254749288,0.9227744490349403,False,Event volume around its typical baseline (0.9x). Average event tone was positive (4.57). Average Goldstein score was -0.39.
Indonesia,2002,-0.3835458005993359,4.503668023835646,0.026578406051710614,0.8890428449028486,False,Event volume around its typical baseline (0.9x). Average event tone was positive (4.50). Average Goldstein score was -0.38.
Indonesia,2003,-0.6569094340598262,4.346261857017007,0.027473649649392293,0.8552731489525576,False,Event volume around its typical baseline (0.9x). Average event tone was positive (4.35). Average Goldstein score was -0.66.
Indonesia,2004,-0.4341803599374021,4.6804422830915104,0.022608488265260712,0.7289209964540726,False,Event volume around its typical baseline (0.7x). Average event tone was positive (4.68). Average Goldstein score was -0.43.
Indonesia,2005,0.3190857567999295,4.89496548693737,0.02650621248053381,0.9667938508529301,False,Event volume around its typical baseline (1.0x). Average event tone was positive (4.89). Average Goldstein score was 0.32.
Indonesia,2006,0.2684867685426761,4.922584259319217,0.014359443289492388,0.5535192798941216,False,Event volume around its typical baseline (0.6x). Average event tone was positive (4.92). Average Goldstein score was 0.27.
Indonesia,2007,0.590623579624189,4.875194048594076,0.011666622695491704,0.49634135714673966,False,Event volume around its typical baseline (0.5x). Average event tone was positive (4.88). Average Goldstein score was 0.59.
Indonesia,2008,0.3437741323767964,4.991013626408578,0.008381764329676829,0.40841066125755954,False,Event volume around its typical baseline (0.4x). Average event tone was positive (4.99). Average Goldstein score was 0.34.
Indonesia,2009,0.4169438294805127,4.931258234741751,0.010691530795423355,0.6400387212693895,False,Event volume around its typical baseline (0.6x). Average event tone was positive (4.93). Average Goldstein score was 0.42.
Indonesia,2010,0.4343622295761542,4.968678378094738,0.009892710907755679,0.6907779947629553,False,Event volume around its typical baseline (0.7x). Average event tone was positive (4.97). Average Goldstein score was 0.43.
Indonesia,2011,0.521674233143571,5.085502135670909,0.00836114238196842,0.7602134339706264,False,Event volume around its typical baseline (0.8x). Average event tone was positive (5.09). Average Goldstein score was 0.52.
Indonesia,2012,0.5600613759565942,4.692166826715757,0.006448235018972639,0.6580668187853493,False,Event volume around its typical baseline (0.7x). Average event tone was positive (4.69). Average Goldstein score was 0.56.
Indonesia,2013,0.8337759343975998,2.36873642508789,0.007200868930610063,0.8224792526946333,False,Event volume around its typical baseline (0.8x). Average event tone was positive (2.37). Average Goldstein score was 0.83.
Indonesia,2014,0.9218319833485916,2.274584452659804,0.006638872586743431,0.779311231693912,False,Event volume around its typical baseline (0.8x). Average event tone was positive (2.27). Average Goldstein score was 0.92.
Indonesia,2015,0.6828449040517252,-1.819169553326472,0.009380957053876437,1.2169838713178964,False,Event volume around its typical baseline (1.2x). Average event tone was negative (-1.82). Average Goldstein score was 0.68.
Indonesia,2016,0.4565215090692361,-2.408028735926935,0.0061245349783226365,0.8052225536972822,False,Event volume around its typical baseline (0.8x). Average event tone was negative (-2.41). Average Goldstein score was 0.46.
Indonesia,2017,0.6819385684752205,-1.8806174772246624,0.0050570010138545896,0.7064139375278979,False,Event volume around its typical baseline (0.7x). Average event tone was negative (-1.88). Average Goldstein score was 0.68.
Indonesia,2018,0.8946491146057337,-1.9507846527908328,0.005301070591939553,0.7704543991421674,False,Event volume around its typical baseline (0.8x). Average event tone was negative (-1.95). Average Goldstein score was 0.89.
Indonesia,2019,0.5605628261132004,-2.268121110839879,0.004164829592277954,0.6406949872127162,False,Event volume around its typical baseline (0.6x). Average event tone was negative (-2.27). Average Goldstein score was 0.56.
Indonesia,2020,0.8543954053914208,-2.330694664642998,0.003557071814207398,0.5922847398011238,False,Event volume around its typical baseline (0.6x). Average event tone was negative (-2.33). Average Goldstein score was 0.85.
Indonesia,2021,0.9662708664546896,-1.867724926358902,0.004387089683892068,0.9062546707405581,False,Event volume around its typical baseline (0.9x). Average event tone was negative (-1.87). Average Goldstein score was 0.97.
Indonesia,2022,1.6003584765721577,-0.6325085503343103,0.004375214599168631,0.9736952841445928,False,Event volume around its typical baseline (1.0x). Average event tone was negative (-0.63). Average Goldstein score was 1.60.
Indonesia,2023,1.6532387096774197,-0.3209971419623922,0.004198186579106244,0.9635376033018473,False,Event volume around its typical baseline (1.0x). Average event tone was negative (-0.32). Average Goldstein score was 1.65.
Indonesia,2024,1.493104037620932,-0.220188645665254,0.004017910850163538,0.9713361002859832,False,Event volume around its typical baseline (1.0x). Average event tone was negative (-0.22). Average Goldstein score was 1.49.
Indonesia,2025,1.4294970768154212,-0.5246578746766986,0.003742956779375741,0.911339291625961,False,Event volume around its typical baseline (0.9x). Average event tone was negative (-0.52). Average Goldstein score was 1.43.
Iran,1980,-0.4565227781277834,4.998699764065435,0.12266131710096846,1.0,True,Event volume around its typical baseline (1.0x). Average event tone was positive (5.00). Average Goldstein score was -0.46.
Iran,1981,-0.9963866811386158,4.466348494060096,0.058936585976218404,0.48048225283366924,False,Event volume around its typical baseline (0.5x). Average event tone was positive (4.47). Average Goldstein score was -1.00.
Iran,1982,-1.402180685358256,4.148026855791077,0.03092058524468644,0.34053901196803876,False,Event volume around its typical baseline (0.3x). Average event tone was positive (4.15). Average Goldstein score was -1.40.
Iran,1983,-1.2232590789966316,4.148300013448622,0.021915259059878584,0.309364976660569,False,Event volume around its typical baseline (0.3x). Average event tone was positive (4.15). Average Goldstein score was -1.22.
Iran,1984,-1.5466522444564634,3.813315421066739,0.03582015736677303,0.6111774907294979,False,Event volume around its typical baseline (0.6x). Average event tone was positive (3.81). Average Goldstein score was -1.55.
Iran,1985,-1.7289680589680594,3.581007972651194,0.028423893970408464,0.5258738813941893,False,Event volume around its typical baseline (0.5x). Average event tone was positive (3.58). Average Goldstein score was -1.73.
Iran,1986,-0.7972429303236018,4.083722872330846,0.03798728174293398,1.0790830890877452,False,Event volume around its typical baseline (1.1x). Average event tone was positive (4.08). Average Goldstein score was -0.80.
Iran,1987,-1.189293476032313,4.2104949381791545,0.07664990701272198,2.471506488525741,False,Event volume somewhat elevated above its typical baseline (2.5x). Average event tone was positive (4.21). Average Goldstein score was -1.19.
Iran,1988,-0.7735931471280546,4.2230348765363095,0.0640792546953334,1.5956267904501125,False,Event volume somewhat elevated above its typical baseline (1.6x). Average event tone was positive (4.22). Average Goldstein score was -0.77.
Iran,1989,0.7219873459386316,4.9352664695173765,0.042801105804148254,0.8808243875504349,False,Event volume around its typical baseline (0.9x). Average event tone was positive (4.94). Average Goldstein score was 0.72.
Iran,1990,1.1839683346033352,4.795100249505146,0.03798616757298981,0.7599013409455121,False,Event volume around its typical baseline (0.8x). Average event tone was positive (4.80). Average Goldstein score was 1.18.
Iran,1991,1.162730872538975,4.837970655106648,0.0440251572327044,0.8482567758723628,False,Event volume around its typical baseline (0.8x). Average event tone was positive (4.84). Average Goldstein score was 1.16.
Iran,1992,1.163855358729164,4.5013184883720205,0.03434553041942494,0.6467071715512569,False,Event volume around its typical baseline (0.6x). Average event tone was positive (4.50). Average Goldstein score was 1.16.
Iran,1993,0.5409899280575541,4.251684875913417,0.024273953764257405,0.54368071393175,False,Event volume around its typical baseline (0.5x). Average event tone was positive (4.25). Average Goldstein score was 0.54.
Iran,1994,-0.104189336235038,4.1096414769692124,0.022967452602538917,0.626048434057716,False,Event volume around its typical baseline (0.6x). Average event tone was positive (4.11). Average Goldstein score was -0.10.
Iran,1995,1.108992166680126,4.840792546890049,0.02432633550944184,0.7434778118279214,False,Event volume around its typical baseline (0.7x). Average event tone was positive (4.84). Average Goldstein score was 1.11.
Iran,1996,0.873451310355475,5.266377069120527,0.031016217563001172,1.0342984670628779,False,Event volume around its typical baseline (1.0x). Average event tone was positive (5.27). Average Goldstein score was 0.87.
Iran,1997,1.1519611076663276,5.557010708643159,0.03771279503345367,1.3770881302625178,False,Event volume around its typical baseline (1.4x). Average event tone was positive (5.56). Average Goldstein score was 1.15.
Iran,1998,0.896138634785496,5.442289224805678,0.04121466459837237,1.4688388463895037,False,Event volume around its typical baseline (1.5x). Average event tone was positive (5.44). Average Goldstein score was 0.90.
Iran,1999,0.5338932904430016,5.661889721493388,0.03862097322846105,1.2281097622981354,False,Event volume around its typical baseline (1.2x). Average event tone was positive (5.66). Average Goldstein score was 0.53.
Iran,2000,0.6009031485914194,5.42726433241317,0.04518347738012194,1.3067042546018655,False,Event volume around its typical baseline (1.3x). Average event tone was positive (5.43). Average Goldstein score was 0.60.
Iran,2001,0.8380261685802473,5.516787108824833,0.04595307289229731,1.1858972113249104,False,Event volume around its typical baseline (1.2x). Average event tone was positive (5.52). Average Goldstein score was 0.84.
Iran,2002,0.9824877468572484,5.560171288673836,0.0418899204970841,1.0036639883772944,False,Event volume around its typical baseline (1.0x). Average event tone was positive (5.56). Average Goldstein score was 0.98.
Iran,2003,0.9877578220590804,5.461603139572675,0.05106566392661595,1.1995010352794833,False,Event volume around its typical baseline (1.2x). Average event tone was positive (5.46). Average Goldstein score was 0.99.
Iran,2004,0.8271742198209823,5.404130901754993,0.04502112817165914,1.0107426678025866,False,Event volume around its typical baseline (1.0x). Average event tone was positive (5.40). Average Goldstein score was 0.83.
Iran,2005,0.927268093204499,5.613202028729396,0.05136363790390079,1.120922404512715,False,Event volume around its typical baseline (1.1x). Average event tone was positive (5.61). Average Goldstein score was 0.93.
Iran,2006,0.7750670522551728,5.547010284824454,0.06405393749209536,1.3611501878975534,False,Event volume around its typical baseline (1.4x). Average event tone was positive (5.55). Average Goldstein score was 0.78.
Iran,2007,0.531902911218667,5.404801647412592,0.04950193967325689,0.9767769444539663,False,Event volume around its typical baseline (1.0x). Average event tone was positive (5.40). Average Goldstein score was 0.53.
Iran,2008,0.580278058205439,5.374663830874567,0.027999654034994912,0.5363788779445701,False,Event volume around its typical baseline (0.5x). Average event tone was positive (5.37). Average Goldstein score was 0.58.
Iran,2009,0.2800217092304097,5.364496809042471,0.04333615976365022,0.9106519631140737,False,Event volume around its typical baseline (0.9x). Average event tone was positive (5.36). Average Goldstein score was 0.28.
Iran,2010,0.4361995279709127,5.425851648295672,0.026913729328863392,0.5695898894181591,False,Event volume around its typical baseline (0.6x). Average event tone was positive (5.43). Average Goldstein score was 0.44.
Iran,2011,0.0701711123199971,5.203335810397041,0.019271109827614548,0.45492485038788477,False,Event volume around its typical baseline (0.5x). Average event tone was positive (5.20). Average Goldstein score was 0.07.
Iran,2012,0.4669462364895268,4.750945744240035,0.028152937080015625,0.8427882910024942,False,Event volume around its typical baseline (0.8x). Average event tone was positive (4.75). Average Goldstein score was 0.47.
Iran,2013,0.8188718503538043,2.176918972867369,0.0315146135136772,1.0816858946798593,False,Event volume around its typical baseline (1.1x). Average event tone was positive (2.18). Average Goldstein score was 0.82.
Iran,2014,0.768530468366256,2.347073540244188,0.01880589067745833,0.6302725892417144,False,Event volume around its typical baseline (0.6x). Average event tone was positive (2.35). Average Goldstein score was 0.77.
Iran,2015,0.8585621672025604,-1.966326517015964,0.022675223218866242,0.9094952674255138,False,Event volume around its typical baseline (0.9x). Average event tone was negative (-1.97). Average Goldstein score was 0.86.
Iran,2016,0.5436288744114448,-2.703213710908659,0.016128562186067296,0.6696808010752825,False,Event volume around its typical baseline (0.7x). Average event tone was negative (-2.70). Average Goldstein score was 0.54.
Iran,2017,0.3962410168656931,-2.903759689390092,0.016087140170424046,0.6858595068442455,False,Event volume around its typical baseline (0.7x). Average event tone was negative (-2.90). Average Goldstein score was 0.40.
Iran,2018,0.5184677066972133,-3.449152254213081,0.01788392632996527,0.8499041582106128,False,Event volume around its typical baseline (0.8x). Average event tone was negative (-3.45). Average Goldstein score was 0.52.
Iran,2019,0.1517126385850246,-3.621526382887338,0.024035228280606714,1.3122424869442895,False,Event volume around its typical baseline (1.3x). Average event tone was negative (-3.62). Average Goldstein score was 0.15.
Iran,2020,-0.4129024679961198,-4.167587220079434,0.01986050743816324,1.0257458417563514,False,Event volume around its typical baseline (1.0x). Average event tone was negative (-4.17). Average Goldstein score was -0.41.
Iran,2021,0.5514998976677996,-2.982707538729271,0.013508995606124244,0.7185990336653816,False,Event volume around its typical baseline (0.7x). Average event tone was negative (-2.98). Average Goldstein score was 0.55.
Iran,2022,-0.3287863148481625,-4.099660105757211,0.013147109301133105,0.7193977844259831,False,Event volume around its typical baseline (0.7x). Average event tone was negative (-4.10). Average Goldstein score was -0.33.
Iran,2023,0.0595156616711901,-3.5051677736549185,0.010566798505487151,0.5974278772719529,False,Event volume around its typical baseline (0.6x). Average event tone was negative (-3.51). Average Goldstein score was 0.06.
Iran,2024,-0.9077096540712368,-4.3786290503786205,0.015483329699629846,0.954363255190175,False,Event volume around its typical baseline (1.0x). Average event tone was negative (-4.38). Average Goldstein score was -0.91.
Iran,2025,0.2902995724087299,-3.3727217242363983,0.010620266588949677,0.7317585513954162,False,Event volume around its typical baseline (0.7x). Average event tone was negative (-3.37). Average Goldstein score was 0.29.
Israel,1980,-0.2805552740905866,4.890880252709411,0.057617548586168944,1.0,True,Event volume around its typical baseline (1.0x). Average event tone was positive (4.89). Average Goldstein score was -0.28.
Israel,1981,-0.3632873865338184,5.103096096511018,0.07377119864459436,1.280359898239459,False,Event volume around its typical baseline (1.3x). Average event tone was positive (5.10). Average Goldstein score was -0.36.
Israel,1982,-0.3246246144459885,4.7396207164078605,0.1189812810940798,1.8111335042278502,False,Event volume somewhat elevated above its typical baseline (1.8x). Average event tone was positive (4.74). Average Goldstein score was -0.32.
Israel,1983,0.2578641085676615,4.848109122765988,0.08650421295517466,1.03651639376267,False,Event volume around its typical baseline (1.0x). Average event tone was positive (4.85). Average Goldstein score was 0.26.
Israel,1984,0.002108090747175,4.6950227019784005,0.0659900670045196,0.7835572913355179,False,Event volume around its typical baseline (0.8x). Average event tone was positive (4.70). Average Goldstein score was 0.00.
Israel,1985,-0.0022069557750107,4.71718499774144,0.07774050895212847,0.9648473115322673,False,Event volume around its typical baseline (1.0x). Average event tone was positive (4.72). Average Goldstein score was -0.00.
Israel,1986,-0.2573704876504116,4.525240391973726,0.06285694085981007,0.7430122076764808,False,Event volume around its typical baseline (0.7x). Average event tone was positive (4.53). Average Goldstein score was -0.26.
Israel,1987,-0.5086420077179534,4.4453902047633775,0.06313548164118431,0.7660715452893256,False,Event volume around its typical baseline (0.8x). Average event tone was positive (4.45). Average Goldstein score was -0.51.
Israel,1988,-1.0317279148326346,4.156537639007721,0.0960380147352069,1.347988189255879,False,Event volume around its typical baseline (1.3x). Average event tone was positive (4.16). Average Goldstein score was -1.03.
Israel,1989,-0.5896086075839087,4.290562328848288,0.07873270940214774,1.0762862437806557,False,Event volume around its typical baseline (1.1x). Average event tone was positive (4.29). Average Goldstein score was -0.59.
Israel,1990,-0.5684903181862414,4.458201044270895,0.07317332770181088,0.9666132231623789,False,Event volume around its typical baseline (1.0x). Average event tone was positive (4.46). Average Goldstein score was -0.57.
Israel,1991,0.5221234026611906,5.022337838497413,0.10473105880849946,1.4003857071352237,False,Event volume around its typical baseline (1.4x). Average event tone was positive (5.02). Average Goldstein score was 0.52.
Israel,1992,0.2930137511175444,4.278667114391557,0.09176720198430095,1.1034735969466771,False,Event volume around its typical baseline (1.1x). Average event tone was positive (4.28). Average Goldstein score was 0.29.
Israel,1993,0.4774451902129425,4.628008689545364,0.1230602732489867,1.384434714600301,False,Event volume around its typical baseline (1.4x). Average event tone was positive (4.63). Average Goldstein score was 0.48.
Israel,1994,0.589157882845697,4.761543580867422,0.13134189161839463,1.3929136955000632,False,Event volume around its typical baseline (1.4x). Average event tone was positive (4.76). Average Goldstein score was 0.59.
Israel,1995,0.4427884462951414,4.761739471792979,0.09946043803212551,0.9489164205808392,False,Event volume around its typical baseline (0.9x). Average event tone was positive (4.76). Average Goldstein score was 0.44.
Israel,1996,0.5321792704868872,5.041078644250912,0.11577921074397249,1.0518481452989152,False,Event volume around its typical baseline (1.1x). Average event tone was positive (5.04). Average Goldstein score was 0.53.
Israel,1997,0.4370983545991442,5.0333552482937804,0.09735302993015023,0.8670419179258091,False,Event volume around its typical baseline (0.9x). Average event tone was positive (5.03). Average Goldstein score was 0.44.
Israel,1998,0.6081072002931415,5.230479430857315,0.09529135941371274,0.8403194534637621,False,Event volume around its typical baseline (0.8x). Average event tone was positive (5.23). Average Goldstein score was 0.61.
Israel,1999,0.6893948089290676,5.679923780753699,0.07150428558662748,0.6630271435696996,False,Event volume around its typical baseline (0.7x). Average event tone was positive (5.68). Average Goldstein score was 0.69.
Israel,2000,0.3187380395274408,5.245060659790035,0.10876805511218308,1.1344462279681535,False,Event volume around its typical baseline (1.1x). Average event tone was positive (5.25). Average Goldstein score was 0.32.
Israel,2001,-0.97584743563641,4.596449614238793,0.10179502618142638,1.0414965389068769,False,Event volume around its typical baseline (1.0x). Average event tone was positive (4.60). Average Goldstein score was -0.98.
Israel,2002,-1.210791489361703,4.495235404121887,0.1033158012161455,1.0881950979888162,False,Event volume around its typical baseline (1.1x). Average event tone was positive (4.50). Average Goldstein score was -1.21.
Israel,2003,-0.5929426878880878,4.8339113776947045,0.07710641947763743,0.8020647555119095,False,Event volume around its typical baseline (0.8x). Average event tone was positive (4.83). Average Goldstein score was -0.59.
Israel,2004,-0.9718287206879348,4.614521824154519,0.08131890061614817,0.8791430423623683,False,Event volume around its typical baseline (0.9x). Average event tone was positive (4.61). Average Goldstein score was -0.97.
Israel,2005,-0.1306628440752635,4.68689841096346,0.07547920596816379,0.7990528726199183,False,Event volume around its typical baseline (0.8x). Average event tone was positive (4.69). Average Goldstein score was -0.13.
Israel,2006,-1.103397894652426,4.767432436355977,0.09537813662944641,1.0862733601211125,False,Event volume around its typical baseline (1.1x). Average event tone was positive (4.77). Average Goldstein score was -1.10.
Israel,2007,-0.3009913381689952,5.153838171823579,0.0522920411636438,0.6043946699591161,False,Event volume around its typical baseline (0.6x). Average event tone was positive (5.15). Average Goldstein score was -0.30.
Israel,2008,-0.6193252703379629,4.848601842114836,0.04521776926317241,0.5925152900118696,False,Event volume around its typical baseline (0.6x). Average event tone was positive (4.85). Average Goldstein score was -0.62.
Israel,2009,-0.1717859951770266,5.213517788521661,0.05591160602072574,0.799454331086858,False,Event volume around its typical baseline (0.8x). Average event tone was positive (5.21). Average Goldstein score was -0.17.
Israel,2010,-0.0815843342588378,5.247895990356264,0.03793131527438827,0.5848566120407961,False,Event volume around its typical baseline (0.6x). Average event tone was positive (5.25). Average Goldstein score was -0.08.
Israel,2011,-0.2331883424549994,5.3919272076240095,0.03637147003496718,0.6342440603638718,False,Event volume around its typical baseline (0.6x). Average event tone was positive (5.39). Average Goldstein score was -0.23.
Israel,2012,-0.4834674771628678,4.482950760630583,0.03462279547475206,0.7601913895764352,False,Event volume around its typical baseline (0.8x). Average event tone was positive (4.48). Average Goldstein score was -0.48.
Israel,2013,0.1167860417253765,2.487973330471857,0.030458264471665355,0.7250070420096262,False,Event volume around its typical baseline (0.7x). Average event tone was positive (2.49). Average Goldstein score was 0.12.
Israel,2014,-0.6635572318902516,2.2305503769303967,0.04283875203711363,1.0967677884228517,False,Event volume around its typical baseline (1.1x). Average event tone was positive (2.23). Average Goldstein score was -0.66.
Israel,2015,-0.5749202750191538,-2.9160628418182606,0.02520200015272385,0.6915168735142289,False,Event volume around its typical baseline (0.7x). Average event tone was negative (-2.92). Average Goldstein score was -0.57.
Israel,2016,-0.5104945993122839,-3.2798094669463547,0.024388249498130104,0.719445903274594,False,Event volume around its typical baseline (0.7x). Average event tone was negative (-3.28). Average Goldstein score was -0.51.
Israel,2017,-0.0907534182343344,-2.7647431474576427,0.03157921012004235,1.0024505670420134,False,Event volume around its typical baseline (1.0x). Average event tone was negative (-2.76). Average Goldstein score was -0.09.
Israel,2018,-0.4697523967405891,-3.2423501469981733,0.03644919745547777,1.1798416825888893,False,Event volume around its typical baseline (1.2x). Average event tone was negative (-3.24). Average Goldstein score was -0.47.
Israel,2019,-0.3113319207158775,-2.846689661982467,0.02780360298160177,0.8663857627149323,False,Event volume around its typical baseline (0.9x). Average event tone was negative (-2.85). Average Goldstein score was -0.31.
Israel,2020,0.3331688541820691,-2.3880818713284606,0.02267590368652481,0.7796572427802607,False,Event volume around its typical baseline (0.8x). Average event tone was negative (-2.39). Average Goldstein score was 0.33.
Israel,2021,-0.3601437530311617,-3.100555503017205,0.03310379129507922,1.158316305639249,False,Event volume around its typical baseline (1.2x). Average event tone was negative (-3.10). Average Goldstein score was -0.36.
Israel,2022,-0.370610101329109,-3.011934588232207,0.022053598012486703,0.7273052543707976,False,Event volume around its typical baseline (0.7x). Average event tone was negative (-3.01). Average Goldstein score was -0.37.
Israel,2023,-0.8694239956972226,-4.301795656696935,0.08730483570118298,3.072251252494159,False,A notable spike in event volume above its typical baseline (3.1x). Average event tone was negative (-4.30). Average Goldstein score was -0.87.
Israel,2024,-1.1555215471862652,-4.658227962074366,0.10534187600330014,2.7298883214057317,False,A notable spike in event volume above its typical baseline (2.7x). Average event tone was negative (-4.66). Average Goldstein score was -1.16.
Israel,2025,-0.5119540083674071,-4.334561208863021,0.08056123323389852,1.4892271486699529,False,Event volume around its typical baseline (1.5x). Average event tone was negative (-4.33). Average Goldstein score was -0.51.
Italy,1980,0.1148938810971825,4.806442107134837,0.02388309449272168,1.0,True,Event volume around its typical baseline (1.0x). Average event tone was positive (4.81). Average Goldstein score was 0.11.
Italy,1981,-0.0621747466447549,4.484099690504153,0.02607216993973157,1.09165794858271,False,Event volume around its typical baseline (1.1x). Average event tone was positive (4.48). Average Goldstein score was -0.06.
Italy,1982,-0.0522716436210067,4.418146649522661,0.03012996412903677,1.2062778356333932,False,Event volume around its typical baseline (1.2x). Average event tone was positive (4.42). Average Goldstein score was -0.05.
Italy,1983,0.1707139772563695,4.412760840035212,0.028876967586102337,1.0817338517276152,False,Event volume around its typical baseline (1.1x). Average event tone was positive (4.41). Average Goldstein score was 0.17.
Italy,1984,0.4733449609463863,4.641416707354123,0.02575011395833147,0.9452861586399092,False,Event volume around its typical baseline (0.9x). Average event tone was positive (4.64). Average Goldstein score was 0.47.
Italy,1985,0.5390590120771567,4.70371419336457,0.027454556603170505,1.019006970542747,False,Event volume around its typical baseline (1.0x). Average event tone was positive (4.70). Average Goldstein score was 0.54.
Italy,1986,0.121968550562537,4.623230976130468,0.023799494080846906,0.8605309827536317,False,Event volume around its typical baseline (0.9x). Average event tone was positive (4.62). Average Goldstein score was 0.12.
Italy,1987,0.8315943680312528,4.725450451705521,0.020757969750333272,0.7630983907288554,False,Event volume around its typical baseline (0.8x). Average event tone was positive (4.73). Average Goldstein score was 0.83.
Italy,1988,0.8298463789319682,4.414529724199838,0.01691034024623898,0.6676587239647326,False,Event volume around its typical baseline (0.7x). Average event tone was positive (4.41). Average Goldstein score was 0.83.
Italy,1989,1.4286579457364352,4.874322018259413,0.014082293402068336,0.61402239056977,False,Event volume around its typical baseline (0.6x). Average event tone was positive (4.87). Average Goldstein score was 1.43.
Italy,1990,1.671086582568808,4.9337905586694415,0.012077503827675412,0.5862601032562856,False,Event volume around its typical baseline (0.6x). Average event tone was positive (4.93). Average Goldstein score was 1.67.
Italy,1991,1.4511623748211728,4.9295903649994015,0.015297924481696142,0.8728941710998114,False,Event volume around its typical baseline (0.9x). Average event tone was positive (4.93). Average Goldstein score was 1.45.
Italy,1992,1.425421618562535,4.86182385691289,0.016121773529428885,1.0187401782589602,False,Event volume around its typical baseline (1.0x). Average event tone was positive (4.86). Average Goldstein score was 1.43.
Italy,1993,0.591158259720961,4.941099448372018,0.017823796683355334,1.1963911966512646,False,Event volume around its typical baseline (1.2x). Average event tone was positive (4.94). Average Goldstein score was 0.59.
Italy,1994,0.5381544302247258,4.763224027459559,0.01870939730144417,1.2406220487194393,False,Event volume around its typical baseline (1.2x). Average event tone was positive (4.76). Average Goldstein score was 0.54.
Italy,1995,0.5728707707089421,4.847602835925648,0.014838939078154733,0.9270814498320225,False,Event volume around its typical baseline (0.9x). Average event tone was positive (4.85). Average Goldstein score was 0.57.
Italy,1996,1.085839243498818,5.159990152660515,0.015546952579214296,0.938918271133744,False,Event volume around its typical baseline (0.9x). Average event tone was positive (5.16). Average Goldstein score was 1.09.
Italy,1997,1.4466107001229098,5.20044891958143,0.021200583863886593,1.2765152044054149,False,Event volume around its typical baseline (1.3x). Average event tone was positive (5.20). Average Goldstein score was 1.45.
Italy,1998,1.1147023021963487,5.029302901079946,0.023433788344084126,1.3296570717661327,False,Event volume around its typical baseline (1.3x). Average event tone was positive (5.03). Average Goldstein score was 1.11.
Italy,1999,1.2609166026133742,5.435188007954095,0.019101584912737776,1.0189722588854844,False,Event volume around its typical baseline (1.0x). Average event tone was positive (5.44). Average Goldstein score was 1.26.
Italy,2000,1.3491791435190952,5.539086206713541,0.015352116561636655,0.8155447837533556,False,Event volume around its typical baseline (0.8x). Average event tone was positive (5.54). Average Goldstein score was 1.35.
Italy,2001,0.9482714965389096,5.106745522207185,0.016911877923157653,0.8935316336477429,False,Event volume around its typical baseline (0.9x). Average event tone was positive (5.11). Average Goldstein score was 0.95.
Italy,2002,0.778526539939753,5.067517156942405,0.015688808232769646,0.8171258407108588,False,Event volume around its typical baseline (0.8x). Average event tone was positive (5.07). Average Goldstein score was 0.78.
Italy,2003,0.963215868238442,5.155880356972663,0.015595137841873658,0.8617224114611456,False,Event volume around its typical baseline (0.9x). Average event tone was positive (5.16). Average Goldstein score was 0.96.
Italy,2004,0.6874216620459893,5.141649991041428,0.017253851073213693,1.0437961364353108,False,Event volume around its typical baseline (1.0x). Average event tone was positive (5.14). Average Goldstein score was 0.69.
Italy,2005,0.6684910810020467,5.134411368497799,0.022933921203856594,1.4191468246224626,False,Event volume around its typical baseline (1.4x). Average event tone was positive (5.13). Average Goldstein score was 0.67.
Italy,2006,0.8102499955955674,5.155551966869481,0.014598322648833423,0.8258502292344456,False,Event volume around its typical baseline (0.8x). Average event tone was positive (5.16). Average Goldstein score was 0.81.
Italy,2007,0.5826734362144053,5.176081792994796,0.01350082184507935,0.7842927508884041,False,Event volume around its typical baseline (0.8x). Average event tone was positive (5.18). Average Goldstein score was 0.58.
Italy,2008,0.8580490621075232,5.214774231580883,0.00975564075041793,0.5815094060012849,False,Event volume around its typical baseline (0.6x). Average event tone was positive (5.21). Average Goldstein score was 0.86.
Italy,2009,0.7767055375843223,5.291910199585941,0.01330805487500411,0.8526152459415972,False,Event volume around its typical baseline (0.9x). Average event tone was positive (5.29). Average Goldstein score was 0.78.
Italy,2010,0.7194045740575272,5.587531981766156,0.009975960899356926,0.6731711832750893,False,Event volume around its typical baseline (0.7x). Average event tone was positive (5.59). Average Goldstein score was 0.72.
Italy,2011,0.7917604369436623,5.453484027521359,0.013184595626856506,1.0782510784620742,False,Event volume around its typical baseline (1.1x). Average event tone was positive (5.45). Average Goldstein score was 0.79.
Italy,2012,0.871994746814663,5.04381198592323,0.010168504869235534,0.8512760377488064,False,Event volume around its typical baseline (0.9x). Average event tone was positive (5.04). Average Goldstein score was 0.87.
Italy,2013,0.7800695654514022,2.5694155538114365,0.013452522691465232,1.192752704614747,False,Event volume around its typical baseline (1.2x). Average event tone was positive (2.57). Average Goldstein score was 0.78.
Italy,2014,1.0867229601518007,2.625871131074129,0.009105768566149225,0.7576820832556498,False,Event volume around its typical baseline (0.8x). Average event tone was positive (2.63). Average Goldstein score was 1.09.
Italy,2015,1.042286710028416,-1.2890040502328166,0.010069615689834293,0.9008850134970864,False,Event volume around its typical baseline (0.9x). Average event tone was negative (-1.29). Average Goldstein score was 1.04.
Italy,2016,1.0360816436381772,-1.6660534517078558,0.009514354068192562,0.8497841055994027,False,Event volume around its typical baseline (0.8x). Average event tone was negative (-1.67). Average Goldstein score was 1.04.
Italy,2017,1.082498453372544,-1.3986234176726977,0.008241097764551317,0.7877057069559973,False,Event volume around its typical baseline (0.8x). Average event tone was negative (-1.40). Average Goldstein score was 1.08.
Italy,2018,0.9836214619015144,-1.5659957582336943,0.0088607789181251,0.8793358692879132,False,Event volume around its typical baseline (0.9x). Average event tone was negative (-1.57). Average Goldstein score was 0.98.
Italy,2019,1.1037294697680036,-1.2369727099561825,0.007838472451073898,0.8558851276484687,False,Event volume around its typical baseline (0.9x). Average event tone was negative (-1.24). Average Goldstein score was 1.10.
Italy,2020,1.0827174447971708,-2.018610323375985,0.010502546586298801,1.1794168723643776,False,Event volume around its typical baseline (1.2x). Average event tone was negative (-2.02). Average Goldstein score was 1.08.
Italy,2021,1.0200096356965498,-1.2099317995424843,0.00899793815888058,1.0007215967683527,False,Event volume around its typical baseline (1.0x). Average event tone was negative (-1.21). Average Goldstein score was 1.02.
Italy,2022,1.2143022381585795,-0.8478377362625044,0.0072923192103481116,0.8204525628630868,False,Event volume around its typical baseline (0.8x). Average event tone was negative (-0.85). Average Goldstein score was 1.21.
Italy,2023,1.2159900708016105,-0.8793208008069103,0.008287680493071284,0.9527809655341234,False,Event volume around its typical baseline (1.0x). Average event tone was negative (-0.88). Average Goldstein score was 1.22.
Italy,2024,1.224605978687958,-0.6502262630188214,0.0076190053435805346,0.8876037413246922,False,Event volume around its typical baseline (0.9x). Average event tone was negative (-0.65). Average Goldstein score was 1.22.
Italy,2025,1.1944110254362654,-0.4810894335037072,0.009633395706431465,1.12804576276177,False,Event volume around its typical baseline (1.1x). Average event tone was negative (-0.48). Average Goldstein score was 1.19.
Japan,1980,1.6093078195133466,4.75195768043029,0.025309178120527628,1.0,True,Event volume around its typical baseline (1.0x). Average event tone was positive (4.75). Average Goldstein score was 1.61.
Japan,1981,1.5722001513431705,5.258791637948043,0.024786541083479077,0.9793499008715477,False,Event volume around its typical baseline (1.0x). Average event tone was positive (5.26). Average Goldstein score was 1.57.
Japan,1982,0.98787778513126,5.081307993719809,0.020433803216563358,0.8157903925223632,False,Event volume around its typical baseline (0.8x). Average event tone was positive (5.08). Average Goldstein score was 0.99.
Japan,1983,1.3801868874876555,4.795624404643902,0.0293499774658301,1.2484124289463554,False,Event volume around its typical baseline (1.2x). Average event tone was positive (4.80). Average Goldstein score was 1.38.
Japan,1984,1.4002392115587028,4.94151463443347,0.022638728751364273,0.9066416542779193,False,Event volume around its typical baseline (0.9x). Average event tone was positive (4.94). Average Goldstein score was 1.40.
Japan,1985,1.4463659328762182,4.659844624940966,0.02569679005387672,1.048692522720495,False,Event volume around its typical baseline (1.0x). Average event tone was positive (4.66). Average Goldstein score was 1.45.
Japan,1986,1.4669507818508083,4.823576144050226,0.028297301357716655,1.1511780573740835,False,Event volume around its typical baseline (1.2x). Average event tone was positive (4.82). Average Goldstein score was 1.47.
Japan,1987,1.3832827586206895,4.459746181719311,0.026029031780253783,1.029494212239412,False,Event volume around its typical baseline (1.0x). Average event tone was positive (4.46). Average Goldstein score was 1.38.
Japan,1988,1.7491962077493826,4.242721080456207,0.026932758241857944,1.0200888194044417,False,Event volume around its typical baseline (1.0x). Average event tone was positive (4.24). Average Goldstein score was 1.75.
Japan,1989,1.7220302932645817,4.732091583507721,0.0290728550228556,1.1216845739702332,False,Event volume around its typical baseline (1.1x). Average event tone was positive (4.73). Average Goldstein score was 1.72.
Japan,1990,1.8495404765835668,4.916079760811295,0.033280608204424265,1.2232932934377458,False,Event volume around its typical baseline (1.2x). Average event tone was positive (4.92). Average Goldstein score was 1.85.
Japan,1991,2.013332495075233,5.015890277156529,0.03414336859194998,1.1887320257396223,False,Event volume around its typical baseline (1.2x). Average event tone was positive (5.02). Average Goldstein score was 2.01.
Japan,1992,1.980357319119534,5.07816752485856,0.03940479927491874,1.3182511249417606,False,Event volume around its typical baseline (1.3x). Average event tone was positive (5.08). Average Goldstein score was 1.98.
Japan,1993,1.584721569297833,5.355361364767263,0.038929686075182456,1.1953766717806638,False,Event volume around its typical baseline (1.2x). Average event tone was positive (5.36). Average Goldstein score was 1.58.
Japan,1994,1.53923088615291,5.174866589963296,0.030355973027785966,0.868150326820023,False,Event volume around its typical baseline (0.9x). Average event tone was positive (5.17). Average Goldstein score was 1.54.
Japan,1995,0.6838955720501663,5.012143329673044,0.04164860903721973,1.1824303043645836,False,Event volume around its typical baseline (1.2x). Average event tone was positive (5.01). Average Goldstein score was 0.68.
Japan,1996,1.250067348207501,5.354997605841682,0.037588726864009804,1.018761668524692,False,Event volume around its typical baseline (1.0x). Average event tone was positive (5.35). Average Goldstein score was 1.25.
Japan,1997,1.563014358426951,5.444948150439528,0.03918715571270997,1.042612027215833,False,Event volume around its typical baseline (1.0x). Average event tone was positive (5.44). Average Goldstein score was 1.56.
Japan,1998,1.752340645161289,5.368947388344597,0.03652837922273836,0.9729995709669439,False,Event volume around its typical baseline (1.0x). Average event tone was positive (5.37). Average Goldstein score was 1.75.
Japan,1999,1.725414052620595,5.559195987153316,0.033189757339113723,0.8955254548830098,False,Event volume around its typical baseline (0.9x). Average event tone was positive (5.56). Average Goldstein score was 1.73.
Japan,2000,1.6448011208521771,5.475885022880637,0.04333881144649775,1.1517541735944077,False,Event volume around its typical baseline (1.2x). Average event tone was positive (5.48). Average Goldstein score was 1.64.
Japan,2001,1.449040998710951,5.380956661608806,0.043434138193938286,1.1440101814863417,False,Event volume around its typical baseline (1.1x). Average event tone was positive (5.38). Average Goldstein score was 1.45.
Japan,2002,1.5773756858368868,5.464851353141752,0.0334701015572332,0.8552330915711235,False,Event volume around its typical baseline (0.9x). Average event tone was positive (5.46). Average Goldstein score was 1.58.
Japan,2003,1.7218761087064502,5.542909053823337,0.042300319290368024,1.1133937355644856,False,Event volume around its typical baseline (1.1x). Average event tone was positive (5.54). Average Goldstein score was 1.72.
Japan,2004,1.3835035141227952,5.3332326222599775,0.04030519385682643,1.0295956107240916,False,Event volume around its typical baseline (1.0x). Average event tone was positive (5.33). Average Goldstein score was 1.38.
Japan,2005,1.2736712567761228,5.364203341701925,0.03676804819144131,0.9062930346633313,False,Event volume around its typical baseline (0.9x). Average event tone was positive (5.36). Average Goldstein score was 1.27.
Japan,2006,1.4112444763532297,5.619428652268023,0.02695206368602107,0.6865795198533202,False,Event volume around its typical baseline (0.7x). Average event tone was positive (5.62). Average Goldstein score was 1.41.
Japan,2007,1.2544923193063926,5.558711357884514,0.025095419529131555,0.6978869855869893,False,Event volume around its typical baseline (0.7x). Average event tone was positive (5.56). Average Goldstein score was 1.25.
Japan,2008,1.3089403014469925,5.469207679932634,0.018765306938115858,0.5473454845337759,False,Event volume around its typical baseline (0.5x). Average event tone was positive (5.47). Average Goldstein score was 1.31.
Japan,2009,1.64241036006764,5.743367071457679,0.01900611240420018,0.642593222674979,False,Event volume around its typical baseline (0.6x). Average event tone was positive (5.74). Average Goldstein score was 1.64.
Japan,2010,1.4271240407319952,5.605872980102827,0.01844956525192264,0.7287309293245421,False,Event volume around its typical baseline (0.7x). Average event tone was positive (5.61). Average Goldstein score was 1.43.
Japan,2011,1.5003550211265368,5.406632393275172,0.020900633614069464,0.9652225637322875,False,Event volume around its typical baseline (1.0x). Average event tone was positive (5.41). Average Goldstein score was 1.50.
Japan,2012,1.3463441747602711,5.112862834105431,0.013291698171501786,0.6501703857650215,False,Event volume around its typical baseline (0.7x). Average event tone was positive (5.11). Average Goldstein score was 1.35.
Japan,2013,1.4583085488375462,2.584172809093991,0.01328929184518907,0.734918946527919,False,Event volume around its typical baseline (0.7x). Average event tone was positive (2.58). Average Goldstein score was 1.46.
Japan,2014,1.4513236320320728,2.5884637990971786,0.013278334268492778,0.7816550601039258,False,Event volume around its typical baseline (0.8x). Average event tone was positive (2.59). Average Goldstein score was 1.45.
Japan,2015,1.331998436465925,-0.5404065364492278,0.013028975203084445,0.82243742196364,False,Event volume around its typical baseline (0.8x). Average event tone was negative (-0.54). Average Goldstein score was 1.33.
Japan,2016,1.3049120104253646,-0.9973964354169272,0.01247456965634988,0.8452873033852485,False,Event volume around its typical baseline (0.8x). Average event tone was negative (-1.00). Average Goldstein score was 1.30.
Japan,2017,1.2189716832366435,-0.9274176520044626,0.012626760249619588,0.9658970310561472,False,Event volume around its typical baseline (1.0x). Average event tone was negative (-0.93). Average Goldstein score was 1.22.
Japan,2018,1.3982947799850272,-0.7050325171685473,0.010099018723077616,0.7804746250934743,False,Event volume around its typical baseline (0.8x). Average event tone was negative (-0.71). Average Goldstein score was 1.40.
Japan,2019,1.406268096109578,-0.8692800417497483,0.012165347211838692,0.9889294754107385,False,Event volume around its typical baseline (1.0x). Average event tone was negative (-0.87). Average Goldstein score was 1.41.
Japan,2020,1.2555264012724592,-1.5419957127779476,0.01034767575262651,0.8566712570628049,False,Event volume around its typical baseline (0.9x). Average event tone was negative (-1.54). Average Goldstein score was 1.26.
Japan,2021,1.2949775025212698,-0.9778350170933134,0.010464030474188497,0.9065516521794046,False,Event volume around its typical baseline (0.9x). Average event tone was negative (-0.98). Average Goldstein score was 1.29.
Japan,2022,1.2539038034916248,-0.8732604015957901,0.011286040273125415,1.0130580245705414,False,Event volume around its typical baseline (1.0x). Average event tone was negative (-0.87). Average Goldstein score was 1.25.
Japan,2023,1.5462774105909614,-0.4455570676880577,0.01200006962720899,1.1037162731294639,False,Event volume around its typical baseline (1.1x). Average event tone was negative (-0.45). Average Goldstein score was 1.55.
Japan,2024,1.419609553931727,-0.2943305317412077,0.0094860521173437,0.8430073563576409,False,Event volume around its typical baseline (0.8x). Average event tone was negative (-0.29). Average Goldstein score was 1.42.
Japan,2025,1.432129145061376,-0.1599398436952162,0.0091901666909031,0.8575497618956975,False,Event volume around its typical baseline (0.9x). Average event tone was negative (-0.16). Average Goldstein score was 1.43.
"Korea, South",1980,-0.6182283252557892,4.710858895166472,0.014429762300061915,1.0,True,Event volume around its typical baseline (1.0x). Average event tone was positive (4.71). Average Goldstein score was -0.62.
"Korea, South",1981,0.2774837310195226,5.316599329099396,0.006897643990713713,0.4780150807254889,False,Event volume around its typical baseline (0.5x). Average event tone was positive (5.32). Average Goldstein score was 0.28.
"Korea, South",1982,0.1258789062499999,4.598562000004456,0.007809568263296366,0.732350493709505,False,Event volume around its typical baseline (0.7x). Average event tone was positive (4.60). Average Goldstein score was 0.13.
"Korea, South",1983,0.202967563837129,4.542966317114069,0.014223007283625239,1.464428702839107,False,Event volume around its typical baseline (1.5x). Average event tone was positive (4.54). Average Goldstein score was 0.20.
"Korea, South",1984,0.7212612612612617,4.835303889212343,0.011858618179506964,1.0939689249774605,False,Event volume around its typical baseline (1.1x). Average event tone was positive (4.84). Average Goldstein score was 0.72.
"Korea, South",1985,0.5729574611748819,5.139975188643274,0.013216734528979882,1.1967647246455004,False,Event volume around its typical baseline (1.2x). Average event tone was positive (5.14). Average Goldstein score was 0.57.
"Korea, South",1986,-0.3209302325581395,4.946918080123528,0.012810418349101049,1.186027461270063,False,Event volume around its typical baseline (1.2x). Average event tone was positive (4.95). Average Goldstein score was -0.32.
"Korea, South",1987,-1.1926543592925851,5.292043470499795,0.03063231349056138,2.5561714588646516,False,A notable spike in event volume above its typical baseline (2.6x). Average event tone was positive (5.29). Average Goldstein score was -1.19.
"Korea, South",1988,-0.3927393185505677,5.045889928780687,0.01627878629610768,0.9837183638575244,False,Event volume around its typical baseline (1.0x). Average event tone was positive (5.05). Average Goldstein score was -0.39.
"Korea, South",1989,-0.4985012066556589,4.388731149843542,0.017562747436913412,1.035577566840303,False,Event volume around its typical baseline (1.0x). Average event tone was positive (4.39). Average Goldstein score was -0.50.
"Korea, South",1990,0.9351420838971586,4.919096053567228,0.015472889498970487,0.854846326647726,False,Event volume around its typical baseline (0.9x). Average event tone was positive (4.92). Average Goldstein score was 0.94.
"Korea, South",1991,0.6338581897405429,4.863696833105846,0.01717750675166458,0.9259397152917811,False,Event volume around its typical baseline (0.9x). Average event tone was positive (4.86). Average Goldstein score was 0.63.
"Korea, South",1992,1.6716608084358522,5.41201316345192,0.014893452191969206,0.7667216577044845,False,Event volume around its typical baseline (0.8x). Average event tone was positive (5.41). Average Goldstein score was 1.67.
"Korea, South",1993,1.1917832388153753,4.862150953958545,0.013469768924324683,0.8275299915197075,False,Event volume around its typical baseline (0.8x). Average event tone was positive (4.86). Average Goldstein score was 1.19.
"Korea, South",1994,1.1911669417446054,5.019775437762147,0.018415823527565663,1.171842421925399,False,Event volume around its typical baseline (1.2x). Average event tone was positive (5.02). Average Goldstein score was 1.19.
"Korea, South",1995,1.07780275166871,5.347144188259812,0.01670027027346474,1.051264498742195,False,Event volume around its typical baseline (1.1x). Average event tone was positive (5.35). Average Goldstein score was 1.08.
"Korea, South",1996,0.919086813670698,5.403098650059941,0.020664622927995528,1.281021400322591,False,Event volume around its typical baseline (1.3x). Average event tone was positive (5.40). Average Goldstein score was 0.92.
"Korea, South",1997,1.411403325194743,5.850819490698436,0.024598189582044894,1.461673307188408,False,Event volume around its typical baseline (1.5x). Average event tone was positive (5.85). Average Goldstein score was 1.41.
"Korea, South",1998,1.6458347363458818,5.690885250693274,0.02278613445172359,1.2139827437398756,False,Event volume around its typical baseline (1.2x). Average event tone was positive (5.69). Average Goldstein score was 1.65.
"Korea, South",1999,1.252572011463545,5.548446296082696,0.01677508445504933,0.8130217528639372,False,Event volume around its typical baseline (0.8x). Average event tone was positive (5.55). Average Goldstein score was 1.25.
"Korea, South",2000,1.953116431423788,6.117112342273013,0.02383751679889019,1.1739808303046353,False,Event volume around its typical baseline (1.2x). Average event tone was positive (6.12). Average Goldstein score was 1.95.
"Korea, South",2001,1.7556679268456503,5.80560867027228,0.01980877958575745,0.9114898467319431,False,Event volume around its typical baseline (0.9x). Average event tone was positive (5.81). Average Goldstein score was 1.76.
"Korea, South",2002,1.6007462295768742,5.480883547765303,0.01771432414161948,0.8215856555277513,False,Event volume around its typical baseline (0.8x). Average event tone was positive (5.48). Average Goldstein score was 1.60.
"Korea, South",2003,1.681094683862849,5.666249401444631,0.02332681105343811,1.1556869744192018,False,Event volume around its typical baseline (1.2x). Average event tone was positive (5.67). Average Goldstein score was 1.68.
"Korea, South",2004,1.66459396553565,5.401584754295101,0.022865092171416843,1.1267753385686161,False,Event volume around its typical baseline (1.1x). Average event tone was positive (5.40). Average Goldstein score was 1.66.
"Korea, South",2005,1.6770838035662468,5.599711854407564,0.01838111959708795,0.8545182835328949,False,Event volume around its typical baseline (0.9x). Average event tone was positive (5.60). Average Goldstein score was 1.68.
"Korea, South",2006,1.3323325890373945,5.555361851330416,0.012305703875317637,0.602652827841274,False,Event volume around its typical baseline (0.6x). Average event tone was positive (5.56). Average Goldstein score was 1.33.
"Korea, South",2007,1.4938673968771856,5.548042306268544,0.012519784476665926,0.6617708365274542,False,Event volume around its typical baseline (0.7x). Average event tone was positive (5.55). Average Goldstein score was 1.49.
"Korea, South",2008,1.1764876290803246,5.359934308711259,0.007855329122339761,0.43934339728863453,False,Event volume around its typical baseline (0.4x). Average event tone was positive (5.36). Average Goldstein score was 1.18.
"Korea, South",2009,1.3703935575209798,5.481339002938053,0.012694870361539656,0.8586081769795467,False,Event volume around its typical baseline (0.9x). Average event tone was positive (5.48). Average Goldstein score was 1.37.
"Korea, South",2010,0.9836627565232944,5.302840276847759,0.014605099347640258,1.1453756810988016,False,Event volume around its typical baseline (1.1x). Average event tone was positive (5.30). Average Goldstein score was 0.98.
"Korea, South",2011,1.292474602849935,5.661792525714614,0.007899328194591458,0.6584882064338797,False,Event volume around its typical baseline (0.7x). Average event tone was positive (5.66). Average Goldstein score was 1.29.
"Korea, South",2012,1.1456463547991071,5.226495114439089,0.006411788468068317,0.5768651700205515,False,Event volume around its typical baseline (0.6x). Average event tone was positive (5.23). Average Goldstein score was 1.15.
"Korea, South",2013,1.1867021708610346,2.42965898439814,0.006995226603976379,0.7070682739079289,False,Event volume around its typical baseline (0.7x). Average event tone was positive (2.43). Average Goldstein score was 1.19.
"Korea, South",2014,1.0747251443017134,2.3385986746160694,0.00901310161154216,0.9271533942542199,False,Event volume around its typical baseline (0.9x). Average event tone was positive (2.34). Average Goldstein score was 1.07.
"Korea, South",2015,1.207007121348404,-1.0934900977269029,0.0069478405352824645,0.7732789118970598,False,Event volume around its typical baseline (0.8x). Average event tone was negative (-1.09). Average Goldstein score was 1.21.
"Korea, South",2016,0.8198765582332614,-1.8398109376597105,0.007737614633038865,1.0381242619624869,False,Event volume around its typical baseline (1.0x). Average event tone was negative (-1.84). Average Goldstein score was 0.82.
"Korea, South",2017,0.6381608831021797,-2.072197655628921,0.010892620992586149,1.4677877807758388,False,Event volume around its typical baseline (1.5x). Average event tone was negative (-2.07). Average Goldstein score was 0.64.
"Korea, South",2018,1.5655084045118255,-0.9257453106375588,0.009053279556904676,1.0884903002141593,False,Event volume around its typical baseline (1.1x). Average event tone was negative (-0.93). Average Goldstein score was 1.57.
"Korea, South",2019,1.4539056640009271,-1.03435218169993,0.006166002667508838,0.7063901174183828,False,Event volume around its typical baseline (0.7x). Average event tone was negative (-1.03). Average Goldstein score was 1.45.
"Korea, South",2020,1.1215207230290347,-1.985960336407652,0.0061657810632866515,0.7556593499329501,False,Event volume around its typical baseline (0.8x). Average event tone was negative (-1.99). Average Goldstein score was 1.12.
"Korea, South",2021,1.462973244917504,-0.9384048562401512,0.005775250577934688,0.721630318249543,False,Event volume around its typical baseline (0.7x). Average event tone was negative (-0.94). Average Goldstein score was 1.46.
"Korea, South",2022,1.1642099131132495,-1.096015127570907,0.007058744693710705,0.9274901817705298,False,Event volume around its typical baseline (0.9x). Average event tone was negative (-1.10). Average Goldstein score was 1.16.
"Korea, South",2023,1.347084434649262,-0.860135121578347,0.006864848431724372,1.0030738308914573,False,Event volume around its typical baseline (1.0x). Average event tone was negative (-0.86). Average Goldstein score was 1.35.
"Korea, South",2024,1.0722273140314595,-1.3074348420225042,0.007822666036135729,1.2211228225569717,False,Event volume around its typical baseline (1.2x). Average event tone was negative (-1.31). Average Goldstein score was 1.07.
"Korea, South",2025,1.2162216770740415,-1.108187729255674,0.007099951922024844,1.0538027476873222,False,Event volume around its typical baseline (1.1x). Average event tone was negative (-1.11). Average Goldstein score was 1.22.
Mexico,1980,1.3391484084332363,4.525065357862919,0.006964392134572414,1.0,True,Event volume around its typical baseline (1.0x). Average event tone was positive (4.53). Average Goldstein score was 1.34.
Mexico,1981,0.9661382954284404,5.089111345352732,0.009289668920979197,1.3338807955490786,False,Event volume around its typical baseline (1.3x). Average event tone was positive (5.09). Average Goldstein score was 0.97.
Mexico,1982,0.4277811275248717,4.698203218175352,0.012717793498812012,1.564875812308853,False,Event volume somewhat elevated above its typical baseline (1.6x). Average event tone was positive (4.70). Average Goldstein score was 0.43.
Mexico,1983,0.7079308288610616,4.775432406222575,0.01708443148470065,1.7690719231635237,False,Event volume somewhat elevated above its typical baseline (1.8x). Average event tone was positive (4.78). Average Goldstein score was 0.71.
Mexico,1984,0.8814143515079489,4.828912694390194,0.012971387769167593,1.1265682828324848,False,Event volume around its typical baseline (1.1x). Average event tone was positive (4.83). Average Goldstein score was 0.88.
Mexico,1985,-0.0324532710280373,4.537411513302465,0.014009077590042048,1.1866533683467273,False,Event volume around its typical baseline (1.2x). Average event tone was positive (4.54). Average Goldstein score was -0.03.
Mexico,1986,0.687320099255583,4.642645443999888,0.012822201526847338,0.970315096186639,False,Event volume around its typical baseline (1.0x). Average event tone was positive (4.64). Average Goldstein score was 0.69.
Mexico,1987,1.323288372887144,4.531291801129754,0.0098504797485229,0.7075996732371481,False,Event volume around its typical baseline (0.7x). Average event tone was positive (4.53). Average Goldstein score was 1.32.
Mexico,1988,0.2641854636591477,4.453484771907985,0.012975455391423411,0.9721251322779718,False,Event volume around its typical baseline (1.0x). Average event tone was positive (4.45). Average Goldstein score was 0.26.
Mexico,1989,0.1919321835720549,4.474306641868915,0.011610199074525972,0.9269086885976983,False,Event volume around its typical baseline (0.9x). Average event tone was positive (4.47). Average Goldstein score was 0.19.
Mexico,1990,0.3684290540540542,4.745582712326559,0.009870228604614329,0.8055039431183183,False,Event volume around its typical baseline (0.8x). Average event tone was positive (4.75). Average Goldstein score was 0.37.
Mexico,1991,1.0141698473282448,5.079220143030943,0.009802558874707035,0.8579384924981681,False,Event volume around its typical baseline (0.9x). Average event tone was positive (5.08). Average Goldstein score was 1.01.
Mexico,1992,0.9292498152254244,4.841829557884006,0.010259147590667624,0.9480088744629668,False,Event volume around its typical baseline (0.9x). Average event tone was positive (4.84). Average Goldstein score was 0.93.
Mexico,1993,0.344984416483897,5.313859433020882,0.01224636852378298,1.123157555939821,False,Event volume around its typical baseline (1.1x). Average event tone was positive (5.31). Average Goldstein score was 0.34.
Mexico,1994,-0.3937402527561175,5.276167037181812,0.021514410691423073,1.9999079379563502,False,Event volume somewhat elevated above its typical baseline (2.0x). Average event tone was positive (5.28). Average Goldstein score was -0.39.
Mexico,1995,-0.3511848701200061,5.0093527326253735,0.013874169184885174,1.0891488406948087,False,Event volume around its typical baseline (1.1x). Average event tone was positive (5.01). Average Goldstein score was -0.35.
Mexico,1996,0.317201821964798,5.433734830164347,0.010509328199293098,0.776207348810541,False,Event volume around its typical baseline (0.8x). Average event tone was positive (5.43). Average Goldstein score was 0.32.
Mexico,1997,0.2134412032816772,5.375311863192043,0.009787474577714844,0.7154228529935389,False,Event volume around its typical baseline (0.7x). Average event tone was positive (5.38). Average Goldstein score was 0.21.
Mexico,1998,-0.0958246899412984,4.949752330806342,0.010750792228083322,0.791293617623358,False,Event volume around its typical baseline (0.8x). Average event tone was positive (4.95). Average Goldstein score was -0.10.
Mexico,1999,0.2377640153440864,5.314593726967604,0.008511802394289803,0.6405999750501061,False,Event volume around its typical baseline (0.6x). Average event tone was positive (5.31). Average Goldstein score was 0.24.
Mexico,2000,0.6493782608695653,5.739251735881377,0.008688445122311685,0.8130137737118635,False,Event volume around its typical baseline (0.8x). Average event tone was positive (5.74). Average Goldstein score was 0.65.
Mexico,2001,0.9842725156922209,6.009228051498472,0.008586240257694581,0.8898056170940819,False,Event volume around its typical baseline (0.9x). Average event tone was positive (6.01). Average Goldstein score was 0.98.
Mexico,2002,0.7170227366302205,5.750003475691146,0.007715295705631338,0.8327400517893518,False,Event volume around its typical baseline (0.8x). Average event tone was positive (5.75). Average Goldstein score was 0.72.
Mexico,2003,0.5876597996905795,5.598526162037922,0.007207410728699195,0.8143492907910542,False,Event volume around its typical baseline (0.8x). Average event tone was positive (5.60). Average Goldstein score was 0.59.
Mexico,2004,0.5242192796131419,5.633528350648734,0.008300421060389838,1.019477445052316,False,Event volume around its typical baseline (1.0x). Average event tone was positive (5.63). Average Goldstein score was 0.52.
Mexico,2005,-0.1972570207207742,5.242565630960503,0.008858478788204444,1.0936984196661061,False,Event volume around its typical baseline (1.1x). Average event tone was positive (5.24). Average Goldstein score was -0.20.
Mexico,2006,-0.1454889730392465,5.179209760411393,0.009497640325167367,1.1677087838522555,False,Event volume around its typical baseline (1.2x). Average event tone was positive (5.18). Average Goldstein score was -0.15.
Mexico,2007,0.1788448755950777,4.932188505278786,0.007396707796842464,0.8894711184356706,False,Event volume around its typical baseline (0.9x). Average event tone was positive (4.93). Average Goldstein score was 0.18.
Mexico,2008,-0.078140749614185,4.559456012434313,0.009671445727055973,1.1719936171570713,False,Event volume around its typical baseline (1.2x). Average event tone was positive (4.56). Average Goldstein score was -0.08.
Mexico,2009,0.1606723600234033,4.740715053267143,0.013857624615663242,1.584645133420892,False,Event volume somewhat elevated above its typical baseline (1.6x). Average event tone was positive (4.74). Average Goldstein score was 0.16.
Mexico,2010,-0.7296800237702484,4.640519059827926,0.015200635393868482,1.542212885580787,False,Event volume somewhat elevated above its typical baseline (1.5x). Average event tone was positive (4.64). Average Goldstein score was -0.73.
Mexico,2011,-0.5952051167523911,4.737831300925848,0.011268293451525807,1.0128975389110484,False,Event volume around its typical baseline (1.0x). Average event tone was positive (4.74). Average Goldstein score was -0.60.
Mexico,2012,0.1090814299686757,4.870829404451296,0.010458724336322903,0.9111227224371313,False,Event volume around its typical baseline (0.9x). Average event tone was positive (4.87). Average Goldstein score was 0.11.
Mexico,2013,0.3719355241784331,2.362794884994916,0.008581164447589135,0.7096947988027053,False,Event volume around its typical baseline (0.7x). Average event tone was positive (2.36). Average Goldstein score was 0.37.
Mexico,2014,0.0179132552544822,2.169095709359873,0.00874551675598733,0.7365707313148266,False,Event volume around its typical baseline (0.7x). Average event tone was positive (2.17). Average Goldstein score was 0.02.
Mexico,2015,0.0970006470886302,-1.99658459808706,0.008584654237067254,0.7911491620284477,False,Event volume around its typical baseline (0.8x). Average event tone was negative (-2.00). Average Goldstein score was 0.10.
Mexico,2016,0.3298960773995162,-2.219835361105083,0.010487834171726494,1.1007763137217068,False,Event volume around its typical baseline (1.1x). Average event tone was negative (-2.22). Average Goldstein score was 0.33.
Mexico,2017,0.4967207719197824,-2.1329476885309604,0.011151904922100208,1.1899707799832986,False,Event volume around its typical baseline (1.2x). Average event tone was negative (-2.13). Average Goldstein score was 0.50.
Mexico,2018,0.6116081050046818,-2.273868237609052,0.01286373342036294,1.3526227899474537,False,Event volume around its typical baseline (1.4x). Average event tone was negative (-2.27). Average Goldstein score was 0.61.
Mexico,2019,0.3421501293928937,-2.835461631174653,0.013681829207717836,1.3197827011529368,False,Event volume around its typical baseline (1.3x). Average event tone was negative (-2.84). Average Goldstein score was 0.34.
Mexico,2020,0.4070572288556215,-2.531026749987611,0.007171562907011604,0.6316336507460207,False,Event volume around its typical baseline (0.6x). Average event tone was negative (-2.53). Average Goldstein score was 0.41.
Mexico,2021,0.5888958762100768,-2.35811309544776,0.009301265267140367,0.840118504677853,False,Event volume around its typical baseline (0.8x). Average event tone was negative (-2.36). Average Goldstein score was 0.59.
Mexico,2022,0.2734199334319525,-2.4316724740156515,0.007442149288724787,0.686921604286334,False,Event volume around its typical baseline (0.7x). Average event tone was negative (-2.43). Average Goldstein score was 0.27.
Mexico,2023,0.2865636417429832,-2.49144225819663,0.008168017000815458,0.8093469655786698,False,Event volume around its typical baseline (0.8x). Average event tone was negative (-2.49). Average Goldstein score was 0.29.
Mexico,2024,0.2561483898589464,-2.3089636512191665,0.0069273705758101526,0.7568444517068883,False,Event volume around its typical baseline (0.8x). Average event tone was negative (-2.31). Average Goldstein score was 0.26.
Mexico,2025,0.3596400664973241,-2.5778989563363663,0.007587766170708999,0.9725320646225093,False,Event volume around its typical baseline (1.0x). Average event tone was negative (-2.58). Average Goldstein score was 0.36.
Nigeria,1980,1.848709500274573,4.975309340095219,0.005605733914690184,1.0,True,Event volume around its typical baseline (1.0x). Average event tone was positive (4.98). Average Goldstein score was 1.85.
Nigeria,1981,1.609655751469353,4.765776131345391,0.00564695989074691,1.0073542513226843,False,Event volume around its typical baseline (1.0x). Average event tone was positive (4.77). Average Goldstein score was 1.61.
Nigeria,1982,1.062789880534084,4.694861988871856,0.006847765852775862,1.2170891648126332,False,Event volume around its typical baseline (1.2x). Average event tone was positive (4.69). Average Goldstein score was 1.06.
Nigeria,1983,0.5787164374590705,4.678988432861681,0.0071626468615197374,1.1871488896034312,False,Event volume around its typical baseline (1.2x). Average event tone was positive (4.68). Average Goldstein score was 0.58.
Nigeria,1984,0.1428452924097883,4.021864102568819,0.01017034660215483,1.6103081533873753,False,Event volume somewhat elevated above its typical baseline (1.6x). Average event tone was positive (4.02). Average Goldstein score was 0.14.
Nigeria,1985,0.5600186104218358,3.961750025172501,0.006675338083042945,0.9419542120380494,False,Event volume around its typical baseline (0.9x). Average event tone was positive (3.96). Average Goldstein score was 0.56.
Nigeria,1986,0.586985645933014,4.00798168652129,0.0061344065002741695,0.8402592762982497,False,Event volume around its typical baseline (0.8x). Average event tone was positive (4.01). Average Goldstein score was 0.59.
Nigeria,1987,1.1910792629423803,3.6376508082282384,0.007079376573789108,0.9569181043021147,False,Event volume around its typical baseline (1.0x). Average event tone was positive (3.64). Average Goldstein score was 1.19.
Nigeria,1988,1.4684295612009235,3.582111425759249,0.00856798987935781,1.1509273407285645,False,Event volume around its typical baseline (1.2x). Average event tone was positive (3.58). Average Goldstein score was 1.47.
Nigeria,1989,1.6447217369603195,3.39875473324926,0.008883740013599208,1.149925539587861,False,Event volume around its typical baseline (1.1x). Average event tone was positive (3.40). Average Goldstein score was 1.64.
Nigeria,1990,1.1437549407114622,3.5048261058542307,0.010614011931788184,1.4212332650851847,False,Event volume around its typical baseline (1.4x). Average event tone was positive (3.50). Average Goldstein score was 1.14.
Nigeria,1991,1.07896138482024,3.9755045158991926,0.007662258585669172,0.928094328175073,False,Event volume around its typical baseline (0.9x). Average event tone was positive (3.98). Average Goldstein score was 1.08.
Nigeria,1992,1.3384041518001946,3.876821408352817,0.012928496293765385,1.510078075857834,False,Event volume somewhat elevated above its typical baseline (1.5x). Average event tone was positive (3.88). Average Goldstein score was 1.34.
Nigeria,1993,0.6359231682313587,4.649150353502714,0.01755212073814801,1.8036769935226575,False,Event volume somewhat elevated above its typical baseline (1.8x). Average event tone was positive (4.65). Average Goldstein score was 0.64.
Nigeria,1994,0.3950336172120126,4.509417617195741,0.013609912118147134,1.1805832703052095,False,Event volume around its typical baseline (1.2x). Average event tone was positive (4.51). Average Goldstein score was 0.40.
Nigeria,1995,0.0969667238982912,4.916293134317663,0.013819750056142811,1.1079412547875587,False,Event volume around its typical baseline (1.1x). Average event tone was positive (4.92). Average Goldstein score was 0.10.
Nigeria,1996,0.2390467019740011,4.980698362795073,0.009787665928911966,0.7463235569727418,False,Event volume around its typical baseline (0.7x). Average event tone was positive (4.98). Average Goldstein score was 0.24.
Nigeria,1997,0.2225229988368403,4.690500706301307,0.010136594388429288,0.7486633728836313,False,Event volume around its typical baseline (0.7x). Average event tone was positive (4.69). Average Goldstein score was 0.22.
Nigeria,1998,0.6709987147501321,5.382153949246328,0.018465788831070876,1.4225015046517795,False,Event volume around its typical baseline (1.4x). Average event tone was positive (5.38). Average Goldstein score was 0.67.
Nigeria,1999,0.4023293928932592,5.615559318196548,0.02232527041524132,1.6959410765100884,False,Event volume somewhat elevated above its typical baseline (1.7x). Average event tone was positive (5.62). Average Goldstein score was 0.40.
Nigeria,2000,0.5024536910863583,5.577748081463413,0.04358315894016245,2.9236679567403874,False,A notable spike in event volume above its typical baseline (2.9x). Average event tone was positive (5.58). Average Goldstein score was 0.50.
Nigeria,2001,0.5044906257058956,5.649034163078801,0.03642031208931324,1.7459656464682154,False,Event volume somewhat elevated above its typical baseline (1.7x). Average event tone was positive (5.65). Average Goldstein score was 0.50.
Nigeria,2002,0.4229271993608208,5.842890382038646,0.05836201738300781,2.2287297055104975,False,Event volume somewhat elevated above its typical baseline (2.2x). Average event tone was positive (5.84). Average Goldstein score was 0.42.
Nigeria,2003,0.5630002895318817,6.017328360997618,0.04899123188720383,1.3672743901190763,False,Event volume around its typical baseline (1.4x). Average event tone was positive (6.02). Average Goldstein score was 0.56.
Nigeria,2004,0.5444052388478456,5.997428977991999,0.061054073433084104,1.4558730872621684,False,Event volume around its typical baseline (1.5x). Average event tone was positive (6.00). Average Goldstein score was 0.54.
Nigeria,2005,0.880678738512317,6.2005942851151215,0.0656357390811425,1.3211128650019597,False,Event volume around its typical baseline (1.3x). Average event tone was positive (6.20). Average Goldstein score was 0.88.
Nigeria,2006,0.5484800864014757,5.941619826934399,0.03475312793024803,0.6424738298663373,False,Event volume around its typical baseline (0.6x). Average event tone was positive (5.94). Average Goldstein score was 0.55.
Nigeria,2007,0.0077081424799266,5.407215852313251,0.0114070831188368,0.21218833367662035,False,Event volume around its typical baseline (0.2x). Average event tone was positive (5.41). Average Goldstein score was 0.01.
Nigeria,2008,0.2606990500483772,5.391281670823547,0.0077641954972501506,0.1749944004212071,False,Event volume around its typical baseline (0.2x). Average event tone was positive (5.39). Average Goldstein score was 0.26.
Nigeria,2009,0.5052703278809383,5.8408529756630845,0.015262142363962575,0.4225066676185954,False,Event volume around its typical baseline (0.4x). Average event tone was positive (5.84). Average Goldstein score was 0.51.
Nigeria,2010,0.4181647264578891,5.844157768662438,0.012830975110029758,0.47584769926335935,False,Event volume around its typical baseline (0.5x). Average event tone was positive (5.84). Average Goldstein score was 0.42.
Nigeria,2011,0.0769889033705297,5.832963956369377,0.011890426602431217,0.7248711019052636,False,Event volume around its typical baseline (0.7x). Average event tone was positive (5.83). Average Goldstein score was 0.08.
Nigeria,2012,-0.233107363995227,5.059110663331524,0.014078131118060428,1.1899394231336982,False,Event volume around its typical baseline (1.2x). Average event tone was positive (5.06). Average Goldstein score was -0.23.
Nigeria,2013,0.1936700471505589,2.723682479487581,0.014726264445293681,1.1909467897928467,False,Event volume around its typical baseline (1.2x). Average event tone was positive (2.72). Average Goldstein score was 0.19.
Nigeria,2014,-0.0136116765118335,2.670878576654593,0.02103365740027153,1.5288768285849708,False,Event volume somewhat elevated above its typical baseline (1.5x). Average event tone was positive (2.67). Average Goldstein score was -0.01.
Nigeria,2015,0.1568415603069422,-1.7174485445140648,0.02125250346270978,1.4252051302573485,False,Event volume around its typical baseline (1.4x). Average event tone was negative (-1.72). Average Goldstein score was 0.16.
Nigeria,2016,0.2517074339478246,-2.399903846163975,0.019208018873244054,1.1573747485363783,False,Event volume around its typical baseline (1.2x). Average event tone was negative (-2.40). Average Goldstein score was 0.25.
Nigeria,2017,0.3889324532172835,-2.06700069496911,0.019921863133644056,1.1031106010006357,False,Event volume around its typical baseline (1.1x). Average event tone was negative (-2.07). Average Goldstein score was 0.39.
Nigeria,2018,0.2588284944010614,-2.056572586250756,0.018131938192971087,0.9429739466067195,False,Event volume around its typical baseline (0.9x). Average event tone was negative (-2.06). Average Goldstein score was 0.26.
Nigeria,2019,0.2356075078960028,-2.015423606066706,0.016854824086217714,0.8465678513147326,False,Event volume around its typical baseline (0.8x). Average event tone was negative (-2.02). Average Goldstein score was 0.24.
Nigeria,2020,0.1178259014564169,-2.4893886573732766,0.01891838275656409,0.9918502578211817,False,Event volume around its typical baseline (1.0x). Average event tone was negative (-2.49). Average Goldstein score was 0.12.
Nigeria,2021,-0.0453684444941276,-2.3545079554105417,0.0209313645511911,1.1249184966430745,False,Event volume around its typical baseline (1.1x). Average event tone was negative (-2.35). Average Goldstein score was -0.05.
Nigeria,2022,0.3056240634175466,-1.6064879495011135,0.01898963471085367,1.0020029980278362,False,Event volume around its typical baseline (1.0x). Average event tone was negative (-1.61). Average Goldstein score was 0.31.
Nigeria,2023,0.5106205024593908,-1.2162961414074835,0.020125317062780434,1.072479169500138,False,Event volume around its typical baseline (1.1x). Average event tone was negative (-1.22). Average Goldstein score was 0.51.
Nigeria,2024,0.5228088423062485,-1.44777962103703,0.020947135227410846,1.0930515272326196,False,Event volume around its typical baseline (1.1x). Average event tone was negative (-1.45). Average Goldstein score was 0.52.
Nigeria,2025,0.3774653842618511,-1.5256197103464348,0.019626879133209152,0.982209928833247,False,Event volume around its typical baseline (1.0x). Average event tone was negative (-1.53). Average Goldstein score was 0.38.
Norway,1980,1.2337796086508748,4.9385774138316245,0.002735441549421374,1.0,True,Event volume around its typical baseline (1.0x). Average event tone was positive (4.94). Average Goldstein score was 1.23.
Norway,1981,0.8209163346613545,5.270975014546155,0.002147411636265668,0.7850329087528514,False,Event volume around its typical baseline (0.8x). Average event tone was positive (5.27). Average Goldstein score was 0.82.
Norway,1982,1.7750682438580525,4.557097339380623,0.002269051758438004,0.9293958561314954,False,Event volume around its typical baseline (0.9x). Average event tone was positive (4.56). Average Goldstein score was 1.78.
Norway,1983,1.2543124999999995,5.149683083580862,0.0034704698530190594,1.4557533468911192,False,Event volume around its typical baseline (1.5x). Average event tone was positive (5.15). Average Goldstein score was 1.25.
Norway,1984,0.1127286027798097,4.639307006656316,0.002424159364892095,0.9128502472135877,False,Event volume around its typical baseline (0.9x). Average event tone was positive (4.64). Average Goldstein score was 0.11.
Norway,1985,0.4665198237885459,5.1090088103117886,0.002492706051596232,0.9553135034320832,False,Event volume around its typical baseline (1.0x). Average event tone was positive (5.11). Average Goldstein score was 0.47.
Norway,1986,1.2627934978928352,4.947546011125367,0.0027475845537689547,1.0729567942398814,False,Event volume around its typical baseline (1.1x). Average event tone was positive (4.95). Average Goldstein score was 1.26.
Norway,1987,1.346678424456201,4.421968588260184,0.0027624627639439773,1.0304642721387591,False,Event volume around its typical baseline (1.0x). Average event tone was positive (4.42). Average Goldstein score was 1.35.
Norway,1988,1.42258064516129,4.277636934379026,0.0025573792996259987,0.9200938678833308,False,Event volume around its typical baseline (0.9x). Average event tone was positive (4.28). Average Goldstein score was 1.42.
Norway,1989,1.5064109301103517,4.600668735895254,0.0030618896280401754,1.1790745387053847,False,Event volume around its typical baseline (1.2x). Average event tone was positive (4.60). Average Goldstein score was 1.51.
Norway,1990,1.3582794307891328,4.823080285742186,0.002567129507417771,0.9422718049682615,False,Event volume around its typical baseline (0.9x). Average event tone was positive (4.82). Average Goldstein score was 1.36.
Norway,1991,1.927704485488127,6.00599538365483,0.002489569223101426,0.9088376897316752,False,Event volume around its typical baseline (0.9x). Average event tone was positive (6.01). Average Goldstein score was 1.93.
Norway,1992,2.322440273037542,5.324981746198286,0.002217516319030383,0.8250652231598237,False,Event volume around its typical baseline (0.8x). Average event tone was positive (5.32). Average Goldstein score was 2.32.
Norway,1993,1.7631560283687948,5.074070587427639,0.0039233303692835135,1.5214391921595753,False,Event volume somewhat elevated above its typical baseline (1.5x). Average event tone was positive (5.07). Average Goldstein score was 1.76.
Norway,1994,1.6580390259635536,5.326303566884363,0.006653844642636945,2.333137540430104,False,Event volume somewhat elevated above its typical baseline (2.3x). Average event tone was positive (5.33). Average Goldstein score was 1.66.
Norway,1995,0.698215281650865,4.968767213809243,0.004964698976033914,1.390563692501904,False,Event volume around its typical baseline (1.4x). Average event tone was positive (4.97). Average Goldstein score was 0.70.
Norway,1996,1.777157745144481,5.7849274530619565,0.0061990539315611125,1.5307092501099808,False,Event volume somewhat elevated above its typical baseline (1.5x). Average event tone was positive (5.78). Average Goldstein score was 1.78.
Norway,1997,1.8325736738703344,5.920101521059083,0.004628334411216902,0.9659087971518918,False,Event volume around its typical baseline (1.0x). Average event tone was positive (5.92). Average Goldstein score was 1.83.
Norway,1998,1.700998052580332,5.806627151481054,0.004840742738754699,0.9178760251311608,False,Event volume around its typical baseline (0.9x). Average event tone was positive (5.81). Average Goldstein score was 1.70.
Norway,1999,1.7820821482902305,5.784975726417553,0.005434641131310228,0.9958415950313071,False,Event volume around its typical baseline (1.0x). Average event tone was positive (5.78). Average Goldstein score was 1.78.
Norway,2000,1.7552430580341212,5.626550945899538,0.005398030243913974,1.0353958396657488,False,Event volume around its typical baseline (1.0x). Average event tone was positive (5.63). Average Goldstein score was 1.76.
Norway,2001,1.5197669521269124,5.7563827063536985,0.00502161435663036,0.947445716940922,False,Event volume around its typical baseline (0.9x). Average event tone was positive (5.76). Average Goldstein score was 1.52.
Norway,2002,2.06259558987304,5.986357354755837,0.005183563366129347,1.0234745263334353,False,Event volume around its typical baseline (1.0x). Average event tone was positive (5.99). Average Goldstein score was 2.06.
Norway,2003,1.588308066361556,5.900610388315349,0.004589069022582311,0.8866535419573,False,Event volume around its typical baseline (0.9x). Average event tone was positive (5.90). Average Goldstein score was 1.59.
Norway,2004,1.2721820755419797,5.833186927945949,0.005520334139212056,1.0770577471002756,False,Event volume around its typical baseline (1.1x). Average event tone was positive (5.83). Average Goldstein score was 1.27.
Norway,2005,1.5029940119760483,5.875091206657842,0.005212243817169556,1.0135578590458192,False,Event volume around its typical baseline (1.0x). Average event tone was positive (5.88). Average Goldstein score was 1.50.
Norway,2006,1.02589881243917,5.251021371627063,0.0048789878067513216,0.9556589712511092,False,Event volume around its typical baseline (1.0x). Average event tone was positive (5.25). Average Goldstein score was 1.03.
Norway,2007,1.0787076271186429,5.876570323371511,0.007665661666331192,1.509927873332125,False,Event volume somewhat elevated above its typical baseline (1.5x). Average event tone was positive (5.88). Average Goldstein score was 1.08.
Norway,2008,1.2333437611726854,5.648321235335708,0.0020812810103083327,0.3734405492114629,False,Event volume around its typical baseline (0.4x). Average event tone was positive (5.65). Average Goldstein score was 1.23.
Norway,2009,1.5298311232007251,6.18106817987012,0.00292683524857885,0.5770913647248238,False,Event volume around its typical baseline (0.6x). Average event tone was positive (6.18). Average Goldstein score was 1.53.
Norway,2010,1.5123560977847086,6.493574624028194,0.0025299506954982757,0.5556665131278044,False,Event volume around its typical baseline (0.6x). Average event tone was positive (6.49). Average Goldstein score was 1.51.
Norway,2011,0.3022430798600061,5.553717443443428,0.005055898339546873,1.2587685430422424,False,Event volume around its typical baseline (1.3x). Average event tone was positive (5.55). Average Goldstein score was 0.30.
Norway,2012,0.9053105028680412,5.467473870782696,0.0031916725847608326,0.7876928314180858,False,Event volume around its typical baseline (0.8x). Average event tone was positive (5.47). Average Goldstein score was 0.91.
Norway,2013,1.3466985070638922,2.6902381016205865,0.0020980302158169744,0.6645376740362242,False,Event volume around its typical baseline (0.7x). Average event tone was positive (2.69). Average Goldstein score was 1.35.
Norway,2014,1.537727494465083,2.7421591300734147,0.001973433617170858,0.6244099725742599,False,Event volume around its typical baseline (0.6x). Average event tone was positive (2.74). Average Goldstein score was 1.54.
Norway,2015,1.279773232759312,-1.0762648024439845,0.0020500038943980126,0.6902841614718895,False,Event volume around its typical baseline (0.7x). Average event tone was negative (-1.08). Average Goldstein score was 1.28.
Norway,2016,1.287186637248391,-1.4066247736417612,0.0022011911311210445,0.765949338879957,False,Event volume around its typical baseline (0.8x). Average event tone was negative (-1.41). Average Goldstein score was 1.29.
Norway,2017,1.482071202936908,-0.8707787039211347,0.0018630176573969815,0.8089994918837702,False,Event volume around its typical baseline (0.8x). Average event tone was negative (-0.87). Average Goldstein score was 1.48.
Norway,2018,1.3971791242734175,-0.7923583966209865,0.0018181917401100226,0.8925237991168804,False,Event volume around its typical baseline (0.9x). Average event tone was negative (-0.79). Average Goldstein score was 1.40.
Norway,2019,1.2162685392364092,-1.277643057492535,0.002245275971583374,1.1333094496761729,False,Event volume around its typical baseline (1.1x). Average event tone was negative (-1.28). Average Goldstein score was 1.22.
Norway,2020,1.3941253768261572,-1.2045843717872668,0.0017983818214087049,0.8834929727019185,False,Event volume around its typical baseline (0.9x). Average event tone was negative (-1.20). Average Goldstein score was 1.39.
Norway,2021,1.317959381612979,-1.1598968775141092,0.0020712017790760254,1.0433153382570317,False,Event volume around its typical baseline (1.0x). Average event tone was negative (-1.16). Average Goldstein score was 1.32.
Norway,2022,1.4706939135954082,-1.1473063698915518,0.002644698616268722,1.349877499067584,False,Event volume around its typical baseline (1.3x). Average event tone was negative (-1.15). Average Goldstein score was 1.47.
Norway,2023,1.628637037218474,-0.8215412951704432,0.0015846352148975863,0.7490417270293047,False,Event volume around its typical baseline (0.7x). Average event tone was negative (-0.82). Average Goldstein score was 1.63.
Norway,2024,1.5422958951379058,-0.6363869501410543,0.0018496814925654892,0.8940675316391187,False,Event volume around its typical baseline (0.9x). Average event tone was negative (-0.64). Average Goldstein score was 1.54.
Norway,2025,1.5723460184611673,-0.4403838719942731,0.001564164714370928,0.7861231145641491,False,Event volume around its typical baseline (0.8x). Average event tone was negative (-0.44). Average Goldstein score was 1.57.
Pakistan,1980,0.7442410373760489,4.710998154715106,0.018449186617579036,1.0,True,Event volume around its typical baseline (1.0x). Average event tone was positive (4.71). Average Goldstein score was 0.74.
Pakistan,1981,0.9601188065343592,4.749096156965518,0.01715392996056315,0.9297932920369661,False,Event volume around its typical baseline (0.9x). Average event tone was positive (4.75). Average Goldstein score was 0.96.
Pakistan,1982,1.3151866151866154,4.996338016194503,0.009966555390257368,0.5598698287203392,False,Event volume around its typical baseline (0.6x). Average event tone was positive (5.00). Average Goldstein score was 1.32.
Pakistan,1983,-0.4883082077051923,4.078072236208767,0.014178354320226131,0.9334072667930214,False,Event volume around its typical baseline (0.9x). Average event tone was positive (4.08). Average Goldstein score was -0.49.
Pakistan,1984,-0.0678414741152383,4.308277826917676,0.015098113406167355,1.0107857510293425,False,Event volume around its typical baseline (1.0x). Average event tone was positive (4.31). Average Goldstein score was -0.07.
Pakistan,1985,0.0014087681731094,4.18111394807264,0.01752113168506842,1.1704766442541958,False,Event volume around its typical baseline (1.2x). Average event tone was positive (4.18). Average Goldstein score was 0.00.
Pakistan,1986,-0.3489043422010188,4.002889368498368,0.023450627854001378,1.5862578102109688,False,Event volume somewhat elevated above its typical baseline (1.6x). Average event tone was positive (4.00). Average Goldstein score was -0.35.
Pakistan,1987,-0.0080802346485003,3.8166481786078097,0.01906156909859943,1.1881581217025226,False,Event volume around its typical baseline (1.2x). Average event tone was positive (3.82). Average Goldstein score was -0.01.
Pakistan,1988,0.7519255759007683,4.519161235532385,0.028227424115893504,1.5803095105506206,False,Event volume somewhat elevated above its typical baseline (1.6x). Average event tone was positive (4.52). Average Goldstein score was 0.75.
Pakistan,1989,0.6626344303388046,3.984416421337552,0.02223644091210644,1.0756910238228812,False,Event volume around its typical baseline (1.1x). Average event tone was positive (3.98). Average Goldstein score was 0.66.
Pakistan,1990,0.0383032302882945,3.861367793329261,0.023014201995670766,1.0413930540763199,False,Event volume around its typical baseline (1.0x). Average event tone was positive (3.86). Average Goldstein score was 0.04.
Pakistan,1991,0.4762089434111592,4.068991808672486,0.01770744148443135,0.7633158541674591,False,Event volume around its typical baseline (0.8x). Average event tone was positive (4.07). Average Goldstein score was 0.48.
Pakistan,1992,1.0795435203094774,4.362425498712642,0.02638181672442568,1.1964859884332222,False,Event volume around its typical baseline (1.2x). Average event tone was positive (4.36). Average Goldstein score was 1.08.
Pakistan,1993,0.3306487961095953,4.607993215241389,0.028101459116204836,1.1951219890656282,False,Event volume around its typical baseline (1.2x). Average event tone was positive (4.61). Average Goldstein score was 0.33.
Pakistan,1994,0.0847937245787333,4.144881735717971,0.020844973525230417,0.8874630489592082,False,Event volume around its typical baseline (0.9x). Average event tone was positive (4.14). Average Goldstein score was 0.08.
Pakistan,1995,-0.7521468461045502,4.277007647656018,0.024366718935295902,1.0498380626528745,False,Event volume around its typical baseline (1.0x). Average event tone was positive (4.28). Average Goldstein score was -0.75.
Pakistan,1996,0.1022797927461139,4.855330936253971,0.0219986299237635,0.9368900503805482,False,Event volume around its typical baseline (0.9x). Average event tone was positive (4.86). Average Goldstein score was 0.10.
Pakistan,1997,0.4813330444829577,5.160034320455615,0.03014258475020876,1.2384622194545392,False,Event volume around its typical baseline (1.2x). Average event tone was positive (5.16). Average Goldstein score was 0.48.
Pakistan,1998,0.4559098433293761,4.991143347415101,0.027991505019951762,1.115605054510999,False,Event volume around its typical baseline (1.1x). Average event tone was positive (4.99). Average Goldstein score was 0.46.
Pakistan,1999,-0.0021500296631583,5.108380972368835,0.03820728011583103,1.524091878493623,False,Event volume somewhat elevated above its typical baseline (1.5x). Average event tone was positive (5.11). Average Goldstein score was -0.00.
Pakistan,2000,-0.1063386749429947,5.041247635518567,0.027366840468674256,0.9588490545272008,False,Event volume around its typical baseline (1.0x). Average event tone was positive (5.04). Average Goldstein score was -0.11.
Pakistan,2001,0.0284980827372612,5.2086131751069376,0.03843422207889287,1.3188887359525956,False,Event volume around its typical baseline (1.3x). Average event tone was positive (5.21). Average Goldstein score was 0.03.
Pakistan,2002,-0.7727184179720661,4.601806527885789,0.048277814549421864,1.488747079491506,False,Event volume around its typical baseline (1.5x). Average event tone was positive (4.60). Average Goldstein score was -0.77.
Pakistan,2003,-0.3807740094795456,4.834745049856178,0.03690200234510407,1.0234768381192108,False,Event volume around its typical baseline (1.0x). Average event tone was positive (4.83). Average Goldstein score was -0.38.
Pakistan,2004,-0.4044940488796647,4.782822846590334,0.04128923452447104,1.0912214226554027,False,Event volume around its typical baseline (1.1x). Average event tone was positive (4.78). Average Goldstein score was -0.40.
Pakistan,2005,-0.1196109693877551,4.914976299898725,0.0391031440713616,1.0168804517940229,False,Event volume around its typical baseline (1.0x). Average event tone was positive (4.91). Average Goldstein score was -0.12.
Pakistan,2006,-0.6590476823828206,4.643442550548981,0.04093555086138018,1.0032907628379952,False,Event volume around its typical baseline (1.0x). Average event tone was positive (4.64). Average Goldstein score was -0.66.
Pakistan,2007,-0.9176641209951716,4.800967495874915,0.05551987324323908,1.3442564316370404,False,Event volume around its typical baseline (1.3x). Average event tone was positive (4.80). Average Goldstein score was -0.92.
Pakistan,2008,-0.7749064728030122,4.79014769979232,0.05386552996507537,1.260013546061367,False,Event volume around its typical baseline (1.3x). Average event tone was positive (4.79). Average Goldstein score was -0.77.
Pakistan,2009,-0.9911128598473024,4.760501560818931,0.058079825913185744,1.2587011171431948,False,Event volume around its typical baseline (1.3x). Average event tone was positive (4.76). Average Goldstein score was -0.99.
Pakistan,2010,-0.6930398876025111,4.929972022612927,0.03922204271547715,0.7923519367491201,False,Event volume around its typical baseline (0.8x). Average event tone was positive (4.93). Average Goldstein score was -0.69.
Pakistan,2011,-0.8846182435731884,4.9383710399822265,0.03204336598332233,0.647019641286378,False,Event volume around its typical baseline (0.6x). Average event tone was positive (4.94). Average Goldstein score was -0.88.
Pakistan,2012,-0.6039058778455347,4.587999522487783,0.027724978050419718,0.5806749042259337,False,Event volume around its typical baseline (0.6x). Average event tone was positive (4.59). Average Goldstein score was -0.60.
Pakistan,2013,-0.6081602535205421,2.2880313726147907,0.030190359923867836,0.7156293084284213,False,Event volume around its typical baseline (0.7x). Average event tone was positive (2.29). Average Goldstein score was -0.61.
Pakistan,2014,-0.6900810955956151,2.247757477778872,0.027656555116560417,0.7384510987709056,False,Event volume around its typical baseline (0.7x). Average event tone was positive (2.25). Average Goldstein score was -0.69.
Pakistan,2015,-0.4324020759778345,-2.6940792552938384,0.020970511218546376,0.6685434835735806,False,Event volume around its typical baseline (0.7x). Average event tone was negative (-2.69). Average Goldstein score was -0.43.
Pakistan,2016,-0.401873452132318,-3.425820172936486,0.021124318535998013,0.7621388000867573,False,Event volume around its typical baseline (0.8x). Average event tone was negative (-3.43). Average Goldstein score was -0.40.
Pakistan,2017,-0.2952162728675224,-3.1667303068217536,0.016400451518092142,0.6423150509609895,False,Event volume around its typical baseline (0.6x). Average event tone was negative (-3.17). Average Goldstein score was -0.30.
Pakistan,2018,-0.0295553191146061,-2.70253702274706,0.015702689419754813,0.6748492772777173,False,Event volume around its typical baseline (0.7x). Average event tone was negative (-2.70). Average Goldstein score was -0.03.
Pakistan,2019,0.0975126927466032,-2.738478216926625,0.01864566518626747,0.9153086246379021,False,Event volume around its typical baseline (0.9x). Average event tone was negative (-2.74). Average Goldstein score was 0.10.
Pakistan,2020,0.0791928808201568,-2.989934149532269,0.01388509823371758,0.7477679058080292,False,Event volume around its typical baseline (0.7x). Average event tone was negative (-2.99). Average Goldstein score was 0.08.
Pakistan,2021,0.2288726331192993,-2.49132186732972,0.0162642843659566,0.9482638408967516,False,Event volume around its typical baseline (0.9x). Average event tone was negative (-2.49). Average Goldstein score was 0.23.
Pakistan,2022,0.0409495539136236,-2.789128023700464,0.017486013786469374,1.0807419833694936,False,Event volume around its typical baseline (1.1x). Average event tone was negative (-2.79). Average Goldstein score was 0.04.
Pakistan,2023,-0.1082231550319584,-2.932861951500416,0.016042713293824555,0.9784081052449989,False,Event volume around its typical baseline (1.0x). Average event tone was negative (-2.93). Average Goldstein score was -0.11.
Pakistan,2024,-0.0391423904054621,-2.6679524260102907,0.014356119309051212,0.8719303343643963,False,Event volume around its typical baseline (0.9x). Average event tone was negative (-2.67). Average Goldstein score was -0.04.
Pakistan,2025,-0.0709263432175218,-3.0915236221841345,0.01633718792028579,1.0467962669679673,False,Event volume around its typical baseline (1.0x). Average event tone was negative (-3.09). Average Goldstein score was -0.07.
Poland,1980,1.3724226804123707,5.818435112503177,0.04567092630910417,1.0,True,Event volume around its typical baseline (1.0x). Average event tone was positive (5.82). Average Goldstein score was 1.37.
Poland,1981,0.9168199509874584,5.9820498568852845,0.09500802883956919,2.0802737434434304,False,Event volume somewhat elevated above its typical baseline (2.1x). Average event tone was positive (5.98). Average Goldstein score was 0.92.
Poland,1982,0.6689199282939945,5.70546883421046,0.06736575119801204,0.957723223446152,False,Event volume around its typical baseline (1.0x). Average event tone was positive (5.71). Average Goldstein score was 0.67.
Poland,1983,1.1251485722568488,5.707552816511589,0.054466230936819175,0.7854018286731611,False,Event volume around its typical baseline (0.8x). Average event tone was positive (5.71). Average Goldstein score was 1.13.
Poland,1984,0.7137668787831755,5.470844856704575,0.04553913959721813,0.6939008342808531,False,Event volume around its typical baseline (0.7x). Average event tone was positive (5.47). Average Goldstein score was 0.71.
Poland,1985,0.5131284737749956,5.4580312998992815,0.03194029681988633,0.5184270223742493,False,Event volume around its typical baseline (0.5x). Average event tone was positive (5.46). Average Goldstein score was 0.51.
Poland,1986,1.4585318235064426,5.8602225307188,0.025077548038542775,0.4260260112065331,False,Event volume around its typical baseline (0.4x). Average event tone was positive (5.86). Average Goldstein score was 1.46.
Poland,1987,1.548959889667854,5.440901173922877,0.03282944651997169,0.7315298746369988,False,Event volume around its typical baseline (0.7x). Average event tone was positive (5.44). Average Goldstein score was 1.55.
Poland,1988,1.2592929555497785,5.512315729300476,0.02934694323548915,0.772887325883907,False,Event volume around its typical baseline (0.8x). Average event tone was positive (5.51). Average Goldstein score was 1.26.
Poland,1989,1.548315561007832,6.006319530852779,0.04216498717009101,1.2797949223105212,False,Event volume around its typical baseline (1.3x). Average event tone was positive (6.01). Average Goldstein score was 1.55.
Poland,1990,1.7974365768033382,5.452174242932359,0.027927564542526793,0.8653848300010617,False,Event volume around its typical baseline (0.9x). Average event tone was positive (5.45). Average Goldstein score was 1.80.
Poland,1991,1.989752261108926,5.121611518228398,0.017705522424354077,0.5626284539258499,False,Event volume around its typical baseline (0.6x). Average event tone was positive (5.12). Average Goldstein score was 1.99.
Poland,1992,1.7839235787511658,5.04746811616335,0.022384734603330125,0.7462848681821358,False,Event volume around its typical baseline (0.7x). Average event tone was positive (5.05). Average Goldstein score was 1.78.
Poland,1993,1.552492793850753,5.403428202589824,0.016017203166553154,0.5739708893531248,False,Event volume around its typical baseline (0.6x). Average event tone was positive (5.40). Average Goldstein score was 1.55.
Poland,1994,1.7548199266767304,5.508297606846921,0.016030907288759708,0.635138897633056,False,Event volume around its typical baseline (0.6x). Average event tone was positive (5.51). Average Goldstein score was 1.75.
Poland,1995,1.4724844956334635,5.419959962190912,0.017733002517561866,0.886065924666484,False,Event volume around its typical baseline (0.9x). Average event tone was positive (5.42). Average Goldstein score was 1.47.
Poland,1996,1.8335922697991656,5.641303159880426,0.014203095906168922,0.7901902411235409,False,Event volume around its typical baseline (0.8x). Average event tone was positive (5.64). Average Goldstein score was 1.83.
Poland,1997,2.027343042296703,5.886331799995584,0.016216733039830296,0.9388058013665419,False,Event volume around its typical baseline (0.9x). Average event tone was positive (5.89). Average Goldstein score was 2.03.
Poland,1998,1.7395781363478484,5.478272668140405,0.014556163356066378,0.9074808230301363,False,Event volume around its typical baseline (0.9x). Average event tone was positive (5.48). Average Goldstein score was 1.74.
Poland,1999,1.4596513714432202,5.51231124755084,0.012847093088485874,0.8157930569180526,False,Event volume around its typical baseline (0.8x). Average event tone was positive (5.51). Average Goldstein score was 1.46.
Poland,2000,1.3814734074952708,5.823229107977222,0.014477510177861329,0.9580637761094768,False,Event volume around its typical baseline (1.0x). Average event tone was positive (5.82). Average Goldstein score was 1.38.
Poland,2001,1.3474535054971408,5.507958977575737,0.012635609349630627,0.8738247071335995,False,Event volume around its typical baseline (0.9x). Average event tone was positive (5.51). Average Goldstein score was 1.35.
Poland,2002,1.6857155461443432,5.264151317660013,0.011183203348719216,0.7905211226359219,False,Event volume around its typical baseline (0.8x). Average event tone was positive (5.26). Average Goldstein score was 1.69.
Poland,2003,1.663818688439606,5.482734419512974,0.01264941058786062,0.9626705923110037,False,Event volume around its typical baseline (1.0x). Average event tone was positive (5.48). Average Goldstein score was 1.66.
Poland,2004,1.2761991944342732,5.36461840646669,0.012483137166558661,0.9784122950151808,False,Event volume around its typical baseline (1.0x). Average event tone was positive (5.36). Average Goldstein score was 1.28.
Poland,2005,1.252547357495026,5.404866152863568,0.01284877582643878,1.0128491725212885,False,Event volume around its typical baseline (1.0x). Average event tone was positive (5.40). Average Goldstein score was 1.25.
Poland,2006,1.255267672074905,5.328355257296304,0.007196127641974812,0.5822096904012721,False,Event volume around its typical baseline (0.6x). Average event tone was positive (5.33). Average Goldstein score was 1.26.
Poland,2007,1.1065042221406345,5.2987791405360944,0.006635692660224855,0.5886812982096029,False,Event volume around its typical baseline (0.6x). Average event tone was positive (5.30). Average Goldstein score was 1.11.
Poland,2008,1.5563203338290463,5.42146161303969,0.0044125180761390576,0.42581068677265665,False,Event volume around its typical baseline (0.4x). Average event tone was positive (5.42). Average Goldstein score was 1.56.
Poland,2009,1.2111389557317995,5.210266058305593,0.0039564524435844,0.4539688843206575,False,Event volume around its typical baseline (0.5x). Average event tone was positive (5.21). Average Goldstein score was 1.21.
Poland,2010,1.0762157978471814,5.309325475542447,0.003585829694420077,0.5115369514258554,False,Event volume around its typical baseline (0.5x). Average event tone was positive (5.31). Average Goldstein score was 1.08.
Poland,2011,1.2609424111311291,5.568026501119875,0.0030679732933421725,0.5948769617557551,False,Event volume around its typical baseline (0.6x). Average event tone was positive (5.57). Average Goldstein score was 1.26.
Poland,2012,1.0934611617800087,5.096236259835526,0.0023131371529623718,0.5340029933446772,False,Event volume around its typical baseline (0.5x). Average event tone was positive (5.10). Average Goldstein score was 1.09.
Poland,2013,1.1539368611584326,2.4992933949040914,0.0029197018352674674,0.8420964702848791,False,Event volume around its typical baseline (0.8x). Average event tone was positive (2.50). Average Goldstein score was 1.15.
Poland,2014,1.210249659168371,2.443301689639612,0.003347232048172909,1.0563694059781996,False,Event volume around its typical baseline (1.1x). Average event tone was positive (2.44). Average Goldstein score was 1.21.
Poland,2015,0.8277325008631441,-1.3991507251837356,0.0031805333821692014,1.0439016947114126,False,Event volume around its typical baseline (1.0x). Average event tone was negative (-1.40). Average Goldstein score was 0.83.
Poland,2016,0.9069249312407726,-1.7700256111639074,0.0046489284962982266,1.5675571139108686,False,Event volume somewhat elevated above its typical baseline (1.6x). Average event tone was negative (-1.77). Average Goldstein score was 0.91.
Poland,2017,0.8150202706714964,-1.6383609952257487,0.0043455251484260105,1.3240855699457883,False,Event volume around its typical baseline (1.3x). Average event tone was negative (-1.64). Average Goldstein score was 0.82.
Poland,2018,0.7828653682324256,-1.9979026675024851,0.0036346991841394714,0.9854448465026195,False,Event volume around its typical baseline (1.0x). Average event tone was negative (-2.00). Average Goldstein score was 0.78.
Poland,2019,0.8957123209016011,-1.8221371648382685,0.003080369135762802,0.8039834732505936,False,Event volume around its typical baseline (0.8x). Average event tone was negative (-1.82). Average Goldstein score was 0.90.
Poland,2020,0.7184356410824988,-2.2021737445492904,0.0026586672282577564,0.7037213971712215,False,Event volume around its typical baseline (0.7x). Average event tone was negative (-2.20). Average Goldstein score was 0.72.
Poland,2021,0.4269646543294824,-2.930059998210871,0.0036376894727666443,0.9902145046981182,False,Event volume around its typical baseline (1.0x). Average event tone was negative (-2.93). Average Goldstein score was 0.43.
Poland,2022,1.1943442761909462,-2.3330645813457456,0.006811650978493609,1.9622257689375058,False,Event volume somewhat elevated above its typical baseline (2.0x). Average event tone was negative (-2.33). Average Goldstein score was 1.19.
Poland,2023,0.9632025153370136,-1.9012902973692811,0.0031119354768570653,0.7849274948418884,False,Event volume around its typical baseline (0.8x). Average event tone was negative (-1.90). Average Goldstein score was 0.96.
Poland,2024,0.8115912705285868,-1.867421784593161,0.002747660745814346,0.7118176908809982,False,Event volume around its typical baseline (0.7x). Average event tone was negative (-1.87). Average Goldstein score was 0.81.
Poland,2025,0.564776426246359,-1.916449443101256,0.003212924408602781,0.8469505228944375,False,Event volume around its typical baseline (0.8x). Average event tone was negative (-1.92). Average Goldstein score was 0.56.
Russia,1980,0.6609799266134252,5.121567050763876,0.11415411563239958,1.0,True,Event volume around its typical baseline (1.0x). Average event tone was positive (5.12). Average Goldstein score was 0.66.
Russia,1981,0.7393447586749837,5.574037482016162,0.09594759188357309,0.8405092654963457,False,Event volume around its typical baseline (0.8x). Average event tone was positive (5.57). Average Goldstein score was 0.74.
Russia,1982,0.7373920100528822,5.4436698233444725,0.0693469305086192,0.6601272434051704,False,Event volume around its typical baseline (0.7x). Average event tone was positive (5.44). Average Goldstein score was 0.74.
Russia,1983,0.2595541645866135,5.080838705684046,0.09659370580135454,1.0369745204432252,False,Event volume around its typical baseline (1.0x). Average event tone was positive (5.08). Average Goldstein score was 0.26.
Russia,1984,0.8311483272712737,5.296609620816902,0.08642063584280006,0.9192649419587747,False,Event volume around its typical baseline (0.9x). Average event tone was positive (5.30). Average Goldstein score was 0.83.
Russia,1985,1.026616121879694,5.557940332425318,0.10783606413369115,1.16588861027246,False,Event volume around its typical baseline (1.2x). Average event tone was positive (5.56). Average Goldstein score was 1.03.
Russia,1986,1.2713470014692136,5.053958780898294,0.0890694614119866,0.9763285297209751,False,Event volume around its typical baseline (1.0x). Average event tone was positive (5.05). Average Goldstein score was 1.27.
Russia,1987,1.539908834382463,5.146933747291422,0.1044749098928589,1.1627268076349433,False,Event volume around its typical baseline (1.2x). Average event tone was positive (5.15). Average Goldstein score was 1.54.
Russia,1988,1.5956546862359884,5.046312749000101,0.11044501871190607,1.1400310649205445,False,Event volume around its typical baseline (1.1x). Average event tone was positive (5.05). Average Goldstein score was 1.60.
Russia,1989,1.4040073788562777,5.040300092974246,0.09914434185296643,0.9949334660540039,False,Event volume around its typical baseline (1.0x). Average event tone was positive (5.04). Average Goldstein score was 1.40.
Russia,1990,1.4439454003598744,4.961936918316654,0.11021889023810781,1.0785264716250709,False,Event volume around its typical baseline (1.1x). Average event tone was positive (4.96). Average Goldstein score was 1.44.
Russia,1991,1.7135409163942603,5.139562152024648,0.13144547168988865,1.280264929301165,False,Event volume around its typical baseline (1.3x). Average event tone was positive (5.14). Average Goldstein score was 1.71.
Russia,1992,1.6792633344706016,4.839492992688952,0.1320129737243124,1.18774673492694,False,Event volume around its typical baseline (1.2x). Average event tone was positive (4.84). Average Goldstein score was 1.68.
Russia,1993,1.1796987779846937,4.831727082547794,0.12031054174793762,1.0313510314254217,False,Event volume around its typical baseline (1.0x). Average event tone was positive (4.83). Average Goldstein score was 1.18.
Russia,1994,1.2753613598874214,4.907082576370336,0.1196683802511835,1.0087833400944968,False,Event volume around its typical baseline (1.0x). Average event tone was positive (4.91). Average Goldstein score was 1.28.
Russia,1995,0.6169379729581523,4.644474008799353,0.1355871060646056,1.1047480113990953,False,Event volume around its typical baseline (1.1x). Average event tone was positive (4.64). Average Goldstein score was 0.62.
Russia,1996,1.063816901141046,4.977288099497162,0.14033750820922047,1.0980605128112342,False,Event volume around its typical baseline (1.1x). Average event tone was positive (4.98). Average Goldstein score was 1.06.
Russia,1997,1.7071963804389678,5.280780201526457,0.13901959840336323,1.0728203114005477,False,Event volume around its typical baseline (1.1x). Average event tone was positive (5.28). Average Goldstein score was 1.71.
Russia,1998,1.4206803218208135,5.139897316237199,0.12935865384548106,0.9875865349405878,False,Event volume around its typical baseline (1.0x). Average event tone was positive (5.14). Average Goldstein score was 1.42.
Russia,1999,0.7629852582245856,4.917655171483616,0.1564190023899055,1.177904940537141,False,Event volume around its typical baseline (1.2x). Average event tone was positive (4.92). Average Goldstein score was 0.76.
Russia,2000,0.5482653777437468,4.886197003502853,0.13701785707248057,0.9776907440116968,False,Event volume around its typical baseline (1.0x). Average event tone was positive (4.89). Average Goldstein score was 0.55.
Russia,2001,0.8834233134594625,5.018732718529747,0.11755861228187582,0.8371300551096316,False,Event volume around its typical baseline (0.8x). Average event tone was positive (5.02). Average Goldstein score was 0.88.
Russia,2002,0.770980308914056,4.903202126406118,0.10899267017185166,0.8021554729202159,False,Event volume around its typical baseline (0.8x). Average event tone was positive (4.90). Average Goldstein score was 0.77.
Russia,2003,0.9966736277938822,5.199875972632504,0.09889352596935728,0.7614846690154893,False,Event volume around its typical baseline (0.8x). Average event tone was positive (5.20). Average Goldstein score was 1.00.
Russia,2004,0.7146018673775346,4.968077856523746,0.10120706151494636,0.8176608450912749,False,Event volume around its typical baseline (0.8x). Average event tone was positive (4.97). Average Goldstein score was 0.71.
Russia,2005,0.5225288773914089,4.902578386297028,0.07380560965184259,0.6546884293687305,False,Event volume around its typical baseline (0.7x). Average event tone was positive (4.90). Average Goldstein score was 0.52.
Russia,2006,0.6636312483325649,4.9752464668441005,0.052159564377308995,0.5211188413054981,False,Event volume around its typical baseline (0.5x). Average event tone was positive (4.98). Average Goldstein score was 0.66.
Russia,2007,0.6195177401155065,5.12384439908442,0.047189312967367184,0.5423330469032361,False,Event volume around its typical baseline (0.5x). Average event tone was positive (5.12). Average Goldstein score was 0.62.
Russia,2008,0.7855016612271775,5.200962683199797,0.04056308233920531,0.5433694691977914,False,Event volume around its typical baseline (0.5x). Average event tone was positive (5.20). Average Goldstein score was 0.79.
Russia,2009,0.9177273833929056,5.112737285642092,0.03511113982130379,0.5574530599029682,False,Event volume around its typical baseline (0.6x). Average event tone was positive (5.11). Average Goldstein score was 0.92.
Russia,2010,0.87453176657004,5.1945837744122825,0.032841524474134014,0.6599223334275462,False,Event volume around its typical baseline (0.7x). Average event tone was positive (5.19). Average Goldstein score was 0.87.
Russia,2011,0.843175886779296,5.2353009651129865,0.023814712743043545,0.5728418883198928,False,Event volume around its typical baseline (0.6x). Average event tone was positive (5.24). Average Goldstein score was 0.84.
Russia,2012,0.6662586084682858,3.968656602842252,0.02918715529510875,0.8129231369291261,False,Event volume around its typical baseline (0.8x). Average event tone was positive (3.97). Average Goldstein score was 0.67.
Russia,2013,0.8042040421260599,1.7342811371301623,0.03731168615694235,1.1550345834579365,False,Event volume around its typical baseline (1.2x). Average event tone was positive (1.73). Average Goldstein score was 0.80.
Russia,2014,0.3594992764416673,2.073911348037131,0.04348938436938281,1.3739313665343043,False,Event volume around its typical baseline (1.4x). Average event tone was positive (2.07). Average Goldstein score was 0.36.
Russia,2015,0.4166844601023705,-2.2510549627211147,0.025745519627551016,0.7724684984458735,False,Event volume around its typical baseline (0.8x). Average event tone was negative (-2.25). Average Goldstein score was 0.42.
Russia,2016,0.3944605662645539,-2.8198972619167453,0.027023750107365678,0.8468822078756969,False,Event volume around its typical baseline (0.8x). Average event tone was negative (-2.82). Average Goldstein score was 0.39.
Russia,2017,0.5539074895062419,-2.573647192728987,0.04526701858398418,1.3906277689162292,False,Event volume around its typical baseline (1.4x). Average event tone was negative (-2.57). Average Goldstein score was 0.55.
Russia,2018,0.3330660553892208,-2.966095489650619,0.04027030236055551,1.125891777327333,False,Event volume around its typical baseline (1.1x). Average event tone was negative (-2.97). Average Goldstein score was 0.33.
Russia,2019,0.646818050914139,-2.612473969911893,0.028813490463724032,0.792467777572725,False,Event volume around its typical baseline (0.8x). Average event tone was negative (-2.61). Average Goldstein score was 0.65.
Russia,2020,0.5112951878482073,-3.0821033565336458,0.02036444276622925,0.6092757562983104,False,Event volume around its typical baseline (0.6x). Average event tone was negative (-3.08). Average Goldstein score was 0.51.
Russia,2021,0.5497217857094053,-2.7536086272883225,0.023977638657826775,0.7412447839743568,False,Event volume around its typical baseline (0.7x). Average event tone was negative (-2.75). Average Goldstein score was 0.55.
Russia,2022,-0.1845231687918001,-3.453455632355025,0.08237553772219351,2.595438782795216,False,A notable spike in event volume above its typical baseline (2.6x). Average event tone was negative (-3.45). Average Goldstein score was -0.18.
Russia,2023,-0.2910914020012607,-3.288596152210986,0.03878235768944668,0.9903492855118935,False,Event volume around its typical baseline (1.0x). Average event tone was negative (-3.29). Average Goldstein score was -0.29.
Russia,2024,-0.4490782886230668,-3.3505596220857097,0.031366184886811976,0.8071027017000164,False,Event volume around its typical baseline (0.8x). Average event tone was negative (-3.35). Average Goldstein score was -0.45.
Russia,2025,0.2391879314392613,-2.7243287758964603,0.030927420024771567,0.7854935493781092,False,Event volume around its typical baseline (0.8x). Average event tone was negative (-2.72). Average Goldstein score was 0.24.
Saudi Arabia,1980,1.3569132653061222,5.121069010790016,0.010543013785233401,1.0,True,Event volume around its typical baseline (1.0x). Average event tone was positive (5.12). Average Goldstein score was 1.36.
Saudi Arabia,1981,1.5825337680484397,5.564354662633934,0.018336415423262725,1.7392005546786633,False,Event volume somewhat elevated above its typical baseline (1.7x). Average event tone was positive (5.56). Average Goldstein score was 1.58.
Saudi Arabia,1982,1.938570364854803,5.125732064393217,0.009691534390990415,0.6711721565562822,False,Event volume around its typical baseline (0.7x). Average event tone was positive (5.13). Average Goldstein score was 1.94.
Saudi Arabia,1983,1.9422005842259005,4.483170531669515,0.009373487770280233,0.7290578374664988,False,Event volume around its typical baseline (0.7x). Average event tone was positive (4.48). Average Goldstein score was 1.94.
Saudi Arabia,1984,1.0033696215655776,4.315381442880304,0.010581490386286467,0.8828125118944657,False,Event volume around its typical baseline (0.9x). Average event tone was positive (4.32). Average Goldstein score was 1.00.
Saudi Arabia,1985,1.9964107676969105,4.089776421253172,0.0066949074780746675,0.5719606790763195,False,Event volume around its typical baseline (0.6x). Average event tone was positive (4.09). Average Goldstein score was 2.00.
Saudi Arabia,1986,1.5904818560380725,4.314884319751736,0.008625286110284652,0.7887369753642142,False,Event volume around its typical baseline (0.8x). Average event tone was positive (4.31). Average Goldstein score was 1.59.
Saudi Arabia,1987,0.0142910170749814,4.313431888916271,0.012804265894241372,1.4237495910351068,False,Event volume around its typical baseline (1.4x). Average event tone was positive (4.31). Average Goldstein score was 0.01.
Saudi Arabia,1988,1.1132251381215477,4.218448112346467,0.009072128510380799,0.9434520198079738,False,Event volume around its typical baseline (0.9x). Average event tone was positive (4.22). Average Goldstein score was 1.11.
Saudi Arabia,1989,0.6625745126470116,4.140909993146298,0.00979821225020556,1.0253878538632517,False,Event volume around its typical baseline (1.0x). Average event tone was positive (4.14). Average Goldstein score was 0.66.
Saudi Arabia,1990,1.304714079467704,4.437922483977262,0.02650926561427591,2.820446674642374,False,A notable spike in event volume above its typical baseline (2.8x). Average event tone was positive (4.44). Average Goldstein score was 1.30.
Saudi Arabia,1991,0.8390844029100375,4.4981920245661975,0.02132432142721046,1.595913041301637,False,Event volume somewhat elevated above its typical baseline (1.6x). Average event tone was positive (4.50). Average Goldstein score was 0.84.
Saudi Arabia,1992,1.8173246800072116,4.658377705233859,0.009645210823020077,0.6065545181330926,False,Event volume around its typical baseline (0.6x). Average event tone was positive (4.66). Average Goldstein score was 1.82.
Saudi Arabia,1993,1.021299254526092,4.538690122727027,0.008076434704867533,0.5289145922474849,False,Event volume around its typical baseline (0.5x). Average event tone was positive (4.54). Average Goldstein score was 1.02.
Saudi Arabia,1994,1.6752306049130992,4.598245219697768,0.010256054155959338,0.6805298802540243,False,Event volume around its typical baseline (0.7x). Average event tone was positive (4.60). Average Goldstein score was 1.68.
Saudi Arabia,1995,1.0637755102040816,4.676503410447624,0.010419170110749084,0.6871780285498955,False,Event volume around its typical baseline (0.7x). Average event tone was positive (4.68). Average Goldstein score was 1.06.
Saudi Arabia,1996,0.8027795004792239,5.028259248513478,0.010226045931680973,0.8561488579239065,False,Event volume around its typical baseline (0.9x). Average event tone was positive (5.03). Average Goldstein score was 0.80.
Saudi Arabia,1997,1.0275682166369915,5.157102769048257,0.010855931574761522,1.1163390155245991,False,Event volume around its typical baseline (1.1x). Average event tone was positive (5.16). Average Goldstein score was 1.03.
Saudi Arabia,1998,1.5312648468430925,5.716318325484719,0.009304000778059289,0.9335061050745584,False,Event volume around its typical baseline (0.9x). Average event tone was positive (5.72). Average Goldstein score was 1.53.
Saudi Arabia,1999,1.343658115811581,5.85662429402942,0.00938896880274397,0.9193838309357876,False,Event volume around its typical baseline (0.9x). Average event tone was positive (5.86). Average Goldstein score was 1.34.
Saudi Arabia,2000,1.291824741501153,5.475996400853786,0.010260308902525056,1.022062890562695,False,Event volume around its typical baseline (1.0x). Average event tone was positive (5.48). Average Goldstein score was 1.29.
Saudi Arabia,2001,0.8536633384896639,5.42970561721325,0.0111027888951233,1.1094965615238535,False,Event volume around its typical baseline (1.1x). Average event tone was positive (5.43). Average Goldstein score was 0.85.
Saudi Arabia,2002,1.2085534306940469,5.900426373185501,0.01284034231005227,1.26103301520848,False,Event volume around its typical baseline (1.3x). Average event tone was positive (5.90). Average Goldstein score was 1.21.
Saudi Arabia,2003,0.1292321098382606,5.281291521692145,0.01544491452901143,1.459920873643728,False,Event volume around its typical baseline (1.5x). Average event tone was positive (5.28). Average Goldstein score was 0.13.
Saudi Arabia,2004,-0.60995085995086,4.904083994408202,0.016956320926555597,1.4360678921991312,False,Event volume around its typical baseline (1.4x). Average event tone was positive (4.90). Average Goldstein score was -0.61.
Saudi Arabia,2005,0.1500182415176942,5.218076455639101,0.013509065182274233,1.014122887622356,False,Event volume around its typical baseline (1.0x). Average event tone was positive (5.22). Average Goldstein score was 0.15.
Saudi Arabia,2006,1.2225143638850888,5.53121011736514,0.009000787337122743,0.6442623575997248,False,Event volume around its typical baseline (0.6x). Average event tone was positive (5.53). Average Goldstein score was 1.22.
Saudi Arabia,2007,1.2081734830534667,5.668781542987244,0.012031284761283819,0.8878989499314397,False,Event volume around its typical baseline (0.9x). Average event tone was positive (5.67). Average Goldstein score was 1.21.
Saudi Arabia,2008,1.3593270851031236,5.596934420623308,0.0068828599631764915,0.5140884376996077,False,Event volume around its typical baseline (0.5x). Average event tone was positive (5.60). Average Goldstein score was 1.36.
Saudi Arabia,2009,0.969935852968456,5.514529541870706,0.007262873219989665,0.6220309727320471,False,Event volume around its typical baseline (0.6x). Average event tone was positive (5.51). Average Goldstein score was 0.97.
Saudi Arabia,2010,1.0064235959081331,5.702189055455196,0.007751113867978595,0.7960168515795528,False,Event volume around its typical baseline (0.8x). Average event tone was positive (5.70). Average Goldstein score was 1.01.
Saudi Arabia,2011,0.2907926803499232,5.665177410781543,0.01051651199252729,1.2248750027797064,False,Event volume around its typical baseline (1.2x). Average event tone was positive (5.67). Average Goldstein score was 0.29.
Saudi Arabia,2012,0.7124989861302619,5.366430502599452,0.006402199554080394,0.7202442190982874,False,Event volume around its typical baseline (0.7x). Average event tone was positive (5.37). Average Goldstein score was 0.71.
Saudi Arabia,2013,0.699737294075473,2.6092958082787687,0.006669450879856351,0.8591208165998849,False,Event volume around its typical baseline (0.9x). Average event tone was positive (2.61). Average Goldstein score was 0.70.
Saudi Arabia,2014,0.7234240651599857,2.571392469608908,0.007728585726583774,1.001056395019436,False,Event volume around its typical baseline (1.0x). Average event tone was positive (2.57). Average Goldstein score was 0.72.
Saudi Arabia,2015,0.0404601915139498,-2.3456854246728795,0.01147030771367151,1.4679978786013637,False,Event volume around its typical baseline (1.5x). Average event tone was negative (-2.35). Average Goldstein score was 0.04.
Saudi Arabia,2016,0.1348462832308107,-2.9534347773116965,0.010023299549884828,1.1713004490314982,False,Event volume around its typical baseline (1.2x). Average event tone was negative (-2.95). Average Goldstein score was 0.13.
Saudi Arabia,2017,0.7026783060781502,-2.221171097163353,0.009519125406957788,1.1253559190057885,False,Event volume around its typical baseline (1.1x). Average event tone was negative (-2.22). Average Goldstein score was 0.70.
Saudi Arabia,2018,0.0886394727806473,-2.4092381495306543,0.012917369285253394,1.4222803853500117,False,Event volume around its typical baseline (1.4x). Average event tone was negative (-2.41). Average Goldstein score was 0.09.
Saudi Arabia,2019,0.3587289172240993,-2.4239618599267563,0.009709853523101683,0.9398083806161962,False,Event volume around its typical baseline (0.9x). Average event tone was negative (-2.42). Average Goldstein score was 0.36.
Saudi Arabia,2020,0.7248930368854771,-2.1178522243132307,0.0055624437433234196,0.5184981692904905,False,Event volume around its typical baseline (0.5x). Average event tone was negative (-2.12). Average Goldstein score was 0.72.
Saudi Arabia,2021,0.9245378972120266,-1.1746501798170583,0.00521902847361173,0.5467001663524457,False,Event volume around its typical baseline (0.5x). Average event tone was negative (-1.17). Average Goldstein score was 0.92.
Saudi Arabia,2022,1.4027296457300733,-0.4143535541028107,0.005595866306222517,0.6517761966338755,False,Event volume around its typical baseline (0.7x). Average event tone was negative (-0.41). Average Goldstein score was 1.40.
Saudi Arabia,2023,1.9616197330578289,-0.3064903976379154,0.006080613450492851,0.7794746617981029,False,Event volume around its typical baseline (0.8x). Average event tone was negative (-0.31). Average Goldstein score was 1.96.
Saudi Arabia,2024,1.8343677680819117,-0.1487708743004513,0.0034939238456940906,0.5430777436848858,False,Event volume around its typical baseline (0.5x). Average event tone was negative (-0.15). Average Goldstein score was 1.83.
Saudi Arabia,2025,2.018923575421182,-0.0624705073584236,0.004864931222251227,0.9372985706537816,False,Event volume around its typical baseline (0.9x). Average event tone was negative (-0.06). Average Goldstein score was 2.02.
South Africa,1980,-0.8699533022014679,4.48016630586367,0.021639930921582076,1.0,True,Event volume around its typical baseline (1.0x). Average event tone was positive (4.48). Average Goldstein score was -0.87.
South Africa,1981,-0.9559530841279222,4.314402742688831,0.02460730830123958,1.1371250855841717,False,Event volume around its typical baseline (1.1x). Average event tone was positive (4.31). Average Goldstein score was -0.96.
South Africa,1982,-0.732756644085461,4.279063738024905,0.01817143421137857,0.7858386583392636,False,Event volume around its typical baseline (0.8x). Average event tone was positive (4.28). Average Goldstein score was -0.73.
South Africa,1983,-0.9024000000000004,4.111048033314886,0.021186792691867552,0.9866762956633333,False,Event volume around its typical baseline (1.0x). Average event tone was positive (4.11). Average Goldstein score was -0.90.
South Africa,1984,-0.3003999123479784,4.46622763225874,0.033264412128940254,1.5543125285926518,False,Event volume somewhat elevated above its typical baseline (1.6x). Average event tone was positive (4.47). Average Goldstein score was -0.30.
South Africa,1985,-1.8045644048303635,3.896764195251521,0.06910692673957788,2.9068308874399973,False,A notable spike in event volume above its typical baseline (2.9x). Average event tone was positive (3.90). Average Goldstein score was -1.80.
South Africa,1986,-1.3485370287121554,3.989420200516885,0.07950867515420182,2.3899894595622295,False,Event volume somewhat elevated above its typical baseline (2.4x). Average event tone was positive (3.99). Average Goldstein score was -1.35.
South Africa,1987,-1.0015720406166724,4.13808129395894,0.04662941689570613,1.0538281424708567,False,Event volume around its typical baseline (1.1x). Average event tone was positive (4.14). Average Goldstein score was -1.00.
South Africa,1988,-0.1359939125084999,4.316445492583368,0.04595156561080261,0.920149390855831,False,Event volume around its typical baseline (0.9x). Average event tone was positive (4.32). Average Goldstein score was -0.14.
South Africa,1989,0.36855481288471,4.630270269843246,0.04183162460894007,0.7620686570757462,False,Event volume around its typical baseline (0.8x). Average event tone was positive (4.63). Average Goldstein score was 0.37.
South Africa,1990,0.3556873346705036,4.5813128246151615,0.058831529486299564,1.0393227179058553,False,Event volume around its typical baseline (1.0x). Average event tone was positive (4.58). Average Goldstein score was 0.36.
South Africa,1991,0.3078701454576628,4.718079250889014,0.04702930870795442,0.8621232610799744,False,Event volume around its typical baseline (0.9x). Average event tone was positive (4.72). Average Goldstein score was 0.31.
South Africa,1992,0.2100362903225806,4.335339857543823,0.045058749404982876,0.9376556228863319,False,Event volume around its typical baseline (0.9x). Average event tone was positive (4.34). Average Goldstein score was 0.21.
South Africa,1993,-0.6855429194578597,4.851336951579194,0.037711781016136724,0.7899317586646497,False,Event volume around its typical baseline (0.8x). Average event tone was positive (4.85). Average Goldstein score was -0.69.
South Africa,1994,0.3597261401034319,5.058116028550689,0.03715487474556322,0.8060919938976869,False,Event volume around its typical baseline (0.8x). Average event tone was positive (5.06). Average Goldstein score was 0.36.
South Africa,1995,0.3911241446725318,5.155032944239835,0.024612220615640404,0.5450336621327249,False,Event volume around its typical baseline (0.5x). Average event tone was positive (5.16). Average Goldstein score was 0.39.
South Africa,1996,0.5887126817405698,5.232216349827247,0.02229384278638769,0.5818812846201059,False,Event volume around its typical baseline (0.6x). Average event tone was positive (5.23). Average Goldstein score was 0.59.
South Africa,1997,1.0984995951288452,5.323438326509683,0.02783442137291057,0.8342077670270802,False,Event volume around its typical baseline (0.8x). Average event tone was positive (5.32). Average Goldstein score was 1.10.
South Africa,1998,0.6071026479451175,5.124290746884796,0.03021801753012356,1.0099122749666887,False,Event volume around its typical baseline (1.0x). Average event tone was positive (5.12). Average Goldstein score was 0.61.
South Africa,1999,0.4157309698112283,5.5531633921717125,0.027696354279017774,0.9744457155905677,False,Event volume around its typical baseline (1.0x). Average event tone was positive (5.55). Average Goldstein score was 0.42.
South Africa,2000,0.8334101980226557,5.573372825642744,0.02221757173766538,0.8374202162580954,False,Event volume around its typical baseline (0.8x). Average event tone was positive (5.57). Average Goldstein score was 0.83.
South Africa,2001,0.8251351383745043,5.5834006061482855,0.025075188880956063,0.9625037961528159,False,Event volume around its typical baseline (1.0x). Average event tone was positive (5.58). Average Goldstein score was 0.83.
South Africa,2002,1.0437450668904666,5.912309531240739,0.03625020504087535,1.3623640135467168,False,Event volume around its typical baseline (1.4x). Average event tone was positive (5.91). Average Goldstein score was 1.04.
South Africa,2003,1.2070151481837217,6.00260823743663,0.02377862876565116,0.840487640696723,False,Event volume around its typical baseline (0.8x). Average event tone was positive (6.00). Average Goldstein score was 1.21.
South Africa,2004,1.0354028065075194,6.027788455746502,0.024671913253754733,0.9136530917016341,False,Event volume around its typical baseline (0.9x). Average event tone was positive (6.03). Average Goldstein score was 1.04.
South Africa,2005,1.0409033347403964,6.049445777662765,0.02555160059658402,0.9679112649518627,False,Event volume around its typical baseline (1.0x). Average event tone was positive (6.05). Average Goldstein score was 1.04.
South Africa,2006,0.6232755613821964,5.625552149491003,0.01703043008485041,0.6292300340548485,False,Event volume around its typical baseline (0.6x). Average event tone was positive (5.63). Average Goldstein score was 0.62.
South Africa,2007,0.1728201233981965,5.162153782238044,0.011229504602443601,0.44112427469294785,False,Event volume around its typical baseline (0.4x). Average event tone was positive (5.16). Average Goldstein score was 0.17.
South Africa,2008,0.1362551645007361,5.228775177993552,0.01897885613373391,0.9279518191991808,False,Event volume around its typical baseline (0.9x). Average event tone was positive (5.23). Average Goldstein score was 0.14.
South Africa,2009,0.3901837816555816,5.479587456509948,0.01698510159290331,0.8713677380283283,False,Event volume around its typical baseline (0.9x). Average event tone was positive (5.48). Average Goldstein score was 0.39.
South Africa,2010,0.3105471004733136,5.433430080063028,0.011025536787419377,0.6140616117879729,False,Event volume around its typical baseline (0.6x). Average event tone was positive (5.43). Average Goldstein score was 0.31.
South Africa,2011,0.4963495928254081,5.730632258319924,0.009114395994800899,0.605612301085555,False,Event volume around its typical baseline (0.6x). Average event tone was positive (5.73). Average Goldstein score was 0.50.
South Africa,2012,0.0179807706958813,5.139552062411329,0.009641390710133906,0.7159441978379995,False,Event volume around its typical baseline (0.7x). Average event tone was positive (5.14). Average Goldstein score was 0.02.
South Africa,2013,0.1794049290050171,2.5927955490609995,0.014016858758223274,1.0659973231793192,False,Event volume around its typical baseline (1.1x). Average event tone was positive (2.59). Average Goldstein score was 0.18.
South Africa,2014,-0.0582418987023316,2.379074125282892,0.011311938026466122,0.9305138938852653,False,Event volume around its typical baseline (0.9x). Average event tone was positive (2.38). Average Goldstein score was -0.06.
South Africa,2015,0.258937011974763,-1.9650590301068944,0.009030508921364384,0.8193149348946435,False,Event volume around its typical baseline (0.8x). Average event tone was negative (-1.97). Average Goldstein score was 0.26.
South Africa,2016,0.4081734974741992,-2.0398646628211816,0.01010160777936955,0.950916897706433,False,Event volume around its typical baseline (1.0x). Average event tone was negative (-2.04). Average Goldstein score was 0.41.
South Africa,2017,0.3070092581712174,-2.136645052265333,0.009405531297452691,0.8692357411854055,False,Event volume around its typical baseline (0.9x). Average event tone was negative (-2.14). Average Goldstein score was 0.31.
South Africa,2018,0.3542903204013264,-2.1958205468838567,0.009074223029110763,0.8422890229424825,False,Event volume around its typical baseline (0.8x). Average event tone was negative (-2.20). Average Goldstein score was 0.35.
South Africa,2019,0.2592711200116131,-2.3514289270114808,0.009179165913636631,0.9381082637647281,False,Event volume around its typical baseline (0.9x). Average event tone was negative (-2.35). Average Goldstein score was 0.26.
South Africa,2020,0.3584445448199401,-2.8022739158443257,0.00930388015881836,0.9941946970060719,False,Event volume around its typical baseline (1.0x). Average event tone was negative (-2.80). Average Goldstein score was 0.36.
South Africa,2021,0.1197040809770936,-2.680328003378159,0.01312375866074099,1.394233898681789,False,Event volume around its typical baseline (1.4x). Average event tone was negative (-2.68). Average Goldstein score was 0.12.
South Africa,2022,0.0511345732484076,-2.8829349398064017,0.00993216312124451,0.9914998462356156,False,Event volume around its typical baseline (1.0x). Average event tone was negative (-2.88). Average Goldstein score was 0.05.
South Africa,2023,0.2854144721697091,-2.4720148969890974,0.009012117962085174,0.8902934002738422,False,Event volume around its typical baseline (0.9x). Average event tone was negative (-2.47). Average Goldstein score was 0.29.
South Africa,2024,0.356812003303956,-2.183806175659692,0.008412926851249478,0.83212128041958,False,Event volume around its typical baseline (0.8x). Average event tone was negative (-2.18). Average Goldstein score was 0.36.
South Africa,2025,0.3810843502775256,-2.472787601955924,0.007957564616102957,0.7991954515197401,False,Event volume around its typical baseline (0.8x). Average event tone was negative (-2.47). Average Goldstein score was 0.38.
Sweden,1980,1.5735876742479824,4.84165472307077,0.003258169711926757,1.0,True,Event volume around its typical baseline (1.0x). Average event tone was positive (4.84). Average Goldstein score was 1.57.
Sweden,1981,1.06991297140489,4.603334136030227,0.0044210752952409185,1.3569198924958588,False,Event volume around its typical baseline (1.4x). Average event tone was positive (4.60). Average Goldstein score was 1.07.
Sweden,1982,1.2827664399092962,4.815055267777984,0.0048218635011663975,1.255817074898835,False,Event volume around its typical baseline (1.3x). Average event tone was positive (4.82). Average Goldstein score was 1.28.
Sweden,1983,0.8614381164492521,4.294517425188103,0.006059303289158053,1.454103838500046,False,Event volume around its typical baseline (1.5x). Average event tone was positive (4.29). Average Goldstein score was 0.86.
Sweden,1984,1.1871479928100654,4.833020216978645,0.005962081420372671,1.2849028319895928,False,Event volume around its typical baseline (1.3x). Average event tone was positive (4.83). Average Goldstein score was 1.19.
Sweden,1985,1.403697120511909,4.959699328781859,0.004568801426739361,0.9315532042661469,False,Event volume around its typical baseline (0.9x). Average event tone was positive (4.96). Average Goldstein score was 1.40.
Sweden,1986,0.244566162406538,4.634756811027821,0.009072626036867038,1.7560063020851755,False,Event volume somewhat elevated above its typical baseline (1.8x). Average event tone was positive (4.63). Average Goldstein score was 0.24.
Sweden,1987,0.6634790965881789,4.350010638119239,0.0061433320715590595,1.0076098786803669,False,Event volume around its typical baseline (1.0x). Average event tone was positive (4.35). Average Goldstein score was 0.66.
Sweden,1988,0.9471724787935905,4.753841934902506,0.006200747371713878,0.9747719377754944,False,Event volume around its typical baseline (1.0x). Average event tone was positive (4.75). Average Goldstein score was 0.95.
Sweden,1989,0.3324500232450023,4.461717702273128,0.006462105031541227,1.0113603827223645,False,Event volume around its typical baseline (1.0x). Average event tone was positive (4.46). Average Goldstein score was 0.33.
Sweden,1990,1.5233788395904433,4.248687628307124,0.0036129032258064514,0.5567286789337623,False,Event volume around its typical baseline (0.6x). Average event tone was positive (4.25). Average Goldstein score was 1.52.
Sweden,1991,1.378119987167148,4.881594030941079,0.0038205744624095882,0.6065999605892497,False,Event volume around its typical baseline (0.6x). Average event tone was positive (4.88). Average Goldstein score was 1.38.
Sweden,1992,2.0946984435797664,4.714281772833998,0.0035967469859555807,0.6853645758867922,False,Event volume around its typical baseline (0.7x). Average event tone was positive (4.71). Average Goldstein score was 2.09.
Sweden,1993,1.953582853486885,5.071203459054394,0.004322086086585288,0.9120989376899254,False,Event volume around its typical baseline (0.9x). Average event tone was positive (5.07). Average Goldstein score was 1.95.
Sweden,1994,1.4680769929181037,5.018246299286152,0.005383421434295693,1.2339137306157841,False,Event volume around its typical baseline (1.2x). Average event tone was positive (5.02). Average Goldstein score was 1.47.
Sweden,1995,1.4073545757688035,4.903226489090722,0.004606911672583002,1.1108630332528548,False,Event volume around its typical baseline (1.1x). Average event tone was positive (4.90). Average Goldstein score was 1.41.
Sweden,1996,1.254919336514429,5.287753893645915,0.0047992899353777934,1.1043136718666797,False,Event volume around its typical baseline (1.1x). Average event tone was positive (5.29). Average Goldstein score was 1.25.
Sweden,1997,1.7392917686946692,5.66137493977286,0.004699931466580391,1.0348417001184431,False,Event volume around its typical baseline (1.0x). Average event tone was positive (5.66). Average Goldstein score was 1.74.
Sweden,1998,1.6565677754470085,5.52348537603782,0.003800473272753861,0.7980284385538117,False,Event volume around its typical baseline (0.8x). Average event tone was positive (5.52). Average Goldstein score was 1.66.
Sweden,1999,1.4351356665355866,5.563535479160141,0.0033715798388126803,0.7238247782335614,False,Event volume around its typical baseline (0.7x). Average event tone was positive (5.56). Average Goldstein score was 1.44.
Sweden,2000,1.395165189363417,5.78450173642334,0.0042190929978678715,0.991412745655564,False,Event volume around its typical baseline (1.0x). Average event tone was positive (5.78). Average Goldstein score was 1.40.
Sweden,2001,1.4212957930209809,5.356266100555349,0.006047620556660559,1.4474662911895824,False,Event volume around its typical baseline (1.4x). Average event tone was positive (5.36). Average Goldstein score was 1.42.
Sweden,2002,1.1347105933745911,5.575603018131692,0.0040896714571769695,0.923647685303786,False,Event volume around its typical baseline (0.9x). Average event tone was positive (5.58). Average Goldstein score was 1.13.
Sweden,2003,0.829112112756672,5.543868890697207,0.0042389305504459,0.9844956067350923,False,Event volume around its typical baseline (1.0x). Average event tone was positive (5.54). Average Goldstein score was 0.83.
Sweden,2004,0.6718723037100951,5.356768664330111,0.004650832618105026,1.0586003468430347,False,Event volume around its typical baseline (1.1x). Average event tone was positive (5.36). Average Goldstein score was 0.67.
Sweden,2005,0.7867350108729424,5.651683432738535,0.0043491236401500466,0.9354503822366349,False,Event volume around its typical baseline (0.9x). Average event tone was positive (5.65). Average Goldstein score was 0.79.
Sweden,2006,0.891430005737234,5.503741206961789,0.002960415720432562,0.6332120709091752,False,Event volume around its typical baseline (0.6x). Average event tone was positive (5.50). Average Goldstein score was 0.89.
Sweden,2007,0.957197318259498,6.245803248374601,0.004285386097956874,1.0560874346944145,False,Event volume around its typical baseline (1.1x). Average event tone was positive (6.25). Average Goldstein score was 0.96.
Sweden,2008,0.6279349046015716,5.983649491808913,0.003577606280243235,0.8732391166326917,False,Event volume around its typical baseline (0.9x). Average event tone was positive (5.98). Average Goldstein score was 0.63.
Sweden,2009,1.1403631982980682,5.64195695908284,0.004652598622860285,1.1735138746122356,False,Event volume around its typical baseline (1.2x). Average event tone was positive (5.64). Average Goldstein score was 1.14.
Sweden,2010,0.1100503384829022,5.3371407734206935,0.005677361613923911,1.4318598441370858,False,Event volume around its typical baseline (1.4x). Average event tone was positive (5.34). Average Goldstein score was 0.11.
Sweden,2011,0.4461491254986194,5.572045818104073,0.0035204936277609647,0.8321354717458018,False,Event volume around its typical baseline (0.8x). Average event tone was positive (5.57). Average Goldstein score was 0.45.
Sweden,2012,0.5813507488601867,5.122978213003313,0.003030854151111471,0.6979210294920634,False,Event volume around its typical baseline (0.7x). Average event tone was positive (5.12). Average Goldstein score was 0.58.
Sweden,2013,0.9876228311343216,2.6482455342400884,0.0026625060168852994,0.6506958234384137,False,Event volume around its typical baseline (0.7x). Average event tone was positive (2.65). Average Goldstein score was 0.99.
Sweden,2014,1.0395457415663698,2.572385372850029,0.0025196142069940316,0.6446065754613413,False,Event volume around its typical baseline (0.6x). Average event tone was positive (2.57). Average Goldstein score was 1.04.
Sweden,2015,0.8626945718358957,-1.4780130075102946,0.003917427939025717,1.1249974944541694,False,Event volume around its typical baseline (1.1x). Average event tone was negative (-1.48). Average Goldstein score was 0.86.
Sweden,2016,0.6696855468122491,-1.887936334696297,0.0031319746016654627,1.000573581639238,False,Event volume around its typical baseline (1.0x). Average event tone was negative (-1.89). Average Goldstein score was 0.67.
Sweden,2017,0.5857321510454195,-1.996466716245239,0.003306538671641198,1.0832318877683311,False,Event volume around its typical baseline (1.1x). Average event tone was negative (-2.00). Average Goldstein score was 0.59.
Sweden,2018,0.8391959694664941,-1.4052023401483158,0.0026699002917443316,0.8591484538483305,False,Event volume around its typical baseline (0.9x). Average event tone was negative (-1.41). Average Goldstein score was 0.84.
Sweden,2019,0.7190485618298694,-2.1160729224887174,0.0034344428255635704,1.1046452704238585,False,Event volume around its typical baseline (1.1x). Average event tone was negative (-2.12). Average Goldstein score was 0.72.
Sweden,2020,0.9868018190784066,-1.6776964676389048,0.002008954319269468,0.6102428970962288,False,Event volume around its typical baseline (0.6x). Average event tone was negative (-1.68). Average Goldstein score was 0.99.
Sweden,2021,0.9830105092171004,-1.3642707392187765,0.00222832752473326,0.7656530067490888,False,Event volume around its typical baseline (0.8x). Average event tone was negative (-1.36). Average Goldstein score was 0.98.
Sweden,2022,1.421779977686081,-1.4374000416307953,0.0035928456931280934,1.3162377700592647,False,Event volume around its typical baseline (1.3x). Average event tone was negative (-1.44). Average Goldstein score was 1.42.
Sweden,2023,1.0595448045757865,-1.537208865451957,0.0032726226049325895,1.174290249730484,False,Event volume around its typical baseline (1.2x). Average event tone was negative (-1.54). Average Goldstein score was 1.06.
Sweden,2024,1.276050472660642,-0.9528755446550426,0.0019191500585565417,0.660082748722644,False,Event volume around its typical baseline (0.7x). Average event tone was negative (-0.95). Average Goldstein score was 1.28.
Sweden,2025,1.0890676646542998,-1.2299689338771296,0.0016538754389730892,0.6350361366209637,False,Event volume around its typical baseline (0.6x). Average event tone was negative (-1.23). Average Goldstein score was 1.09.
Türkiye,1980,-0.0309579831932773,4.720129115492267,0.018409311376333826,1.0,True,Event volume around its typical baseline (1.0x). Average event tone was positive (4.72). Average Goldstein score was -0.03.
Türkiye,1981,-0.7698182892598611,4.326094134155561,0.015164896977785844,0.8237623161331904,False,Event volume around its typical baseline (0.8x). Average event tone was positive (4.33). Average Goldstein score was -0.77.
Türkiye,1982,-0.5669103623649084,4.2500781579893,0.012819576971437912,0.7636562468562215,False,Event volume around its typical baseline (0.8x). Average event tone was positive (4.25). Average Goldstein score was -0.57.
Türkiye,1983,-0.1891044584350507,4.553121144153553,0.016149834576347222,1.0443102107115978,False,Event volume around its typical baseline (1.0x). Average event tone was positive (4.55). Average Goldstein score was -0.19.
Türkiye,1984,-0.1656621851336733,4.291360467338403,0.012571664645706278,0.8040253931847269,False,Event volume around its typical baseline (0.8x). Average event tone was positive (4.29). Average Goldstein score was -0.17.
Türkiye,1985,-0.0291924592009004,3.981667684676877,0.011288061929742393,0.7513824914413767,False,Event volume around its typical baseline (0.8x). Average event tone was positive (3.98). Average Goldstein score was -0.03.
Türkiye,1986,0.1157555282555282,4.000468197675728,0.01095162205962372,0.8053369713499683,False,Event volume around its typical baseline (0.8x). Average event tone was positive (4.00). Average Goldstein score was 0.12.
Türkiye,1987,0.6052448040172965,3.89309432044948,0.012881206695084017,1.0098034782083174,False,Event volume around its typical baseline (1.0x). Average event tone was positive (3.89). Average Goldstein score was 0.61.
Türkiye,1988,1.2483886600436152,3.7165416054467353,0.013014508383967444,1.0192685771183554,False,Event volume around its typical baseline (1.0x). Average event tone was positive (3.72). Average Goldstein score was 1.25.
Türkiye,1989,0.2968818681318681,3.698250514087477,0.012691766192900288,1.0453286171661336,False,Event volume around its typical baseline (1.0x). Average event tone was positive (3.70). Average Goldstein score was 0.30.
Türkiye,1990,0.581603346901854,3.420321934897614,0.01604265878253524,1.318708402209344,False,Event volume around its typical baseline (1.3x). Average event tone was positive (3.42). Average Goldstein score was 0.58.
Türkiye,1991,0.5581937831041679,4.096288878306802,0.02579408649861732,1.9665594265167976,False,Event volume somewhat elevated above its typical baseline (2.0x). Average event tone was positive (4.10). Average Goldstein score was 0.56.
Türkiye,1992,0.1909002845553066,3.9004443823285047,0.03197755257309363,1.9880547158248871,False,Event volume somewhat elevated above its typical baseline (2.0x). Average event tone was positive (3.90). Average Goldstein score was 0.19.
Türkiye,1993,-0.5023014554061537,3.801773292442094,0.03069182571387062,1.5419839820110999,False,Event volume somewhat elevated above its typical baseline (1.5x). Average event tone was positive (3.80). Average Goldstein score was -0.50.
Türkiye,1994,0.1200109267905035,4.149797037527264,0.02182182295969316,0.9309819060817097,False,Event volume around its typical baseline (0.9x). Average event tone was positive (4.15). Average Goldstein score was 0.12.
Türkiye,1995,-0.0131789137380191,4.631256524359515,0.029060799710027303,1.1502126215449022,False,Event volume around its typical baseline (1.2x). Average event tone was positive (4.63). Average Goldstein score was -0.01.
Türkiye,1996,0.551823690830094,5.14129627543841,0.03464728028213915,1.2432096557161296,False,Event volume around its typical baseline (1.2x). Average event tone was positive (5.14). Average Goldstein score was 0.55.
Türkiye,1997,0.8265837892929943,5.102797036587856,0.038906490766841495,1.312641007487192,False,Event volume around its typical baseline (1.3x). Average event tone was positive (5.10). Average Goldstein score was 0.83.
Türkiye,1998,0.8795803048336592,5.071225227808004,0.03487911393600742,1.1242027422086165,False,Event volume around its typical baseline (1.1x). Average event tone was positive (5.07). Average Goldstein score was 0.88.
Türkiye,1999,0.4933868062030945,5.3419565916673815,0.04154475976799085,1.3038517210149005,False,Event volume around its typical baseline (1.3x). Average event tone was positive (5.34). Average Goldstein score was 0.49.
Türkiye,2000,0.6810280263313491,5.427349361390805,0.030328095626573973,0.8469716020360226,False,Event volume around its typical baseline (0.8x). Average event tone was positive (5.43). Average Goldstein score was 0.68.
Türkiye,2001,0.854504758234265,5.307673610566563,0.02361752934575328,0.6549300453783989,False,Event volume around its typical baseline (0.7x). Average event tone was positive (5.31). Average Goldstein score was 0.85.
Türkiye,2002,1.1704177395311015,5.626723635876846,0.02337493844129552,0.690438688859162,False,Event volume around its typical baseline (0.7x). Average event tone was positive (5.63). Average Goldstein score was 1.17.
Türkiye,2003,0.8756839598454892,5.401138496693629,0.029253441447307436,0.9513658508804227,False,Event volume around its typical baseline (1.0x). Average event tone was positive (5.40). Average Goldstein score was 0.88.
Türkiye,2004,0.8084807425125681,5.16297645146285,0.029994859772846688,1.0125273407455229,False,Event volume around its typical baseline (1.0x). Average event tone was positive (5.16). Average Goldstein score was 0.81.
Türkiye,2005,0.5641823874445148,5.005050538959556,0.02621322118095946,0.9597070771311179,False,Event volume around its typical baseline (1.0x). Average event tone was positive (5.01). Average Goldstein score was 0.56.
Türkiye,2006,0.3983928800102445,4.866728506318177,0.0197783969345859,0.7466138583854276,False,Event volume around its typical baseline (0.7x). Average event tone was positive (4.87). Average Goldstein score was 0.40.
Türkiye,2007,-0.0717782957663999,4.999413370583929,0.022665511151071065,0.8811389112745723,False,Event volume around its typical baseline (0.9x). Average event tone was positive (5.00). Average Goldstein score was -0.07.
Türkiye,2008,0.3455649106900992,5.143324426640116,0.016432572332343916,0.642371956757675,False,Event volume around its typical baseline (0.6x). Average event tone was positive (5.14). Average Goldstein score was 0.35.
Türkiye,2009,1.3074489343258182,5.291704490950899,0.013981690948542002,0.6074529364269351,False,Event volume around its typical baseline (0.6x). Average event tone was positive (5.29). Average Goldstein score was 1.31.
Türkiye,2010,1.0200042845735875,5.464810993803758,0.011866124256634959,0.5988673395776404,False,Event volume around its typical baseline (0.6x). Average event tone was positive (5.46). Average Goldstein score was 1.02.
Türkiye,2011,0.453532561445857,5.228021062733967,0.015817959006865268,0.933496046825675,False,Event volume around its typical baseline (0.9x). Average event tone was positive (5.23). Average Goldstein score was 0.45.
Türkiye,2012,0.4033058021833983,4.534752181879452,0.013277640216152976,0.8220038390328038,False,Event volume around its typical baseline (0.8x). Average event tone was positive (4.53). Average Goldstein score was 0.40.
Türkiye,2013,0.3676708649998655,2.318298007938845,0.012674820801650572,0.8878911085442229,False,Event volume around its typical baseline (0.9x). Average event tone was positive (2.32). Average Goldstein score was 0.37.
Türkiye,2014,0.1589179285682752,2.317340613627065,0.016100754859410052,1.1905630784862156,False,Event volume around its typical baseline (1.2x). Average event tone was positive (2.32). Average Goldstein score was 0.16.
Türkiye,2015,-0.2527362637483731,-3.0054299495889976,0.018716866720182867,1.3419552342008925,False,Event volume around its typical baseline (1.3x). Average event tone was negative (-3.01). Average Goldstein score was -0.25.
Türkiye,2016,-0.3383142442216345,-3.857271529443016,0.024202784491300682,1.5800628913035113,False,Event volume somewhat elevated above its typical baseline (1.6x). Average event tone was negative (-3.86). Average Goldstein score was -0.34.
Türkiye,2017,0.2176540936790741,-3.019220468409217,0.014421783834194925,0.8486111113057447,False,Event volume around its typical baseline (0.8x). Average event tone was negative (-3.02). Average Goldstein score was 0.22.
Türkiye,2018,0.156695541580462,-3.069690395329265,0.013217232776289441,0.767399650070246,False,Event volume around its typical baseline (0.8x). Average event tone was negative (-3.07). Average Goldstein score was 0.16.
Türkiye,2019,0.2752794552650338,-3.00891462241404,0.011779997518690818,0.6796720514745705,False,Event volume around its typical baseline (0.7x). Average event tone was negative (-3.01). Average Goldstein score was 0.28.
Türkiye,2020,0.4566465727617154,-3.329181159653371,0.008967768058498748,0.544566032337087,False,Event volume around its typical baseline (0.5x). Average event tone was negative (-3.33). Average Goldstein score was 0.46.
Türkiye,2021,0.6459628285343854,-2.3855853847645068,0.007272075342719184,0.5009036198603953,False,Event volume around its typical baseline (0.5x). Average event tone was negative (-2.39). Average Goldstein score was 0.65.
Türkiye,2022,0.9826287339030952,-2.2330199488961404,0.008454797676454785,0.7595195132992041,False,Event volume around its typical baseline (0.8x). Average event tone was negative (-2.23). Average Goldstein score was 0.98.
Türkiye,2023,1.1281614834574043,-1.88157468599529,0.0070363671690127074,0.7079998171376017,False,Event volume around its typical baseline (0.7x). Average event tone was negative (-1.88). Average Goldstein score was 1.13.
Türkiye,2024,0.8506196288454351,-2.1510603355811324,0.0052164798716200465,0.599443724623236,False,Event volume around its typical baseline (0.6x). Average event tone was negative (-2.15). Average Goldstein score was 0.85.
Türkiye,2025,0.9113541171409814,-2.0463419259463054,0.006569674485635537,0.8890556327671733,False,Event volume around its typical baseline (0.9x). Average event tone was negative (-2.05). Average Goldstein score was 0.91.
Ukraine,1980,1.6911578947368424,5.09601842955356,0.0012781827330055346,1.0,True,Event volume around its typical baseline (1.0x). Average event tone was positive (5.10). Average Goldstein score was 1.69.
Ukraine,1981,0.966798418972332,4.776034644719594,0.0011018870732019373,0.8620731955993072,False,Event volume around its typical baseline (0.9x). Average event tone was positive (4.78). Average Goldstein score was 0.97.
Ukraine,1982,1.7356807511737091,5.172483670567125,0.001008067625350459,0.8470908060942691,False,Event volume around its typical baseline (0.8x). Average event tone was positive (5.17). Average Goldstein score was 1.74.
Ukraine,1983,1.428131416837782,5.568194557734783,0.0010924399417642282,0.9672924701244215,False,Event volume around its typical baseline (1.0x). Average event tone was positive (5.57). Average Goldstein score was 1.43.
Ukraine,1984,1.2878923766816148,5.639330642512335,0.0009305355693993825,0.8307282672451025,False,Event volume around its typical baseline (0.8x). Average event tone was positive (5.64). Average Goldstein score was 1.29.
Ukraine,1985,1.8093385214007789,5.235094006870005,0.0008106078297584398,0.749021355069648,False,Event volume around its typical baseline (0.7x). Average event tone was positive (5.24). Average Goldstein score was 1.81.
Ukraine,1986,0.4800915331807782,4.396586336720773,0.005151773641788871,5.210613937479242,False,An extreme spike in event volume far above its typical baseline (5.2x). Average event tone was positive (4.40). Average Goldstein score was 0.48.
Ukraine,1987,0.183699870633894,4.944145312741968,0.002525057191290466,1.4038351914503715,False,Event volume around its typical baseline (1.4x). Average event tone was positive (4.94). Average Goldstein score was 0.18.
Ukraine,1988,1.107441471571906,5.192305824521824,0.0018220785107161018,0.8667967220660076,False,Event volume around its typical baseline (0.9x). Average event tone was positive (5.19). Average Goldstein score was 1.11.
Ukraine,1989,0.6424753867791844,5.1532093502180265,0.003768734066014059,1.6764752587023206,False,Event volume somewhat elevated above its typical baseline (1.7x). Average event tone was positive (5.15). Average Goldstein score was 0.64.
Ukraine,1990,0.9790286975717442,4.994921749522924,0.004149305738873343,1.4736580802065178,False,Event volume around its typical baseline (1.5x). Average event tone was positive (4.99). Average Goldstein score was 0.98.
Ukraine,1991,2.055345238095237,5.402832490993781,0.012254843502021455,3.518079830573608,False,A notable spike in event volume above its typical baseline (3.5x). Average event tone was positive (5.40). Average Goldstein score was 2.06.
Ukraine,1992,2.312524941048432,4.791385481812535,0.02087295449568744,4.256308791624118,False,A notable spike in event volume above its typical baseline (4.3x). Average event tone was positive (4.79). Average Goldstein score was 2.31.
Ukraine,1993,1.9263796796898915,4.928369914370823,0.01549377188906142,1.8071524372470973,False,Event volume somewhat elevated above its typical baseline (1.8x). Average event tone was positive (4.93). Average Goldstein score was 1.93.
Ukraine,1994,2.042824538349816,5.276824452925188,0.016610888473349655,1.4689603062293999,False,Event volume around its typical baseline (1.5x). Average event tone was positive (5.28). Average Goldstein score was 2.04.
Ukraine,1995,1.868329568273092,5.050224767068067,0.01708415905947986,1.2311707032343775,False,Event volume around its typical baseline (1.2x). Average event tone was positive (5.05). Average Goldstein score was 1.87.
Ukraine,1996,2.1057037492317145,5.346885014164289,0.01621950519105738,0.9851902142905271,False,Event volume around its typical baseline (1.0x). Average event tone was positive (5.35). Average Goldstein score was 2.11.
Ukraine,1997,2.239748398638121,5.604617764687631,0.019099131734205247,1.10679465647222,False,Event volume around its typical baseline (1.1x). Average event tone was positive (5.60). Average Goldstein score was 2.24.
Ukraine,1998,1.8908520747545128,5.416965314924183,0.013036428847807546,0.7713182606191795,False,Event volume around its typical baseline (0.8x). Average event tone was positive (5.42). Average Goldstein score was 1.89.
Ukraine,1999,1.6348854060436917,5.603061930799927,0.01457950435683166,0.888451201918288,False,Event volume around its typical baseline (0.9x). Average event tone was positive (5.60). Average Goldstein score was 1.63.
Ukraine,2000,1.7051766156737238,5.309627624968969,0.015791626763144516,0.9867456608671078,False,Event volume around its typical baseline (1.0x). Average event tone was positive (5.31). Average Goldstein score was 1.71.
Ukraine,2001,1.262930578803629,5.34204112917043,0.020015173856228644,1.2711889209776197,False,Event volume around its typical baseline (1.3x). Average event tone was positive (5.34). Average Goldstein score was 1.26.
Ukraine,2002,1.2614130116531004,5.52690718527476,0.01626682380120054,0.9856068868029045,False,Event volume around its typical baseline (1.0x). Average event tone was positive (5.53). Average Goldstein score was 1.26.
Ukraine,2003,1.7095931327024934,5.332081156592174,0.015348636576588267,0.963026840277761,False,Event volume around its typical baseline (1.0x). Average event tone was positive (5.33). Average Goldstein score was 1.71.
Ukraine,2004,1.0244330117899252,5.344731330374614,0.021844743047043716,1.3319678517128313,False,Event volume around its typical baseline (1.3x). Average event tone was positive (5.34). Average Goldstein score was 1.02.
Ukraine,2005,1.343740655158352,5.321965553627059,0.021376746874396408,1.1973487350270255,False,Event volume around its typical baseline (1.2x). Average event tone was positive (5.32). Average Goldstein score was 1.34.
Ukraine,2006,1.3106615559341277,5.310683357736634,0.008906069711469008,0.4694712844212342,False,Event volume around its typical baseline (0.5x). Average event tone was positive (5.31). Average Goldstein score was 1.31.
Ukraine,2007,1.0524767768181515,5.2001553904224265,0.005976828272114985,0.3568553099321867,False,Event volume around its typical baseline (0.4x). Average event tone was positive (5.20). Average Goldstein score was 1.05.
Ukraine,2008,1.3647960128950989,5.107483055122289,0.004836721223488801,0.3292390788278286,False,Event volume around its typical baseline (0.3x). Average event tone was positive (5.11). Average Goldstein score was 1.36.
Ukraine,2009,1.464256681744364,4.839400477325416,0.007162445490364059,0.5689799234185566,False,Event volume around its typical baseline (0.6x). Average event tone was positive (4.84). Average Goldstein score was 1.46.
Ukraine,2010,1.456664179610662,5.480643720834173,0.005057332657461405,0.5239802320798517,False,Event volume around its typical baseline (0.5x). Average event tone was positive (5.48). Average Goldstein score was 1.46.
Ukraine,2011,1.163598738667718,5.266567020138082,0.003574342475189152,0.5595507071521164,False,Event volume around its typical baseline (0.6x). Average event tone was positive (5.27). Average Goldstein score was 1.16.
Ukraine,2012,1.0043832160270734,4.769674858793231,0.0032038608793814338,0.602055885595855,False,Event volume around its typical baseline (0.6x). Average event tone was positive (4.77). Average Goldstein score was 1.00.
Ukraine,2013,1.4807670790519143,2.4524440465008395,0.006029222145122287,1.2647991070965738,False,Event volume around its typical baseline (1.3x). Average event tone was positive (2.45). Average Goldstein score was 1.48.
Ukraine,2014,0.0263154921229835,2.0253212923025807,0.03519088098950219,7.030525959897175,False,An extreme spike in event volume far above its typical baseline (7.0x). Average event tone was positive (2.03). Average Goldstein score was 0.03.
Ukraine,2015,0.2740937670456094,-2.1674372914206548,0.008086898212518047,0.7621148611709524,False,Event volume around its typical baseline (0.8x). Average event tone was negative (-2.17). Average Goldstein score was 0.27.
Ukraine,2016,0.1712976143501049,-2.901062914704996,0.0038660508657986947,0.34465871047098157,False,Event volume around its typical baseline (0.3x). Average event tone was negative (-2.90). Average Goldstein score was 0.17.
Ukraine,2017,0.2059508450065219,-2.8415158089691133,0.0039656124925064136,0.3517053590724575,False,Event volume around its typical baseline (0.4x). Average event tone was negative (-2.84). Average Goldstein score was 0.21.
Ukraine,2018,0.1642740920972345,-3.04678440912972,0.0042922419072391515,0.375598723680878,False,Event volume around its typical baseline (0.4x). Average event tone was negative (-3.05). Average Goldstein score was 0.16.
Ukraine,2019,0.7494586244671378,-2.808121612092951,0.013777052188900804,1.2433784569282118,False,Event volume around its typical baseline (1.2x). Average event tone was negative (-2.81). Average Goldstein score was 0.75.
Ukraine,2020,0.4301307647099495,-3.096018118347568,0.006650240576827457,0.9783260000264783,False,Event volume around its typical baseline (1.0x). Average event tone was negative (-3.10). Average Goldstein score was 0.43.
Ukraine,2021,0.6841988528513661,-2.630439774081112,0.005189025039030143,0.7970559231099502,False,Event volume around its typical baseline (0.8x). Average event tone was negative (-2.63). Average Goldstein score was 0.68.
Ukraine,2022,0.3133802489780751,-3.13039680301792,0.08155995030199581,12.038663234278454,False,An extreme spike in event volume far above its typical baseline (12.0x). Average event tone was negative (-3.13). Average Goldstein score was 0.31.
Ukraine,2023,0.0746938556538155,-2.8373460924660585,0.03443530837487586,1.5446204659303766,False,Event volume somewhat elevated above its typical baseline (1.5x). Average event tone was negative (-2.84). Average Goldstein score was 0.07.
Ukraine,2024,0.1907874311017047,-2.64795812880068,0.025511036711454573,0.9007398033861969,False,Event volume around its typical baseline (0.9x). Average event tone was negative (-2.65). Average Goldstein score was 0.19.
Ukraine,2025,0.7137048471685569,-2.3411782481869383,0.031439868937571655,1.025131367732055,False,Event volume around its typical baseline (1.0x). Average event tone was negative (-2.34). Average Goldstein score was 0.71.
United Kingdom,1980,0.2263425869802399,5.081045035373534,0.04678090802449355,1.0,True,Event volume around its typical baseline (1.0x). Average event tone was positive (5.08). Average Goldstein score was 0.23.
United Kingdom,1981,-0.5869430545627831,4.842808210720618,0.06488339442090058,1.3869631257890276,False,Event volume around its typical baseline (1.4x). Average event tone was positive (4.84). Average Goldstein score was -0.59.
United Kingdom,1982,-0.4040337026471173,4.681507848579786,0.09366495553912854,1.6776168119606962,False,Event volume somewhat elevated above its typical baseline (1.7x). Average event tone was positive (4.68). Average Goldstein score was -0.40.
United Kingdom,1983,-0.0616148223695393,4.73655616572355,0.0621709440051839,0.908359743011445,False,Event volume around its typical baseline (0.9x). Average event tone was positive (4.74). Average Goldstein score was -0.06.
United Kingdom,1984,-0.129631866551625,4.670846924394214,0.06737792555119584,1.0075196212941708,False,Event volume around its typical baseline (1.0x). Average event tone was positive (4.67). Average Goldstein score was -0.13.
United Kingdom,1985,0.2077279248728316,4.9929702567538135,0.0515597025278005,0.7698278610552571,False,Event volume around its typical baseline (0.8x). Average event tone was positive (4.99). Average Goldstein score was 0.21.
United Kingdom,1986,-0.0927370161336298,4.712182438729938,0.055542954101576884,0.8176331836150166,False,Event volume around its typical baseline (0.8x). Average event tone was positive (4.71). Average Goldstein score was -0.09.
United Kingdom,1987,0.1169090652358091,4.758352900513963,0.04565058178765985,0.6910127758275374,False,Event volume around its typical baseline (0.7x). Average event tone was positive (4.76). Average Goldstein score was 0.12.
United Kingdom,1988,0.1659913670878099,4.375997211430474,0.04825293084819549,0.8546328469629996,False,Event volume around its typical baseline (0.9x). Average event tone was positive (4.38). Average Goldstein score was 0.17.
United Kingdom,1989,0.2940668161110709,4.363172178898417,0.045049855487743345,0.8392795317948498,False,Event volume around its typical baseline (0.8x). Average event tone was positive (4.36). Average Goldstein score was 0.29.
United Kingdom,1990,0.6129997984006452,4.457030114160172,0.04817908241381131,0.979026676184416,False,Event volume around its typical baseline (1.0x). Average event tone was positive (4.46). Average Goldstein score was 0.61.
United Kingdom,1991,0.7225170545746389,4.8738318819662405,0.05134527482173988,1.0579002618358266,False,Event volume around its typical baseline (1.1x). Average event tone was positive (4.87). Average Goldstein score was 0.72.
United Kingdom,1992,0.946048599421641,4.650667236471997,0.04187398041044651,0.8779432197993307,False,Event volume around its typical baseline (0.9x). Average event tone was positive (4.65). Average Goldstein score was 0.95.
United Kingdom,1993,0.5836386607706887,4.768203198989366,0.04477638596805764,0.9539022482803236,False,Event volume around its typical baseline (1.0x). Average event tone was positive (4.77). Average Goldstein score was 0.58.
United Kingdom,1994,0.6019191168665747,4.936323137458019,0.045919584014858586,0.9929650254578273,False,Event volume around its typical baseline (1.0x). Average event tone was positive (4.94). Average Goldstein score was 0.60.
United Kingdom,1995,0.993675568949392,5.338312752692187,0.042444458015026575,0.914379556496691,False,Event volume around its typical baseline (0.9x). Average event tone was positive (5.34). Average Goldstein score was 0.99.
United Kingdom,1996,0.6508812977694592,5.321253891534643,0.04043902924910222,0.8932471691080643,False,Event volume around its typical baseline (0.9x). Average event tone was positive (5.32). Average Goldstein score was 0.65.
United Kingdom,1997,0.9923713214407456,5.53596654651397,0.039628296817151784,0.9196487474975749,False,Event volume around its typical baseline (0.9x). Average event tone was positive (5.54). Average Goldstein score was 0.99.
United Kingdom,1998,0.8875334602113605,5.554807339747309,0.05170018548877447,1.2124368017405114,False,Event volume around its typical baseline (1.2x). Average event tone was positive (5.55). Average Goldstein score was 0.89.
United Kingdom,1999,0.7251703302689255,5.681844139736156,0.041609839365285915,0.9451130173674834,False,Event volume around its typical baseline (0.9x). Average event tone was positive (5.68). Average Goldstein score was 0.73.
United Kingdom,2000,0.841317206512895,5.616558523987162,0.04032466687948545,0.9342120492458318,False,Event volume around its typical baseline (0.9x). Average event tone was positive (5.62). Average Goldstein score was 0.84.
United Kingdom,2001,0.5360783563148561,5.4675661605134565,0.038877507461100684,0.9096195689065015,False,Event volume around its typical baseline (0.9x). Average event tone was positive (5.47). Average Goldstein score was 0.54.
United Kingdom,2002,0.4640157437370464,5.521601639472292,0.04075450955244337,0.960554687073438,False,Event volume around its typical baseline (1.0x). Average event tone was positive (5.52). Average Goldstein score was 0.46.
United Kingdom,2003,0.407734417066229,5.445950665679957,0.04864662973491223,1.140511569309245,False,Event volume around its typical baseline (1.1x). Average event tone was positive (5.45). Average Goldstein score was 0.41.
United Kingdom,2004,0.4483530870405854,5.431008879104135,0.04425711131910253,1.0526722683363285,False,Event volume around its typical baseline (1.1x). Average event tone was positive (5.43). Average Goldstein score was 0.45.
United Kingdom,2005,0.3374107525346282,5.366361126765535,0.05998237453413052,1.4089602270843211,False,Event volume around its typical baseline (1.4x). Average event tone was positive (5.37). Average Goldstein score was 0.34.
United Kingdom,2006,0.3357473035448892,5.432772542501991,0.059337904199930264,1.275984447664086,False,Event volume around its typical baseline (1.3x). Average event tone was positive (5.43). Average Goldstein score was 0.34.
United Kingdom,2007,0.3283140415891497,5.487150721271939,0.07666916149207603,1.5153294173213485,False,Event volume somewhat elevated above its typical baseline (1.5x). Average event tone was positive (5.49). Average Goldstein score was 0.33.
United Kingdom,2008,0.4289681970548502,5.667818234734686,0.06474124739486288,1.1205049407531815,False,Event volume around its typical baseline (1.1x). Average event tone was positive (5.67). Average Goldstein score was 0.43.
United Kingdom,2009,0.5231024688660694,5.684782440332316,0.058925916925176666,0.9660372829660205,False,Event volume around its typical baseline (1.0x). Average event tone was positive (5.68). Average Goldstein score was 0.52.
United Kingdom,2010,0.5689229057219017,5.838375000330572,0.049771651461023324,0.7785174895992724,False,Event volume around its typical baseline (0.8x). Average event tone was positive (5.84). Average Goldstein score was 0.57.
United Kingdom,2011,0.4403660628815096,5.84831424694596,0.04572336254045777,0.7387941685117732,False,Event volume around its typical baseline (0.7x). Average event tone was positive (5.85). Average Goldstein score was 0.44.
United Kingdom,2012,0.5504743813936824,5.484996524742995,0.043319033242457304,0.7321576082803232,False,Event volume around its typical baseline (0.7x). Average event tone was positive (5.48). Average Goldstein score was 0.55.
United Kingdom,2013,0.5369897215737274,2.624299050944061,0.04448824131756311,0.8474557293545449,False,Event volume around its typical baseline (0.8x). Average event tone was positive (2.62). Average Goldstein score was 0.54.
United Kingdom,2014,0.5651984388815415,2.5900939432770897,0.044331013430996505,0.9150671232098645,False,Event volume around its typical baseline (0.9x). Average event tone was positive (2.59). Average Goldstein score was 0.57.
United Kingdom,2015,0.7467100605390555,-1.1459017839676238,0.052207223752409264,1.146739587209648,False,Event volume around its typical baseline (1.1x). Average event tone was negative (-1.15). Average Goldstein score was 0.75.
United Kingdom,2016,0.7841422766210017,-1.4053745277293173,0.06227633796126744,1.3534281452697539,False,Event volume around its typical baseline (1.4x). Average event tone was negative (-1.41). Average Goldstein score was 0.78.
United Kingdom,2017,0.7228160818859801,-1.495871574193783,0.06851523116498084,1.3890746348513192,False,Event volume around its typical baseline (1.4x). Average event tone was negative (-1.50). Average Goldstein score was 0.72.
United Kingdom,2018,0.8121306873905841,-1.358141976891431,0.06765716973970087,1.2445304925537688,False,Event volume around its typical baseline (1.2x). Average event tone was negative (-1.36). Average Goldstein score was 0.81.
United Kingdom,2019,0.7382991201361013,-1.5692580130512377,0.08805628965722402,1.492545380079613,False,Event volume around its typical baseline (1.5x). Average event tone was negative (-1.57). Average Goldstein score was 0.74.
United Kingdom,2020,0.9014039496017688,-1.599973742390327,0.09124849826523251,1.3469914012881807,False,Event volume around its typical baseline (1.3x). Average event tone was negative (-1.60). Average Goldstein score was 0.90.
United Kingdom,2021,0.8658338563615177,-1.445186061832937,0.10168411682158536,1.3459055920150622,False,Event volume around its typical baseline (1.3x). Average event tone was negative (-1.45). Average Goldstein score was 0.87.
United Kingdom,2022,0.9209291295723432,-1.2499740263296857,0.09230389105560298,1.1063333272493006,False,Event volume around its typical baseline (1.1x). Average event tone was negative (-1.25). Average Goldstein score was 0.92.
United Kingdom,2023,0.7759767170800536,-1.2164704490434026,0.08021257368572464,0.9095428047898022,False,Event volume around its typical baseline (0.9x). Average event tone was negative (-1.22). Average Goldstein score was 0.78.
United Kingdom,2024,0.7658409120544483,-1.2607263882121502,0.0852086939948784,0.9394452605001329,False,Event volume around its typical baseline (0.9x). Average event tone was negative (-1.26). Average Goldstein score was 0.77.
United Kingdom,2025,0.7950822188189799,-1.307992503242399,0.08354542230768032,0.9269275618941073,False,Event volume around its typical baseline (0.9x). Average event tone was negative (-1.31). Average Goldstein score was 0.80.
United States of America,1980,0.6368156115467145,5.625057124865285,0.2065936248914306,1.0,True,Event volume around its typical baseline (1.0x). Average event tone was positive (5.63). Average Goldstein score was 0.64.
United States of America,1981,0.519074100753974,5.634617945972551,0.22939879801310878,1.110386625597294,False,Event volume around its typical baseline (1.1x). Average event tone was positive (5.63). Average Goldstein score was 0.52.
United States of America,1982,0.5577295894569909,5.580260889062054,0.23627645213657902,1.0838557723665385,False,Event volume around its typical baseline (1.1x). Average event tone was positive (5.58). Average Goldstein score was 0.56.
United States of America,1983,0.4091890180946713,5.530405279859949,0.2682230820513779,1.196945561558115,False,Event volume around its typical baseline (1.2x). Average event tone was positive (5.53). Average Goldstein score was 0.41.
United States of America,1984,0.4393082512116008,5.619423788140227,0.24806320491545236,1.0550359438791272,False,Event volume around its typical baseline (1.1x). Average event tone was positive (5.62). Average Goldstein score was 0.44.
United States of America,1985,0.5191380763044099,5.622803195059556,0.24003515533098588,1.0097770932460122,False,Event volume around its typical baseline (1.0x). Average event tone was positive (5.62). Average Goldstein score was 0.52.
United States of America,1986,0.3308646057199541,5.496669919978252,0.25918866929627915,1.0605129739637724,False,Event volume around its typical baseline (1.1x). Average event tone was positive (5.50). Average Goldstein score was 0.33.
United States of America,1987,0.6028008051487145,5.579454501178058,0.2358721054623854,0.9421418646618978,False,Event volume around its typical baseline (0.9x). Average event tone was positive (5.58). Average Goldstein score was 0.60.
United States of America,1988,0.5961160696364296,5.591456563333566,0.23036965827053626,0.9204608117750589,False,Event volume around its typical baseline (0.9x). Average event tone was positive (5.59). Average Goldstein score was 0.60.
United States of America,1989,0.4631975724988014,5.5440531967339215,0.21529431033655555,0.8870589290074385,False,Event volume around its typical baseline (0.9x). Average event tone was positive (5.54). Average Goldstein score was 0.46.
United States of America,1990,0.647875038517149,5.646546304030532,0.21359210178976823,0.9044688171808656,False,Event volume around its typical baseline (0.9x). Average event tone was positive (5.65). Average Goldstein score was 0.65.
United States of America,1991,0.7975114300973029,5.796857414848752,0.20096232638332018,0.8704816499331426,False,Event volume around its typical baseline (0.9x). Average event tone was positive (5.80). Average Goldstein score was 0.80.
United States of America,1992,0.8233399289177308,5.651957326777908,0.18720862072903088,0.853983408970373,False,Event volume around its typical baseline (0.9x). Average event tone was positive (5.65). Average Goldstein score was 0.82.
United States of America,1993,0.6126510780875418,5.773492686012997,0.19453921046367975,0.9286528188202333,False,Event volume around its typical baseline (0.9x). Average event tone was positive (5.77). Average Goldstein score was 0.61.
United States of America,1994,0.7457067844462506,5.697082384501562,0.1762930281418139,0.8713603496781587,False,Event volume around its typical baseline (0.9x). Average event tone was positive (5.70). Average Goldstein score was 0.75.
United States of America,1995,0.7351796863103396,5.702166359595733,0.16345265486551333,0.8402912134418187,False,Event volume around its typical baseline (0.8x). Average event tone was positive (5.70). Average Goldstein score was 0.74.
United States of America,1996,0.8644182463915486,5.9208802185168485,0.15563502811597316,0.8435906699747822,False,Event volume around its typical baseline (0.8x). Average event tone was positive (5.92). Average Goldstein score was 0.86.
United States of America,1997,1.136501423867426,6.055014443398217,0.13367619120723073,0.7620102684964845,False,Event volume around its typical baseline (0.8x). Average event tone was positive (6.06). Average Goldstein score was 1.14.
United States of America,1998,0.9921644015517408,5.894496236909848,0.1475436031561779,0.8957278990524092,False,Event volume around its typical baseline (0.9x). Average event tone was positive (5.89). Average Goldstein score was 0.99.
United States of America,1999,0.8644779317904133,5.949215586795041,0.13661242656471523,0.8795540667276405,False,Event volume around its typical baseline (0.9x). Average event tone was positive (5.95). Average Goldstein score was 0.86.
United States of America,2000,0.9393918620330186,5.9836622833977176,0.13077107398605642,0.8872814622883128,False,Event volume around its typical baseline (0.9x). Average event tone was positive (5.98). Average Goldstein score was 0.94.
United States of America,2001,0.4965705148804482,5.783642092801893,0.17412100684314818,1.2362363787158799,False,Event volume around its typical baseline (1.2x). Average event tone was positive (5.78). Average Goldstein score was 0.50.
United States of America,2002,0.4120132820531649,5.7150797157490345,0.16610679439049034,1.1491712260580977,False,Event volume around its typical baseline (1.1x). Average event tone was positive (5.72). Average Goldstein score was 0.41.
United States of America,2003,0.4216853887492386,5.780965936968115,0.17698318234821386,1.171833627712039,False,Event volume around its typical baseline (1.2x). Average event tone was positive (5.78). Average Goldstein score was 0.42.
United States of America,2004,0.2187259798836523,5.691959317198387,0.1685407776112458,1.0740629778806634,False,Event volume around its typical baseline (1.1x). Average event tone was positive (5.69). Average Goldstein score was 0.22.
United States of America,2005,0.3163818003242885,5.690952567116038,0.17630306700533122,1.0795966714552956,False,Event volume around its typical baseline (1.1x). Average event tone was positive (5.69). Average Goldstein score was 0.32.
United States of America,2006,0.5042281176061789,5.750298233851254,0.2868437117470809,1.6637208119728475,False,Event volume somewhat elevated above its typical baseline (1.7x). Average event tone was positive (5.75). Average Goldstein score was 0.50.
United States of America,2007,0.5170349120457547,5.65087422769537,0.3270552779372599,1.677589331056708,False,Event volume somewhat elevated above its typical baseline (1.7x). Average event tone was positive (5.65). Average Goldstein score was 0.52.
United States of America,2008,0.6563449108396591,5.6305539401609375,0.37396063240379585,1.6463505586811187,False,Event volume somewhat elevated above its typical baseline (1.6x). Average event tone was positive (5.63). Average Goldstein score was 0.66.
United States of America,2009,0.7557415423317403,5.692051249300523,0.36184987279524716,1.3575783429526487,False,Event volume around its typical baseline (1.4x). Average event tone was positive (5.69). Average Goldstein score was 0.76.
United States of America,2010,0.6543075469123661,5.577349967759269,0.4763640214316418,1.5608129098297057,False,Event volume somewhat elevated above its typical baseline (1.6x). Average event tone was positive (5.58). Average Goldstein score was 0.65.
United States of America,2011,0.4993104990271433,5.502563475631905,0.5174648711406817,1.4168785279382234,False,Event volume around its typical baseline (1.4x). Average event tone was positive (5.50). Average Goldstein score was 0.50.
United States of America,2012,0.4656161526995815,5.125255871263734,0.538507796635125,1.309158337879161,False,Event volume around its typical baseline (1.3x). Average event tone was positive (5.13). Average Goldstein score was 0.47.
United States of America,2013,0.4982549175946966,2.4471709242468105,0.4988376497805191,1.0996589000279817,False,Event volume around its typical baseline (1.1x). Average event tone was positive (2.45). Average Goldstein score was 0.50.
United States of America,2014,0.4208550450082678,2.409268917425847,0.4678925693311688,0.9776177086451379,False,Event volume around its typical baseline (1.0x). Average event tone was positive (2.41). Average Goldstein score was 0.42.
United States of America,2015,0.524016837879202,-1.4164648060279603,0.47376233913058824,0.9478784612638466,False,Event volume around its typical baseline (0.9x). Average event tone was negative (-1.42). Average Goldstein score was 0.52.
United States of America,2016,0.4826170508636725,-1.858201440256136,0.5085367265785304,1.0185135392205278,False,Event volume around its typical baseline (1.0x). Average event tone was negative (-1.86). Average Goldstein score was 0.48.
United States of America,2017,0.530599474759455,-1.9581518911818725,0.5104546918905268,1.0260242866244282,False,Event volume around its typical baseline (1.0x). Average event tone was negative (-1.96). Average Goldstein score was 0.53.
United States of America,2018,0.4810224300589019,-2.033117297427504,0.5118617852174262,1.0405877616284687,False,Event volume around its typical baseline (1.0x). Average event tone was negative (-2.03). Average Goldstein score was 0.48.
United States of America,2019,0.5282809720968938,-2.1013248405899203,0.49685479284432127,1.0047586707665614,False,Event volume around its typical baseline (1.0x). Average event tone was negative (-2.10). Average Goldstein score was 0.53.
United States of America,2020,0.5990495442247019,-2.0900213225693736,0.5145648858681358,1.0285248610235547,False,Event volume around its typical baseline (1.0x). Average event tone was negative (-2.09). Average Goldstein score was 0.60.
United States of America,2021,0.5203119251678828,-2.1094759421407674,0.5146779953810755,1.0122398719358066,False,Event volume around its typical baseline (1.0x). Average event tone was negative (-2.11). Average Goldstein score was 0.52.
United States of America,2022,0.4762434148463786,-2.084820002614178,0.4251001059512477,0.8340483154020085,False,Event volume around its typical baseline (0.8x). Average event tone was negative (-2.08). Average Goldstein score was 0.48.
United States of America,2023,0.462274743515683,-2.122371683269562,0.4068893772566666,0.8259836322986994,False,Event volume around its typical baseline (0.8x). Average event tone was negative (-2.12). Average Goldstein score was 0.46.
United States of America,2024,0.4578651886401809,-2.0882013853100068,0.4176087652101422,0.8854820397903491,False,Event volume around its typical baseline (0.9x). Average event tone was negative (-2.09). Average Goldstein score was 0.46.
United States of America,2025,0.4910946069047997,-2.17179810248126,0.4360602057378204,0.956758678920038,False,Event volume around its typical baseline (1.0x). Average event tone was negative (-2.17). Average Goldstein score was 0.49.
Viet Nam,1980,0.0337163271217534,4.565282676751037,0.028837774468535533,1.0,True,Event volume around its typical baseline (1.0x). Average event tone was positive (4.57). Average Goldstein score was 0.03.
Viet Nam,1981,-0.3279617900529539,4.726932344448961,0.0218066551724721,0.7561837060715284,False,Event volume around its typical baseline (0.8x). Average event tone was positive (4.73). Average Goldstein score was -0.33.
Viet Nam,1982,0.5774009603841537,5.024631050293387,0.020520164950912606,0.8103621699906396,False,Event volume around its typical baseline (0.8x). Average event tone was positive (5.02). Average Goldstein score was 0.58.
Viet Nam,1983,-0.3127803676664614,4.390213487671641,0.023734607708139923,1.0005512366468816,False,Event volume around its typical baseline (1.0x). Average event tone was positive (4.39). Average Goldstein score was -0.31.
Viet Nam,1984,-1.465734621250636,4.131399697241239,0.023086617269826516,0.9731005829460752,False,Event volume around its typical baseline (1.0x). Average event tone was positive (4.13). Average Goldstein score was -1.47.
Viet Nam,1985,-1.066710182767623,4.216163383454563,0.025832036317318174,1.094709364713827,False,Event volume around its typical baseline (1.1x). Average event tone was positive (4.22). Average Goldstein score was -1.07.
Viet Nam,1986,0.462575197889182,4.674108464269556,0.01577472920784642,0.6859766062613465,False,Event volume around its typical baseline (0.7x). Average event tone was positive (4.67). Average Goldstein score was 0.46.
Viet Nam,1987,0.9120862884160756,4.793565764878447,0.017031895459258407,0.7816513913557158,False,Event volume around its typical baseline (0.8x). Average event tone was positive (4.79). Average Goldstein score was 0.91.
Viet Nam,1988,1.4761715421755184,4.91529999201822,0.021319778131665388,1.010800359639529,False,Event volume around its typical baseline (1.0x). Average event tone was positive (4.92). Average Goldstein score was 1.48.
Viet Nam,1989,1.6497069264426656,4.587423558728223,0.02008364670517018,0.974508016665775,False,Event volume around its typical baseline (1.0x). Average event tone was positive (4.59). Average Goldstein score was 1.65.
Viet Nam,1990,1.4757477174939664,5.367835094028563,0.015621984055752072,0.7807706090646332,False,Event volume around its typical baseline (0.8x). Average event tone was positive (5.37). Average Goldstein score was 1.48.
Viet Nam,1991,1.7892854278610946,5.826471442675878,0.015099438839418262,0.8404261954831982,False,Event volume around its typical baseline (0.8x). Average event tone was positive (5.83). Average Goldstein score was 1.79.
Viet Nam,1992,2.0932553064868094,5.65154737285606,0.01770609758773452,0.9929757948734375,False,Event volume around its typical baseline (1.0x). Average event tone was positive (5.65). Average Goldstein score was 2.09.
Viet Nam,1993,1.613413271009043,5.688821116681519,0.013408289791338448,0.7463068402327035,False,Event volume around its typical baseline (0.7x). Average event tone was positive (5.69). Average Goldstein score was 1.61.
Viet Nam,1994,1.536305082083104,5.599560143245877,0.012425485267810699,0.7583964619622203,False,Event volume around its typical baseline (0.8x). Average event tone was positive (5.60). Average Goldstein score was 1.54.
Viet Nam,1995,1.7814615244899197,6.092072909333436,0.015335359727677815,1.032527079937182,False,Event volume around its typical baseline (1.0x). Average event tone was positive (6.09). Average Goldstein score was 1.78.
Viet Nam,1996,1.8507613952052684,5.984991646288473,0.012025901044315501,0.8128391006652318,False,Event volume around its typical baseline (0.8x). Average event tone was positive (5.98). Average Goldstein score was 1.85.
Viet Nam,1997,1.9821393343805924,6.083046763267213,0.01393494161866129,0.982702317065583,False,Event volume around its typical baseline (1.0x). Average event tone was positive (6.08). Average Goldstein score was 1.98.
Viet Nam,1998,1.9085700613390173,6.555922824892463,0.01000815492895661,0.7454311254938359,False,Event volume around its typical baseline (0.7x). Average event tone was positive (6.56). Average Goldstein score was 1.91.
Viet Nam,1999,1.9217779705117093,6.8254373272959805,0.00842442066599187,0.6609478639803327,False,Event volume around its typical baseline (0.7x). Average event tone was positive (6.83). Average Goldstein score was 1.92.
Viet Nam,2000,2.045284459717447,6.803597426666817,0.010488970863531925,0.878050013517786,False,Event volume around its typical baseline (0.9x). Average event tone was positive (6.80). Average Goldstein score was 2.05.
Viet Nam,2001,1.8003387875729835,6.786974745904575,0.009981191129072848,0.9093254948307756,False,Event volume around its typical baseline (0.9x). Average event tone was positive (6.79). Average Goldstein score was 1.80.
Viet Nam,2002,1.6265134991032912,6.559369505756537,0.00910400063309563,0.8615064826716364,False,Event volume around its typical baseline (0.9x). Average event tone was positive (6.56). Average Goldstein score was 1.63.
Viet Nam,2003,1.0938573935757725,5.89064871509659,0.00880457148783127,0.9170141332414256,False,Event volume around its typical baseline (0.9x). Average event tone was positive (5.89). Average Goldstein score was 1.09.
Viet Nam,2004,1.2500085513938777,5.928247546672622,0.009449434316960513,1.0094868990641905,False,Event volume around its typical baseline (1.0x). Average event tone was positive (5.93). Average Goldstein score was 1.25.
Viet Nam,2005,1.535122398219661,6.2096022274411125,0.0078122541765480134,0.8167001197109839,False,Event volume around its typical baseline (0.8x). Average event tone was positive (6.21). Average Goldstein score was 1.54.
Viet Nam,2006,1.6081077114898883,6.417199180552445,0.007198640045838306,0.7971659567815892,False,Event volume around its typical baseline (0.8x). Average event tone was positive (6.42). Average Goldstein score was 1.61.
Viet Nam,2007,1.204512139804713,5.944429155797307,0.005029727727989276,0.5935636338925935,False,Event volume around its typical baseline (0.6x). Average event tone was positive (5.94). Average Goldstein score was 1.20.
Viet Nam,2008,0.9029621637527274,5.758927372708833,0.003475157908931069,0.4537396121394783,False,Event volume around its typical baseline (0.5x). Average event tone was positive (5.76). Average Goldstein score was 0.90.
Viet Nam,2009,1.631938613934306,6.1602084719197565,0.005341289879157237,0.810140327103141,False,Event volume around its typical baseline (0.8x). Average event tone was positive (6.16). Average Goldstein score was 1.63.
Viet Nam,2010,1.6304842292314534,6.522421517521831,0.005503903744647222,0.9536491047999598,False,Event volume around its typical baseline (1.0x). Average event tone was positive (6.52). Average Goldstein score was 1.63.
Viet Nam,2011,1.227111024063671,6.167653792904484,0.0038559659739626313,0.7262056465769702,False,Event volume around its typical baseline (0.7x). Average event tone was positive (6.17). Average Goldstein score was 1.23.
Viet Nam,2012,1.1931574920402463,5.651671881979823,0.003583512451301452,0.7721075295382441,False,Event volume around its typical baseline (0.8x). Average event tone was positive (5.65). Average Goldstein score was 1.19.
Viet Nam,2013,1.348049071513801,2.9496264594743784,0.004379413018590917,1.006306811000815,False,Event volume around its typical baseline (1.0x). Average event tone was positive (2.95). Average Goldstein score was 1.35.
Viet Nam,2014,1.0410988700564974,2.6756262389189405,0.004658159025896524,1.0276521227286357,False,Event volume around its typical baseline (1.0x). Average event tone was positive (2.68). Average Goldstein score was 1.04.
Viet Nam,2015,1.4109517443766022,-0.2071212930073346,0.004201222078691919,0.9556505231105676,False,Event volume around its typical baseline (1.0x). Average event tone was negative (-0.21). Average Goldstein score was 1.41.
Viet Nam,2016,1.3610342584538453,-0.5474078085260321,0.00530597014284277,1.2829819634140998,False,Event volume around its typical baseline (1.3x). Average event tone was negative (-0.55). Average Goldstein score was 1.36.
Viet Nam,2017,1.3175778095391926,-0.5035818001266409,0.004564952027943665,1.0314748152914,False,Event volume around its typical baseline (1.0x). Average event tone was negative (-0.50). Average Goldstein score was 1.32.
Viet Nam,2018,1.3775439730656982,-0.3724425658737581,0.004540266997701099,0.9823285885354235,False,Event volume around its typical baseline (1.0x). Average event tone was negative (-0.37). Average Goldstein score was 1.38.
Viet Nam,2019,1.366758437531503,-0.549461860500269,0.00521527014744243,1.120572054367849,False,Event volume around its typical baseline (1.1x). Average event tone was negative (-0.55). Average Goldstein score was 1.37.
Viet Nam,2020,1.316863986004991,-1.1336220265197314,0.0036068189353511177,0.7568547849068539,False,Event volume around its typical baseline (0.8x). Average event tone was negative (-1.13). Average Goldstein score was 1.32.
Viet Nam,2021,1.4990281630737614,-0.5185719404835862,0.00379218371856129,0.8161103391322293,False,Event volume around its typical baseline (0.8x). Average event tone was negative (-0.52). Average Goldstein score was 1.50.
Viet Nam,2022,1.8933139341435812,0.6649762875562738,0.0035641674843762865,0.8204997411462577,False,Event volume around its typical baseline (0.8x). Average event tone was positive (0.66). Average Goldstein score was 1.89.
Viet Nam,2023,2.161095398031935,1.546119617488749,0.010832056535906085,2.614076348423526,False,A notable spike in event volume above its typical baseline (2.6x). Average event tone was positive (1.55). Average Goldstein score was 2.16.
Viet Nam,2024,1.6983240142257714,0.8098402841717155,0.0037146422498328347,0.6876293824512621,False,Event volume around its typical baseline (0.7x). Average event tone was positive (0.81). Average Goldstein score was 1.70.
Viet Nam,2025,1.8024675124613512,1.11509136351689,0.003674082201836142,0.7201295727504783,False,Event volume around its typical baseline (0.7x). Average event tone was positive (1.12). Average Goldstein score was 1.80.
