Country,Year,avg_goldstein,avg_tone,mention_share,spike_ratio,missing_baseline,description,cluster
Algeria,1980,1.9875568416701104,4.931067815391808,0.0064177388273199,1.0,True,Event volume around its typical baseline (1.0x). Average event tone was positive (4.93). Average Goldstein score was 1.99.,0
Algeria,1981,1.988476716653512,5.357238322414892,0.005116025045245,0.797169405440186,False,Event volume around its typical baseline (0.8x). Average event tone was positive (5.36). Average Goldstein score was 1.99.,0
Algeria,1982,2.167105263157894,4.606086880958107,0.003833330077633,0.6647145060341111,False,Event volume around its typical baseline (0.7x). Average event tone was positive (4.61). Average Goldstein score was 2.17.,0
Algeria,1983,2.3576805251641137,4.379898928046617,0.004305895644986,0.840607012413814,False,Event volume around its typical baseline (0.8x). Average event tone was positive (4.38). Average Goldstein score was 2.36.,0
Algeria,1984,2.5512697022767075,4.559246147873014,0.0047321259212252,0.962156950946322,False,Event volume around its typical baseline (1.0x). Average event tone was positive (4.56). Average Goldstein score was 2.55.,0
Algeria,1985,1.8374344301382928,4.256840721182622,0.0037494960880779,0.7681783119520336,False,Event volume around its typical baseline (0.8x). Average event tone was positive (4.26). Average Goldstein score was 1.84.,0
Algeria,1986,2.029301310043669,4.370258002284868,0.0037499963177569,0.8625887348653019,False,Event volume around its typical baseline (0.9x). Average event tone was positive (4.37). Average Goldstein score was 2.03.,0
Algeria,1987,1.9652144545761552,4.405389076821042,0.0046082190879017,1.1310820201321838,False,Event volume around its typical baseline (1.1x). Average event tone was positive (4.41). Average Goldstein score was 1.97.,0
Algeria,1988,1.5693706020328375,4.669061682012021,0.0084334740161505,1.994131391009652,False,Event volume somewhat elevated above its typical baseline (2.0x). Average event tone was positive (4.67). Average Goldstein score was 1.57.,3
Algeria,1989,2.186482449589243,4.10532715139178,0.0043299908842297,0.8566330724076225,False,Event volume around its typical baseline (0.9x). Average event tone was positive (4.11). Average Goldstein score was 2.19.,0
Algeria,1990,1.998693709178412,4.488549501619753,0.0049433504038857,0.9937910305390804,False,Event volume around its typical baseline (1.0x). Average event tone was positive (4.49). Average Goldstein score was 2.00.,0
Algeria,1991,0.8775217160077999,4.958526900266851,0.0079904178588827,1.5327850459505168,False,Event volume somewhat elevated above its typical baseline (1.5x). Average event tone was positive (4.96). Average Goldstein score was 0.88.,3
Algeria,1992,-0.1213861386138612,4.771013572773716,0.0101351063910772,1.6721589084231416,False,Event volume somewhat elevated above its typical baseline (1.7x). Average event tone was positive (4.77). Average Goldstein score was -0.12.,3
Algeria,1993,-1.7174471119562624,3.918266835510318,0.0070876166944353,0.9889971995422502,False,Event volume around its typical baseline (1.0x). Average event tone was positive (3.92). Average Goldstein score was -1.72.,0
Algeria,1994,-1.1795579084238883,4.193880317919636,0.0130988762895438,1.8991319847049155,False,Event volume somewhat elevated above its typical baseline (1.9x). Average event tone was positive (4.19). Average Goldstein score was -1.18.,3
Algeria,1995,-1.4497947314403017,4.366567104314507,0.0127545140790411,1.4743273234704803,False,Event volume around its typical baseline (1.5x). Average event tone was positive (4.37). Average Goldstein score was -1.45.,0
Algeria,1996,-0.423448347321521,4.579470727747333,0.006501896825879,0.6366103844051757,False,Event volume around its typical baseline (0.6x). Average event tone was positive (4.58). Average Goldstein score was -0.42.,0
Algeria,1997,-0.9111621757743644,4.5267742815544025,0.008925728828285,0.9001701336822197,False,Event volume around its typical baseline (0.9x). Average event tone was positive (4.53). Average Goldstein score was -0.91.,0
Algeria,1998,-0.2892413326241476,4.50317786609161,0.0100567836344464,1.039597676168496,False,Event volume around its typical baseline (1.0x). Average event tone was positive (4.50). Average Goldstein score was -0.29.,0
Algeria,1999,0.5515413975337634,5.577514972876186,0.0082397620659476,0.8025044042565171,False,Event volume around its typical baseline (0.8x). Average event tone was positive (5.58). Average Goldstein score was 0.55.,0
Algeria,2000,0.4445469125902164,5.446626977387612,0.0083086818240934,0.8938163533006375,False,Event volume around its typical baseline (0.9x). Average event tone was positive (5.45). Average Goldstein score was 0.44.,0
Algeria,2001,-0.2912376837557301,4.780836410676579,0.0069332965482273,0.8247473135785992,False,Event volume around its typical baseline (0.8x). Average event tone was positive (4.78). Average Goldstein score was -0.29.,0
Algeria,2002,-0.4862239297475302,4.728078189250978,0.0054570131224302,0.6425419911604946,False,Event volume around its typical baseline (0.6x). Average event tone was positive (4.73). Average Goldstein score was -0.49.,0
Algeria,2003,0.4678278245841431,4.8503009337673415,0.0065736371386597,0.842870442553894,False,Event volume around its typical baseline (0.8x). Average event tone was positive (4.85). Average Goldstein score was 0.47.,0
Algeria,2004,0.5805418338993517,5.0377384983547175,0.0055198814153126,0.7771768256948722,False,Event volume around its typical baseline (0.8x). Average event tone was positive (5.04). Average Goldstein score was 0.58.,0
Algeria,2005,0.276090958310774,4.970141897550409,0.0048949273415462,0.7463483786805809,False,Event volume around its typical baseline (0.7x). Average event tone was positive (4.97). Average Goldstein score was 0.28.,0
Algeria,2006,0.6621527410931101,5.084164711738304,0.0022761374041712,0.387378117334516,False,Event volume around its typical baseline (0.4x). Average event tone was positive (5.08). Average Goldstein score was 0.66.,0
Algeria,2007,-0.9227492102492106,4.454175236550682,0.0033534618475801,0.6782454074405072,False,Event volume around its typical baseline (0.7x). Average event tone was positive (4.45). Average Goldstein score was -0.92.,0
Algeria,2008,-0.0841428711608281,4.5767498256491415,0.0021569899740033,0.4768294430307355,False,Event volume around its typical baseline (0.5x). Average event tone was positive (4.58). Average Goldstein score was -0.08.,0
Algeria,2009,0.0604869593259966,4.663859117861478,0.0014385693058969,0.3951809930399456,False,Event volume around its typical baseline (0.4x). Average event tone was positive (4.66). Average Goldstein score was 0.06.,0
Algeria,2010,0.3492508865248228,5.087255174534694,0.0011047568894098,0.3912004853691755,False,Event volume around its typical baseline (0.4x). Average event tone was positive (5.09). Average Goldstein score was 0.35.,0
Algeria,2011,-0.7107267041901187,4.8363110507401705,0.0019456135577372,0.9417374094711074,False,Event volume around its typical baseline (0.9x). Average event tone was positive (4.84). Average Goldstein score was -0.71.,0
Algeria,2012,0.4275299779267006,3.77188846586439,0.001697158887224,0.848631076479879,False,Event volume around its typical baseline (0.8x). Average event tone was positive (3.77). Average Goldstein score was 0.43.,0
Algeria,2013,0.1530984419263455,1.054734162730259,0.0041579426055378,2.491848521436903,False,Event volume somewhat elevated above its typical baseline (2.5x). Average event tone was positive (1.05). Average Goldstein score was 0.15.,3
Algeria,2014,-0.0976692913385827,2.1329312604416915,0.001678175734941,0.8111799320316414,False,Event volume around its typical baseline (0.8x). Average event tone was positive (2.13). Average Goldstein score was -0.10.,0
Algeria,2015,0.0165711406414459,-2.0070302845469645,0.0010259447141864,0.4846838942987383,False,Event volume around its typical baseline (0.5x). Average event tone was negative (-2.01). Average Goldstein score was 0.02.,1
Algeria,2016,0.6087854676159351,-2.4477345256462626,0.0009623343699504,0.4580435219497913,False,Event volume around its typical baseline (0.5x). Average event tone was negative (-2.45). Average Goldstein score was 0.61.,1
Algeria,2017,0.5000334288443171,-2.714836342896265,0.0005478029120123,0.2876645865819289,False,Event volume around its typical baseline (0.3x). Average event tone was negative (-2.71). Average Goldstein score was 0.50.,1
Algeria,2018,0.7679132236562896,-2.424187521565784,0.0007285682836492,0.4351115921472775,False,Event volume around its typical baseline (0.4x). Average event tone was negative (-2.42). Average Goldstein score was 0.77.,1
Algeria,2019,-0.2721736379874963,-3.573630736352764,0.0013303983026823,1.3457871051045207,False,Event volume around its typical baseline (1.3x). Average event tone was negative (-3.57). Average Goldstein score was -0.27.,1
Algeria,2020,0.6286559850236756,-3.228272376042871,0.0006809989698991,0.741013895365095,False,Event volume around its typical baseline (0.7x). Average event tone was negative (-3.23). Average Goldstein score was 0.63.,1
Algeria,2021,0.3590794709737823,-2.805572912502241,0.0008566981952238,1.0078558423635848,False,Event volume around its typical baseline (1.0x). Average event tone was negative (-2.81). Average Goldstein score was 0.36.,1
Algeria,2022,1.376922359379372,-1.5315074381838825,0.000742088722037,0.8952765003256592,False,Event volume around its typical baseline (0.9x). Average event tone was negative (-1.53). Average Goldstein score was 1.38.,1
Algeria,2023,1.0874837511606317,-1.7317997557380906,0.0005446067383094,0.6276075227116102,False,Event volume around its typical baseline (0.6x). Average event tone was negative (-1.73). Average Goldstein score was 1.09.,1
Algeria,2024,0.9985619282314414,-1.799312707500394,0.0005265318949863,0.633644272469518,False,Event volume around its typical baseline (0.6x). Average event tone was negative (-1.80). Average Goldstein score was 1.00.,1
Algeria,2025,1.055233666744723,-2.002127637970063,0.0006136777213705,0.9156841904738802,False,Event volume around its typical baseline (0.9x). Average event tone was negative (-2.00). Average Goldstein score was 1.06.,1
Argentina,1980,1.146855563234278,4.850978176305041,0.0040056492341778,1.0,True,Event volume around its typical baseline (1.0x). Average event tone was positive (4.85). Average Goldstein score was 1.15.,0
Argentina,1981,0.9157181571815718,4.864383382541313,0.00600711633053,1.4996610984493683,False,Event volume around its typical baseline (1.5x). Average event tone was positive (4.86). Average Goldstein score was 0.92.,0
Argentina,1982,-0.2203732503888023,4.332525718346339,0.0530924183650284,10.604945860744758,False,An extreme spike in event volume far above its typical baseline (10.6x). Average event tone was positive (4.33). Average Goldstein score was -0.22.,2
Argentina,1983,0.1175146250664775,4.700694375166943,0.0131409517519538,0.6247165890484742,False,Event volume around its typical baseline (0.6x). Average event tone was positive (4.70). Average Goldstein score was 0.12.,0
Argentina,1984,0.592515870364183,4.659660835362053,0.0124291546625592,0.6520542740394358,False,Event volume around its typical baseline (0.7x). Average event tone was positive (4.66). Average Goldstein score was 0.59.,0
Argentina,1985,0.4542734073906141,4.747158601842933,0.008038237728141,0.4532400005083478,False,Event volume around its typical baseline (0.5x). Average event tone was positive (4.75). Average Goldstein score was 0.45.,0
Argentina,1986,0.964111684154366,4.44502449455692,0.0094930329857436,0.5119863114498717,False,Event volume around its typical baseline (0.5x). Average event tone was positive (4.45). Average Goldstein score was 0.96.,0
Argentina,1987,0.8008482871125615,4.34453073726484,0.0105894405951185,0.5504222253005006,False,Event volume around its typical baseline (0.6x). Average event tone was positive (4.34). Average Goldstein score was 0.80.,0
Argentina,1988,1.0190306218297955,3.7120043406364,0.008768383012816,0.8165626251000067,False,Event volume around its typical baseline (0.8x). Average event tone was positive (3.71). Average Goldstein score was 1.02.,0
Argentina,1989,0.7720446473871129,4.1975131888362265,0.0066010750322195,0.6692325019801906,False,Event volume around its typical baseline (0.7x). Average event tone was positive (4.20). Average Goldstein score was 0.77.,0
Argentina,1990,1.0912922218779044,4.309110496562486,0.0054058391848371,0.6215012800743541,False,Event volume around its typical baseline (0.6x). Average event tone was positive (4.31). Average Goldstein score was 1.09.,0
Argentina,1991,1.7719172175912623,4.435140988572704,0.0042312533189458,0.5178027624838198,False,Event volume around its typical baseline (0.5x). Average event tone was positive (4.44). Average Goldstein score was 1.77.,0
Argentina,1992,1.7049438202247196,4.354518659737639,0.0046101232844139,0.6475621462220671,False,Event volume around its typical baseline (0.6x). Average event tone was positive (4.35). Average Goldstein score was 1.70.,0
Argentina,1993,1.2802756508422668,4.496685904788559,0.004377726419232,0.7390644952033487,False,Event volume around its typical baseline (0.7x). Average event tone was positive (4.50). Average Goldstein score was 1.28.,0
Argentina,1994,0.7600858369098713,4.531016028635279,0.0072745999624877,1.441884363547902,False,Event volume around its typical baseline (1.4x). Average event tone was positive (4.53). Average Goldstein score was 0.76.,0
Argentina,1995,1.0123264102248992,4.631485437987057,0.0076383772560545,1.4746162704232677,False,Event volume around its typical baseline (1.5x). Average event tone was positive (4.63). Average Goldstein score was 1.01.,0
Argentina,1996,1.2721583455513537,5.151567289657423,0.0072650387231044,1.2912373811023194,False,Event volume around its typical baseline (1.3x). Average event tone was positive (5.15). Average Goldstein score was 1.27.,0
Argentina,1997,1.4073493083003945,5.431566064444613,0.0069182057508595,1.109901106164916,False,Event volume around its typical baseline (1.1x). Average event tone was positive (5.43). Average Goldstein score was 1.41.,0
Argentina,1998,1.175535691644479,4.961012322126996,0.0055413109599306,0.8277050172619849,False,Event volume around its typical baseline (0.8x). Average event tone was positive (4.96). Average Goldstein score was 1.18.,0
Argentina,1999,1.4358281958526524,5.378422785623817,0.0062019714474874,0.8952674992355596,False,Event volume around its typical baseline (0.9x). Average event tone was positive (5.38). Average Goldstein score was 1.44.,0
Argentina,2000,1.0560358323186645,5.196550803083518,0.0041941853178685,0.6247873225996362,False,Event volume around its typical baseline (0.6x). Average event tone was positive (5.20). Average Goldstein score was 1.06.,0
Argentina,2001,0.9657581018518516,5.3350854847609055,0.0054959930953361,0.912327879065376,False,Event volume around its typical baseline (0.9x). Average event tone was positive (5.34). Average Goldstein score was 0.97.,0
Argentina,2002,0.888189809539313,5.134739697315887,0.0047754321741503,0.8421783887219061,False,Event volume around its typical baseline (0.8x). Average event tone was positive (5.13). Average Goldstein score was 0.89.,0
Argentina,2003,0.7489038167938935,5.248597005397763,0.004978636894589,0.9497991570231472,False,Event volume around its typical baseline (0.9x). Average event tone was positive (5.25). Average Goldstein score was 0.75.,0
Argentina,2004,1.3170858057831771,5.327659233485694,0.0040607522876817,0.7916863493319203,False,Event volume around its typical baseline (0.8x). Average event tone was positive (5.33). Average Goldstein score was 1.32.,0
Argentina,2005,0.4013001083423617,4.984779035470242,0.0028127648842242,0.5983333145697443,False,Event volume around its typical baseline (0.6x). Average event tone was positive (4.98). Average Goldstein score was 0.40.,0
Argentina,2006,0.7009742834485103,5.282313053713545,0.001993290977219,0.4504901641248451,False,Event volume around its typical baseline (0.5x). Average event tone was positive (5.28). Average Goldstein score was 0.70.,0
Argentina,2007,0.4887532496891598,4.886652846047482,0.0020730272820081,0.5566406076775244,False,Event volume around its typical baseline (0.6x). Average event tone was positive (4.89). Average Goldstein score was 0.49.,0
Argentina,2008,0.8735376925753695,3.5894508462469816,0.0030862634255287,0.9693968624557464,False,Event volume around its typical baseline (1.0x). Average event tone was positive (3.59). Average Goldstein score was 0.87.,0
Argentina,2009,1.034565927000561,4.609426233057064,0.0033656156006095,1.1997689574998862,False,Event volume around its typical baseline (1.2x). Average event tone was positive (4.61). Average Goldstein score was 1.03.,0
Argentina,2010,0.9314342177185388,5.534411230585486,0.0024822456441312,0.9310076844241956,False,Event volume around its typical baseline (0.9x). Average event tone was positive (5.53). Average Goldstein score was 0.93.,0
Argentina,2011,0.8825864129435559,5.390883670411062,0.0015804394496778,0.607840616757751,False,Event volume around its typical baseline (0.6x). Average event tone was positive (5.39). Average Goldstein score was 0.88.,0
Argentina,2012,0.7748242661448146,4.839606195328087,0.0024886249289075,0.9885230817553016,False,Event volume around its typical baseline (1.0x). Average event tone was positive (4.84). Average Goldstein score was 0.77.,0
Argentina,2013,1.0316025376727362,2.562372240661257,0.0029213574751256,1.1233234647860952,False,Event volume around its typical baseline (1.1x). Average event tone was positive (2.56). Average Goldstein score was 1.03.,0
Argentina,2014,1.119462769619091,2.4344913731363294,0.0017750760879729,0.6913214463182585,False,Event volume around its typical baseline (0.7x). Average event tone was positive (2.43). Average Goldstein score was 1.12.,0
Argentina,2015,0.6233534690624439,-1.082924717122566,0.0017021588259103,0.756666798511027,False,Event volume around its typical baseline (0.8x). Average event tone was negative (-1.08). Average Goldstein score was 0.62.,1
Argentina,2016,1.106625986548316,-1.4469930849569674,0.0014947810545717,0.7139998414923475,False,Event volume around its typical baseline (0.7x). Average event tone was negative (-1.45). Average Goldstein score was 1.11.,1
Argentina,2017,1.1834096591041852,-1.5751136701935968,0.0015418944030579,0.7425807381861576,False,Event volume around its typical baseline (0.7x). Average event tone was negative (-1.58). Average Goldstein score was 1.18.,1
Argentina,2018,1.5703491992201437,-1.3554088040004562,0.0022504679458783,1.1925829676791242,False,Event volume around its typical baseline (1.2x). Average event tone was negative (-1.36). Average Goldstein score was 1.57.,1
Argentina,2019,1.2440786092214664,-1.5720225460295825,0.0011249419051222,0.6417693670810394,False,Event volume around its typical baseline (0.6x). Average event tone was negative (-1.57). Average Goldstein score was 1.24.,1
Argentina,2020,1.1813629299747173,-1.7488954721795946,0.0009194354784813,0.5665564550661739,False,Event volume around its typical baseline (0.6x). Average event tone was negative (-1.75). Average Goldstein score was 1.18.,1
Argentina,2021,1.2102141991108712,-1.1845421019980849,0.0008616630847689,0.5876428027618182,False,Event volume around its typical baseline (0.6x). Average event tone was negative (-1.18). Average Goldstein score was 1.21.,1
Argentina,2022,1.1348309873116569,-1.318212969109145,0.0010668022408641,0.7963109042259575,False,Event volume around its typical baseline (0.8x). Average event tone was negative (-1.32). Average Goldstein score was 1.13.,1
Argentina,2023,1.3597602207723372,-0.8285968352851197,0.0010900875824613,0.8758100333343719,False,Event volume around its typical baseline (0.9x). Average event tone was negative (-0.83). Average Goldstein score was 1.36.,1
Argentina,2024,1.1408761563082557,-1.5131312880389105,0.0012337237322713,1.2183890170227611,False,Event volume around its typical baseline (1.2x). Average event tone was negative (-1.51). Average Goldstein score was 1.14.,1
Argentina,2025,1.336816897117809,-1.213367858913932,0.0018124440320955,1.75226693834185,False,Event volume somewhat elevated above its typical baseline (1.8x). Average event tone was negative (-1.21). Average Goldstein score was 1.34.,3
Australia,1980,1.5736509758897814,4.572607225587622,0.0052345316689165,1.0,True,Event volume around its typical baseline (1.0x). Average event tone was positive (4.57). Average Goldstein score was 1.57.,0
Australia,1981,1.0625400641025655,4.8212693976402425,0.0060848965945207,1.1624529144897082,False,Event volume around its typical baseline (1.2x). Average event tone was positive (4.82). Average Goldstein score was 1.06.,0
Australia,1982,0.754780467788264,4.859425807947841,0.0050305710258437,0.8888383598123736,False,Event volume around its typical baseline (0.9x). Average event tone was positive (4.86). Average Goldstein score was 0.75.,0
Australia,1983,0.9652821541105698,5.068856738520425,0.0077903844516304,1.4294284018845946,False,Event volume around its typical baseline (1.4x). Average event tone was positive (5.07). Average Goldstein score was 0.97.,0
Australia,1984,0.97984241628365,4.564978808632276,0.0061656671105827,1.0216353106489526,False,Event volume around its typical baseline (1.0x). Average event tone was positive (4.56). Average Goldstein score was 0.98.,0
Australia,1985,1.317537313432836,4.93630165452729,0.0090549765189003,1.4939222142917126,False,Event volume around its typical baseline (1.5x). Average event tone was positive (4.94). Average Goldstein score was 1.32.,0
Australia,1986,1.338626933232742,4.211686038932682,0.0094467419303117,1.384077347546499,False,Event volume around its typical baseline (1.4x). Average event tone was positive (4.21). Average Goldstein score was 1.34.,0
Australia,1987,1.1509251968503935,3.951812692057907,0.0087296950346439,1.1643213320596522,False,Event volume around its typical baseline (1.2x). Average event tone was positive (3.95). Average Goldstein score was 1.15.,0
Australia,1988,1.588285767580674,3.635055678251213,0.0093825800773722,1.1390091702509002,False,Event volume around its typical baseline (1.1x). Average event tone was positive (3.64). Average Goldstein score was 1.59.,0
Australia,1989,1.726211055276382,3.5728731879432285,0.0094789121295994,1.107876030424596,False,Event volume around its typical baseline (1.1x). Average event tone was positive (3.57). Average Goldstein score was 1.73.,0
Australia,1990,1.459640792733278,3.543433306781868,0.0089156855498653,0.9671429275546354,False,Event volume around its typical baseline (1.0x). Average event tone was positive (3.54). Average Goldstein score was 1.46.,0
Australia,1991,1.3940581380458443,4.323837292925249,0.0103385249391452,1.1248870194146392,False,Event volume around its typical baseline (1.1x). Average event tone was positive (4.32). Average Goldstein score was 1.39.,0
Australia,1992,1.7491228070175435,4.224838441964309,0.0128340100370377,1.3698261364794848,False,Event volume around its typical baseline (1.4x). Average event tone was positive (4.22). Average Goldstein score was 1.75.,0
Australia,1993,1.237157038466841,4.319842900720749,0.011187484909277,1.097894797552662,False,Event volume around its typical baseline (1.1x). Average event tone was positive (4.32). Average Goldstein score was 1.24.,0
Australia,1994,0.6778611797951253,4.632990716698942,0.0116967402685112,1.1085987168911,False,Event volume around its typical baseline (1.1x). Average event tone was positive (4.63). Average Goldstein score was 0.68.,0
Australia,1995,0.7011275600214777,4.958074651672991,0.0118367761024675,1.0766099225635697,False,Event volume around its typical baseline (1.1x). Average event tone was positive (4.96). Average Goldstein score was 0.70.,0
Australia,1996,0.7419588434488144,5.357258413436836,0.0121310567538404,1.047703900838436,False,Event volume around its typical baseline (1.0x). Average event tone was positive (5.36). Average Goldstein score was 0.74.,0
Australia,1997,0.9701277561288416,5.417830073262999,0.009607359728407,0.8048243115090883,False,Event volume around its typical baseline (0.8x). Average event tone was positive (5.42). Average Goldstein score was 0.97.,0
Australia,1998,0.863782833707646,5.295065865639401,0.0087735455643973,0.7769780412280629,False,Event volume around its typical baseline (0.8x). Average event tone was positive (5.30). Average Goldstein score was 0.86.,0
Australia,1999,0.8426435765028109,5.553967930682533,0.0128651326961571,1.1902136009181816,False,Event volume around its typical baseline (1.2x). Average event tone was positive (5.55). Average Goldstein score was 0.84.,0
Australia,2000,0.964719282774838,5.402680500650182,0.010880242140484,0.9852815944542874,False,Event volume around its typical baseline (1.0x). Average event tone was positive (5.40). Average Goldstein score was 0.96.,0
Australia,2001,0.8221121903375832,5.298334373713239,0.0105935885797158,0.976235582894894,False,Event volume around its typical baseline (1.0x). Average event tone was positive (5.30). Average Goldstein score was 0.82.,0
Australia,2002,0.2977775026310899,5.119429685622243,0.0136100699358897,1.2907913343802284,False,Event volume around its typical baseline (1.3x). Average event tone was positive (5.12). Average Goldstein score was 0.30.,0
Australia,2003,0.4845358364489701,5.189158918376461,0.0130236523061506,1.1480130624252265,False,Event volume around its typical baseline (1.1x). Average event tone was positive (5.19). Average Goldstein score was 0.48.,0
Australia,2004,0.3442484380742373,5.295638159953673,0.0134334046313111,1.1015920068350349,False,Event volume around its typical baseline (1.1x). Average event tone was positive (5.30). Average Goldstein score was 0.34.,0
Australia,2005,0.5616988324994046,5.273968074286137,0.0188488648977301,1.5314081576547676,False,Event volume somewhat elevated above its typical baseline (1.5x). Average event tone was positive (5.27). Average Goldstein score was 0.56.,3
Australia,2006,0.7389173105033149,5.485025709864906,0.0199798414763608,1.4372005539040484,False,Event volume around its typical baseline (1.4x). Average event tone was positive (5.49). Average Goldstein score was 0.74.,0
Australia,2007,0.4032457724997778,5.3787426230452455,0.0329771108596953,2.089914606533687,False,Event volume somewhat elevated above its typical baseline (2.1x). Average event tone was positive (5.38). Average Goldstein score was 0.40.,3
Australia,2008,0.3270243944325633,5.3552046478951,0.0421092923285155,2.142685764265827,False,Event volume somewhat elevated above its typical baseline (2.1x). Average event tone was positive (5.36). Average Goldstein score was 0.33.,3
Australia,2009,0.597313471344769,5.532019845956097,0.0394441941136783,1.5486711550363956,False,Event volume somewhat elevated above its typical baseline (1.5x). Average event tone was positive (5.53). Average Goldstein score was 0.60.,3
Australia,2010,0.7652229597813354,5.696139103340584,0.0339824451023328,1.10793555681928,False,Event volume around its typical baseline (1.1x). Average event tone was positive (5.70). Average Goldstein score was 0.77.,0
Australia,2011,0.7013721847927575,5.630544085217217,0.0294505738460348,0.8739411768543154,False,Event volume around its typical baseline (0.9x). Average event tone was positive (5.63). Average Goldstein score was 0.70.,0
Australia,2012,0.6994754676295933,5.225417729328462,0.0293980995695473,0.8259581421465096,False,Event volume around its typical baseline (0.8x). Average event tone was positive (5.23). Average Goldstein score was 0.70.,0
Australia,2013,0.8340269417680234,2.622093377073909,0.0261596559937755,0.7500563481437968,False,Event volume around its typical baseline (0.8x). Average event tone was positive (2.62). Average Goldstein score was 0.83.,0
Australia,2014,0.7565316651686655,2.469740014253515,0.033782891946392,1.066143801444308,False,Event volume around its typical baseline (1.1x). Average event tone was positive (2.47). Average Goldstein score was 0.76.,0
Australia,2015,0.8490404512470179,-1.0489264909301792,0.0705300476207085,2.3083182218468363,False,Event volume somewhat elevated above its typical baseline (2.3x). Average event tone was negative (-1.05). Average Goldstein score was 0.85.,3
Australia,2016,0.7501590580224873,-1.5363335211355236,0.0470476536256512,1.2425348160829606,False,Event volume around its typical baseline (1.2x). Average event tone was negative (-1.54). Average Goldstein score was 0.75.,1
Australia,2017,0.7531282936836564,-1.3092514991435014,0.0396216164377634,0.957421530665492,False,Event volume around its typical baseline (1.0x). Average event tone was negative (-1.31). Average Goldstein score was 0.75.,1
Australia,2018,0.8667816331972277,-1.3784184174595493,0.0405829479833653,0.9344800429591928,False,Event volume around its typical baseline (0.9x). Average event tone was negative (-1.38). Average Goldstein score was 0.87.,1
Australia,2019,0.5341603569497018,-2.035510941813272,0.0290488705270819,0.6272288721328054,False,Event volume around its typical baseline (0.6x). Average event tone was negative (-2.04). Average Goldstein score was 0.53.,1
Australia,2020,0.7398956065848429,-2.0611233469035315,0.0394886163754278,0.8704408274346296,False,Event volume around its typical baseline (0.9x). Average event tone was negative (-2.06). Average Goldstein score was 0.74.,1
Australia,2021,0.8321436189588585,-1.774960598863695,0.0320010139865464,0.8172292305878597,False,Event volume around its typical baseline (0.8x). Average event tone was negative (-1.77). Average Goldstein score was 0.83.,1
Australia,2022,1.0087456435957256,-1.254931900857763,0.0208979407927222,0.5781118284360702,False,Event volume around its typical baseline (0.6x). Average event tone was negative (-1.25). Average Goldstein score was 1.01.,1
Australia,2023,0.9602737045821342,-1.2119786931425789,0.0508315392843443,1.5686869142453037,False,Event volume somewhat elevated above its typical baseline (1.6x). Average event tone was negative (-1.21). Average Goldstein score was 0.96.,3
Australia,2024,0.8722180475721502,-1.315386787018784,0.0629013296685851,1.8256825591098955,False,Event volume somewhat elevated above its typical baseline (1.8x). Average event tone was negative (-1.32). Average Goldstein score was 0.87.,3
Australia,2025,0.7267812500657049,-1.443017013688657,0.0577799558170086,1.4016066477162277,False,Event volume around its typical baseline (1.4x). Average event tone was negative (-1.44). Average Goldstein score was 0.73.,1
Brazil,1980,1.9306778476589803,4.4527099015276725,0.0045291024010695,1.0,True,Event volume around its typical baseline (1.0x). Average event tone was positive (4.45). Average Goldstein score was 1.93.,0
Brazil,1981,0.7520286396181385,4.556298261685704,0.0048652118751299,1.0742110564735936,False,Event volume around its typical baseline (1.1x). Average event tone was positive (4.56). Average Goldstein score was 0.75.,0
Brazil,1982,1.3587670727205603,4.826608149486177,0.0056926776558546,1.2119410716920662,False,Event volume around its typical baseline (1.2x). Average event tone was positive (4.83). Average Goldstein score was 1.36.,0
Brazil,1983,1.0106198526224532,4.291670095419085,0.0047861746117788,0.95171548443862,False,Event volume around its typical baseline (1.0x). Average event tone was positive (4.29). Average Goldstein score was 1.01.,0
Brazil,1984,1.002404488378306,4.723602014113415,0.0074527259130818,1.5000580600265812,False,Event volume somewhat elevated above its typical baseline (1.5x). Average event tone was positive (4.72). Average Goldstein score was 1.00.,3
Brazil,1985,1.054064798250844,4.900541497247999,0.0085792227819069,1.5697973625992123,False,Event volume somewhat elevated above its typical baseline (1.6x). Average event tone was positive (4.90). Average Goldstein score was 1.05.,3
Brazil,1986,1.4206038135593222,4.590985672393351,0.0066267749989584,1.0560256705060036,False,Event volume around its typical baseline (1.1x). Average event tone was positive (4.59). Average Goldstein score was 1.42.,0
Brazil,1987,1.380781584582441,3.9249985744840696,0.0068419710011355,1.0323584032018664,False,Event volume around its typical baseline (1.0x). Average event tone was positive (3.92). Average Goldstein score was 1.38.,0
Brazil,1988,1.7201607185062633,3.93840606830908,0.0075021193151761,1.0940222112484963,False,Event volume around its typical baseline (1.1x). Average event tone was positive (3.94). Average Goldstein score was 1.72.,0
Brazil,1989,0.9416066801036572,4.226544910935055,0.0062478596138288,0.8442411450243524,False,Event volume around its typical baseline (0.8x). Average event tone was positive (4.23). Average Goldstein score was 0.94.,0
Brazil,1990,0.967010974822466,4.101579360430906,0.005722612322475,0.7992933517688291,False,Event volume around its typical baseline (0.8x). Average event tone was positive (4.10). Average Goldstein score was 0.97.,0
Brazil,1991,1.311984681234512,4.10535350746243,0.0068280157549349,1.036390190050443,False,Event volume around its typical baseline (1.0x). Average event tone was positive (4.11). Average Goldstein score was 1.31.,0
Brazil,1992,1.1761224033951307,4.47821781542767,0.0089184279098968,1.3454638181533458,False,Event volume around its typical baseline (1.3x). Average event tone was positive (4.48). Average Goldstein score was 1.18.,0
Brazil,1993,-0.351749157812905,3.8778856279237455,0.006098111766316,0.8657408956274001,False,Event volume around its typical baseline (0.9x). Average event tone was positive (3.88). Average Goldstein score was -0.35.,0
Brazil,1994,0.8374777624036375,4.181967922998206,0.0057521184634427,0.8505269566895881,False,Event volume around its typical baseline (0.9x). Average event tone was positive (4.18). Average Goldstein score was 0.84.,0
Brazil,1995,1.5777821625887924,4.506127830960094,0.0077319486086432,1.1602812494649175,False,Event volume around its typical baseline (1.2x). Average event tone was positive (4.51). Average Goldstein score was 1.58.,0
Brazil,1996,1.7353912182238371,5.276060811888362,0.0075571995730511,1.0695576331003862,False,Event volume around its typical baseline (1.1x). Average event tone was positive (5.28). Average Goldstein score was 1.74.,0
Brazil,1997,1.7672205294229673,5.579188372475636,0.010704545324471,1.4843589248152298,False,Event volume around its typical baseline (1.5x). Average event tone was positive (5.58). Average Goldstein score was 1.77.,0
Brazil,1998,1.5237178354825414,5.1630659972654,0.0067562414418726,0.8926454731567741,False,Event volume around its typical baseline (0.9x). Average event tone was positive (5.16). Average Goldstein score was 1.52.,0
Brazil,1999,1.357810180738671,5.289024926197799,0.0080729147241104,1.0483745682124093,False,Event volume around its typical baseline (1.0x). Average event tone was positive (5.29). Average Goldstein score was 1.36.,0
Brazil,2000,1.0758836981378632,5.089942954723857,0.0057304216570701,0.7018644831377013,False,Event volume around its typical baseline (0.7x). Average event tone was positive (5.09). Average Goldstein score was 1.08.,0
Brazil,2001,0.9995293519048528,5.289570390844215,0.0051108679483044,0.6582552564078054,False,Event volume around its typical baseline (0.7x). Average event tone was positive (5.29). Average Goldstein score was 1.00.,0
Brazil,2002,1.0769801778285335,5.731958514275177,0.0045917081191356,0.6311627825610964,False,Event volume around its typical baseline (0.6x). Average event tone was positive (5.73). Average Goldstein score was 1.08.,0
Brazil,2003,1.4166725873297814,5.750786796214461,0.0076255379091737,1.259913279267477,False,Event volume around its typical baseline (1.3x). Average event tone was positive (5.75). Average Goldstein score was 1.42.,0
Brazil,2004,1.3431862719135643,5.55894756973235,0.0071145560784114,1.142663768736064,False,Event volume around its typical baseline (1.1x). Average event tone was positive (5.56). Average Goldstein score was 1.34.,0
Brazil,2005,0.4150364963503649,4.97860719400114,0.0083056558817791,1.376334908107825,False,Event volume around its typical baseline (1.4x). Average event tone was positive (4.98). Average Goldstein score was 0.42.,0
Brazil,2006,0.6400543502472487,5.025204684367769,0.0059446992775683,0.9076340709812168,False,Event volume around its typical baseline (0.9x). Average event tone was positive (5.03). Average Goldstein score was 0.64.,0
Brazil,2007,0.9124599918856784,5.096801629690943,0.0058368388719281,0.8690387019635815,False,Event volume around its typical baseline (0.9x). Average event tone was positive (5.10). Average Goldstein score was 0.91.,0
Brazil,2008,1.0546139495871232,3.84635849371819,0.0065453643784234,0.939689070087623,False,Event volume around its typical baseline (0.9x). Average event tone was positive (3.85). Average Goldstein score was 1.05.,0
Brazil,2009,1.3554460373602002,4.443376412872368,0.0079995940144696,1.1852263720633145,False,Event volume around its typical baseline (1.2x). Average event tone was positive (4.44). Average Goldstein score was 1.36.,0
Brazil,2010,1.617179475097772,5.7109407795971725,0.0047861909605288,0.6910039696505684,False,Event volume around its typical baseline (0.7x). Average event tone was positive (5.71). Average Goldstein score was 1.62.,0
Brazil,2011,1.2584486821521217,5.682969479629756,0.0042862581964986,0.6888280217028202,False,Event volume around its typical baseline (0.7x). Average event tone was positive (5.68). Average Goldstein score was 1.26.,0
Brazil,2012,1.402323340266778,5.466578987110863,0.0038138041642882,0.6474116006341293,False,Event volume around its typical baseline (0.6x). Average event tone was positive (5.47). Average Goldstein score was 1.40.,0
Brazil,2013,1.2287431271038551,2.413828745492792,0.0056922761449256,1.0375546301473029,False,Event volume around its typical baseline (1.0x). Average event tone was positive (2.41). Average Goldstein score was 1.23.,0
Brazil,2014,1.286266224958693,2.39190878806344,0.0031903941660096,0.6001917645399343,False,Event volume around its typical baseline (0.6x). Average event tone was positive (2.39). Average Goldstein score was 1.29.,0
Brazil,2015,1.0215169607919652,-1.2060646607980146,0.0030734130422743,0.7059175488403542,False,Event volume around its typical baseline (0.7x). Average event tone was negative (-1.21). Average Goldstein score was 1.02.,1
Brazil,2016,0.6510321356097017,-2.588520283989248,0.0053425672568337,1.3319027825733674,False,Event volume around its typical baseline (1.3x). Average event tone was negative (-2.59). Average Goldstein score was 0.65.,1
Brazil,2017,0.566994078682223,-2.1667003999781342,0.0039131671046472,0.9267437506615516,False,Event volume around its typical baseline (0.9x). Average event tone was negative (-2.17). Average Goldstein score was 0.57.,1
Brazil,2018,0.7504998792308579,-1.857564959564306,0.0039448198325457,0.9298636933443268,False,Event volume around its typical baseline (0.9x). Average event tone was negative (-1.86). Average Goldstein score was 0.75.,1
Brazil,2019,0.7295867086368464,-2.192777418960896,0.0049456996483644,1.2704500153232057,False,Event volume around its typical baseline (1.3x). Average event tone was negative (-2.19). Average Goldstein score was 0.73.,1
Brazil,2020,0.8099356290391654,-2.576545417145251,0.0043600631394177,1.0273637100704422,False,Event volume around its typical baseline (1.0x). Average event tone was negative (-2.58). Average Goldstein score was 0.81.,1
Brazil,2021,0.7552016186658039,-2.0975514618263555,0.0043570184969968,0.9679545748241292,False,Event volume around its typical baseline (1.0x). Average event tone was negative (-2.10). Average Goldstein score was 0.76.,1
Brazil,2022,0.9641681322546596,-1.598369398578788,0.0039566804313746,0.9192702580512356,False,Event volume around its typical baseline (0.9x). Average event tone was negative (-1.60). Average Goldstein score was 0.96.,1
Brazil,2023,1.1473195642437968,-1.4141246828069864,0.0043248406358413,1.0027787445815035,False,Event volume around its typical baseline (1.0x). Average event tone was negative (-1.41). Average Goldstein score was 1.15.,1
Brazil,2024,1.0953773617137603,-1.3403125464529806,0.0037348103831592,0.8509749645378247,False,Event volume around its typical baseline (0.9x). Average event tone was negative (-1.34). Average Goldstein score was 1.10.,1
Brazil,2025,1.0927764570174583,-1.3283196061260716,0.0046083335977535,1.1113301940358584,False,Event volume around its typical baseline (1.1x). Average event tone was negative (-1.33). Average Goldstein score was 1.09.,1
Canada,1980,1.2328091684434974,5.325430241129495,0.0109250910968011,1.0,True,Event volume around its typical baseline (1.0x). Average event tone was positive (5.33). Average Goldstein score was 1.23.,0
Canada,1981,0.982673429319372,5.244204613434063,0.014165026047934,1.296559078768833,False,Event volume around its typical baseline (1.3x). Average event tone was positive (5.24). Average Goldstein score was 0.98.,0
Canada,1982,0.7752724077328649,4.968365731339467,0.011495363711416,0.9163260294962978,False,Event volume around its typical baseline (0.9x). Average event tone was positive (4.97). Average Goldstein score was 0.78.,0
Canada,1983,0.7863829787234041,5.064029796499745,0.0174780006272183,1.4331915463354947,False,Event volume around its typical baseline (1.4x). Average event tone was positive (5.06). Average Goldstein score was 0.79.,0
Canada,1984,0.911743341404358,5.390587073837878,0.0174616936144603,1.2919400035183968,False,Event volume around its typical baseline (1.3x). Average event tone was positive (5.39). Average Goldstein score was 0.91.,0
Canada,1985,0.9126417424497588,4.959145407599603,0.0157885879115933,1.1037084418177334,False,Event volume around its typical baseline (1.1x). Average event tone was positive (4.96). Average Goldstein score was 0.91.,0
Canada,1986,0.8900370326125908,4.692676253309513,0.0137442351854945,0.8996252219973161,False,Event volume around its typical baseline (0.9x). Average event tone was positive (4.69). Average Goldstein score was 0.89.,0
Canada,1987,1.4391806831080391,4.951999899466194,0.01641966063758,1.0806975533998089,False,Event volume around its typical baseline (1.1x). Average event tone was positive (4.95). Average Goldstein score was 1.44.,0
Canada,1988,1.304265402843602,5.060063124633725,0.0133971488159645,0.8280867910295333,False,Event volume around its typical baseline (0.8x). Average event tone was positive (5.06). Average Goldstein score was 1.30.,0
Canada,1989,1.133077270673294,4.659374452577401,0.0121656654760467,0.7919187236722541,False,Event volume around its typical baseline (0.8x). Average event tone was positive (4.66). Average Goldstein score was 1.13.,0
Canada,1990,1.11170922809054,4.985138813631436,0.0124648117839607,0.871478699516197,False,Event volume around its typical baseline (0.9x). Average event tone was positive (4.99). Average Goldstein score was 1.11.,0
Canada,1991,1.2848967989123712,5.006559285427141,0.0107039688081458,0.7848460123820368,False,Event volume around its typical baseline (0.8x). Average event tone was positive (5.01). Average Goldstein score was 1.28.,0
Canada,1992,1.6845037137069547,4.98320834950002,0.0109510019349531,0.8404290790149133,False,Event volume around its typical baseline (0.8x). Average event tone was positive (4.98). Average Goldstein score was 1.68.,0
Canada,1993,1.361631378935939,5.4580280298831445,0.0105393780715953,0.8829523708180562,False,Event volume around its typical baseline (0.9x). Average event tone was positive (5.46). Average Goldstein score was 1.36.,0
Canada,1994,1.0885732061385307,5.161421425855921,0.0098080329000319,0.8630059762205289,False,Event volume around its typical baseline (0.9x). Average event tone was positive (5.16). Average Goldstein score was 1.09.,0
Canada,1995,0.6828100874935664,4.911830110925806,0.0132078426582931,1.2124585286932006,False,Event volume around its typical baseline (1.2x). Average event tone was positive (4.91). Average Goldstein score was 0.68.,0
Canada,1996,1.3493031846420784,5.459825493334061,0.0104833860915343,0.9494062205493768,False,Event volume around its typical baseline (0.9x). Average event tone was positive (5.46). Average Goldstein score was 1.35.,0
Canada,1997,1.665595942519019,5.554378718993298,0.0101633030078282,0.9241106780920324,False,Event volume around its typical baseline (0.9x). Average event tone was positive (5.55). Average Goldstein score was 1.67.,0
Canada,1998,1.2301165039384934,5.2559337439677485,0.0092785494232075,0.8559240643412187,False,Event volume around its typical baseline (0.9x). Average event tone was positive (5.26). Average Goldstein score was 1.23.,0
Canada,1999,1.350518395380375,5.653759263016968,0.0084983297759024,0.8026209802571176,False,Event volume around its typical baseline (0.8x). Average event tone was positive (5.65). Average Goldstein score was 1.35.,0
Canada,2000,1.0833066366509374,5.51298554473497,0.0085650102271249,0.8294379398518642,False,Event volume around its typical baseline (0.8x). Average event tone was positive (5.51). Average Goldstein score was 1.08.,0
Canada,2001,0.9057440289416367,5.539556969851926,0.0086660241700515,0.9221415546046674,False,Event volume around its typical baseline (0.9x). Average event tone was positive (5.54). Average Goldstein score was 0.91.,0
Canada,2002,1.0329914793538189,5.619755689723155,0.0102119179881082,1.1303567576678977,False,Event volume around its typical baseline (1.1x). Average event tone was positive (5.62). Average Goldstein score was 1.03.,0
Canada,2003,0.7704920924216593,5.491943502022102,0.0109129641233646,1.2066568738759558,False,Event volume around its typical baseline (1.2x). Average event tone was positive (5.49). Average Goldstein score was 0.77.,0
Canada,2004,0.9015286282572744,5.7529868865581175,0.0086176899690599,0.9196274246653776,False,Event volume around its typical baseline (0.9x). Average event tone was positive (5.75). Average Goldstein score was 0.90.,0
Canada,2005,0.8699189174676475,5.780096554475632,0.0102943902997491,1.0957632457531397,False,Event volume around its typical baseline (1.1x). Average event tone was positive (5.78). Average Goldstein score was 0.87.,0
Canada,2006,0.3790382708075876,5.666459995313242,0.0164033340805222,1.6840172689994837,False,Event volume somewhat elevated above its typical baseline (1.7x). Average event tone was positive (5.67). Average Goldstein score was 0.38.,3
Canada,2007,0.8357320235852518,6.016631811659364,0.0219740483562088,1.9466630877345856,False,Event volume somewhat elevated above its typical baseline (1.9x). Average event tone was positive (6.02). Average Goldstein score was 0.84.,3
Canada,2008,0.6459893401992396,5.759404818097711,0.035585525803911,2.608816684278865,False,A notable spike in event volume above its typical baseline (2.6x). Average event tone was positive (5.76). Average Goldstein score was 0.65.,2
Canada,2009,0.9200943592999838,5.862525743698209,0.0328643953100806,1.7692812584701545,False,Event volume somewhat elevated above its typical baseline (1.8x). Average event tone was positive (5.86). Average Goldstein score was 0.92.,3
Canada,2010,0.9649971579164948,5.95987718586583,0.0255902559317004,1.0924643885517589,False,Event volume around its typical baseline (1.1x). Average event tone was positive (5.96). Average Goldstein score was 0.96.,0
Canada,2011,0.9776010322191778,6.090354735898406,0.0200670747150994,0.7577195499424337,False,Event volume around its typical baseline (0.8x). Average event tone was positive (6.09). Average Goldstein score was 0.98.,0
Canada,2012,0.865187430742218,5.478054194822586,0.0260779292262572,0.9581746060566688,False,Event volume around its typical baseline (1.0x). Average event tone was positive (5.48). Average Goldstein score was 0.87.,0
Canada,2013,0.9882721880233836,2.6349399582029887,0.0262693685992132,0.9369524087442648,False,Event volume around its typical baseline (0.9x). Average event tone was positive (2.63). Average Goldstein score was 0.99.,0
Canada,2014,0.7766909344074796,2.60891774927768,0.0272223227919055,1.040059824897113,False,Event volume around its typical baseline (1.0x). Average event tone was positive (2.61). Average Goldstein score was 0.78.,0
Canada,2015,0.9875598659584844,-0.8368381262451317,0.0303089681898958,1.210161546053962,False,Event volume around its typical baseline (1.2x). Average event tone was negative (-0.84). Average Goldstein score was 0.99.,1
Canada,2016,1.0676703155156084,-1.0639074206729269,0.0308637434212812,1.18756342399867,False,Event volume around its typical baseline (1.2x). Average event tone was negative (-1.06). Average Goldstein score was 1.07.,1
Canada,2017,0.99481769789439,-1.0994242750078658,0.0291315506387973,1.0349249645618464,False,Event volume around its typical baseline (1.0x). Average event tone was negative (-1.10). Average Goldstein score was 0.99.,1
Canada,2018,1.010447574977398,-1.2715337299477474,0.0362516821411075,1.2605251129524024,False,Event volume around its typical baseline (1.3x). Average event tone was negative (-1.27). Average Goldstein score was 1.01.,1
Canada,2019,0.9394268120993426,-1.428417538004714,0.0403744979772995,1.3127504528730354,False,Event volume around its typical baseline (1.3x). Average event tone was negative (-1.43). Average Goldstein score was 0.94.,1
Canada,2020,1.0679952562955972,-1.460753109319122,0.0392207519923662,1.17476331566336,False,Event volume around its typical baseline (1.2x). Average event tone was negative (-1.46). Average Goldstein score was 1.07.,1
Canada,2021,0.9616355078025076,-1.329205319103914,0.0334748788472775,0.9518441496171868,False,Event volume around its typical baseline (1.0x). Average event tone was negative (-1.33). Average Goldstein score was 0.96.,1
Canada,2022,0.986708086542558,-1.4089816800761312,0.0292338737051942,0.819090025640361,False,Event volume around its typical baseline (0.8x). Average event tone was negative (-1.41). Average Goldstein score was 0.99.,1
Canada,2023,0.7900223344462355,-1.2439386657116311,0.0395898740119297,1.1086142142882771,False,Event volume around its typical baseline (1.1x). Average event tone was negative (-1.24). Average Goldstein score was 0.79.,1
Canada,2024,0.8573914022037066,-1.2082203403658458,0.0397852110419416,1.0936379992564007,False,Event volume around its typical baseline (1.1x). Average event tone was negative (-1.21). Average Goldstein score was 0.86.,1
Canada,2025,1.071903527720417,-0.7912698195188228,0.0421455520331643,1.1622858562612013,False,Event volume around its typical baseline (1.2x). Average event tone was negative (-0.79). Average Goldstein score was 1.07.,1
China,1980,1.4580509966894413,5.731754343724625,0.0852728409006874,1.0,True,Event volume around its typical baseline (1.0x). Average event tone was positive (5.73). Average Goldstein score was 1.46.,0
China,1981,1.6829346807383556,6.092362983691803,0.0571735666590953,0.670478033277702,False,Event volume around its typical baseline (0.7x). Average event tone was positive (6.09). Average Goldstein score was 1.68.,0
China,1982,1.7401035699555472,6.250642895795914,0.0474480621557739,0.6661882594106231,False,Event volume around its typical baseline (0.7x). Average event tone was positive (6.25). Average Goldstein score was 1.74.,0
China,1983,1.6657271757058312,5.7979971217989705,0.0458845544361161,0.7248955881366116,False,Event volume around its typical baseline (0.7x). Average event tone was positive (5.80). Average Goldstein score was 1.67.,0
China,1984,1.734516408575412,6.060272698395394,0.0565456771806261,0.9592995370826756,False,Event volume around its typical baseline (1.0x). Average event tone was positive (6.06). Average Goldstein score was 1.73.,0
China,1985,1.7740199186840235,5.79242858184417,0.0482537793937749,0.8253455690513581,False,Event volume around its typical baseline (0.8x). Average event tone was positive (5.79). Average Goldstein score was 1.77.,0
China,1986,1.791868946550281,5.903729023398063,0.0447100054749693,0.8756172700600796,False,Event volume around its typical baseline (0.9x). Average event tone was positive (5.90). Average Goldstein score was 1.79.,0
China,1987,1.153905904874098,5.670916474362209,0.0494145093069567,1.017420654267141,False,Event volume around its typical baseline (1.0x). Average event tone was positive (5.67). Average Goldstein score was 1.15.,0
China,1988,1.347105693000279,5.494966051020326,0.0438036510208807,0.894651256100837,False,Event volume around its typical baseline (0.9x). Average event tone was positive (5.49). Average Goldstein score was 1.35.,0
China,1989,0.4586345288894015,5.818025383221498,0.0844772163647102,1.740164871582465,False,Event volume somewhat elevated above its typical baseline (1.7x). Average event tone was positive (5.82). Average Goldstein score was 0.46.,3
China,1990,1.4390666180107865,6.243638293038776,0.0441134047832743,0.8149253941526876,False,Event volume around its typical baseline (0.8x). Average event tone was positive (6.24). Average Goldstein score was 1.44.,0
China,1991,1.6876959082781111,6.291519166367958,0.0506313844729945,0.9498652056063664,False,Event volume around its typical baseline (0.9x). Average event tone was positive (6.29). Average Goldstein score was 1.69.,0
China,1992,1.8355778689914857,6.599846039748474,0.0555068695091058,1.018698350072469,False,Event volume around its typical baseline (1.0x). Average event tone was positive (6.60). Average Goldstein score was 1.84.,0
China,1993,1.3192151041071911,5.9472794484665,0.0401156494617828,0.7201250427757937,False,Event volume around its typical baseline (0.7x). Average event tone was positive (5.95). Average Goldstein score was 1.32.,0
China,1994,1.2259770169523725,5.9133165614274015,0.0479009598725672,0.8714192131660269,False,Event volume around its typical baseline (0.9x). Average event tone was positive (5.91). Average Goldstein score was 1.23.,0
China,1995,1.1697628577447403,5.9386748351619305,0.0709128033189266,1.4880874378380669,False,Event volume around its typical baseline (1.5x). Average event tone was positive (5.94). Average Goldstein score was 1.17.,0
China,1996,1.3366345825414483,6.254767008728296,0.0789774869672122,1.4897608593629872,False,Event volume around its typical baseline (1.5x). Average event tone was positive (6.25). Average Goldstein score was 1.34.,0
China,1997,1.8292322327237007,6.647705266711678,0.0922855743941099,1.5726183312370268,False,Event volume somewhat elevated above its typical baseline (1.6x). Average event tone was positive (6.65). Average Goldstein score was 1.83.,3
China,1998,1.5802470961650033,6.4532251620887,0.0865384548106384,1.3104243982073966,False,Event volume around its typical baseline (1.3x). Average event tone was positive (6.45). Average Goldstein score was 1.58.,0
China,1999,1.2313965294205558,6.400017546579215,0.0865768725531403,1.1494073302000702,False,Event volume around its typical baseline (1.1x). Average event tone was positive (6.40). Average Goldstein score was 1.23.,0
China,2000,1.3688438300051209,6.46657152045285,0.064632986123427,0.7781646632728834,False,Event volume around its typical baseline (0.8x). Average event tone was positive (6.47). Average Goldstein score was 1.37.,0
China,2001,1.4219356392426028,6.495857096659003,0.0663736534134652,0.8113912900105266,False,Event volume around its typical baseline (0.8x). Average event tone was positive (6.50). Average Goldstein score was 1.42.,0
China,2002,1.506290580006852,6.479000793418727,0.0561158096871433,0.7078045173390627,False,Event volume around its typical baseline (0.7x). Average event tone was positive (6.48). Average Goldstein score was 1.51.,0
China,2003,1.58452735584722,6.329642507774111,0.0679494814865126,0.943119876684404,False,Event volume around its typical baseline (0.9x). Average event tone was positive (6.33). Average Goldstein score was 1.58.,0
China,2004,1.458089795918368,6.231408671971112,0.0630768438154157,0.92312402696655,False,Event volume around its typical baseline (0.9x). Average event tone was positive (6.23). Average Goldstein score was 1.46.,0
China,2005,1.490889615409693,6.217927108477804,0.0645569598806444,1.0145718772111123,False,Event volume around its typical baseline (1.0x). Average event tone was positive (6.22). Average Goldstein score was 1.49.,0
China,2006,1.5243003422387675,6.281908051788228,0.0630711353487736,0.991457704081916,False,Event volume around its typical baseline (1.0x). Average event tone was positive (6.28). Average Goldstein score was 1.52.,0
China,2007,1.26748770856998,6.017798036330638,0.0528437867788348,0.8394025499513504,False,Event volume around its typical baseline (0.8x). Average event tone was positive (6.02). Average Goldstein score was 1.27.,0
China,2008,1.073925062196869,5.567794565113532,0.054133057155908,0.8689144252763527,False,Event volume around its typical baseline (0.9x). Average event tone was positive (5.57). Average Goldstein score was 1.07.,0
China,2009,1.2414384477502238,5.814841993074695,0.0521472460822028,0.875889104805929,False,Event volume around its typical baseline (0.9x). Average event tone was positive (5.81). Average Goldstein score was 1.24.,0
China,2010,1.3881663045183943,6.016749305177179,0.0503130066570564,0.8772907277730051,False,Event volume around its typical baseline (0.9x). Average event tone was positive (6.02). Average Goldstein score was 1.39.,0
China,2011,1.234309895138837,5.989870281070984,0.0366621145914196,0.6726790291670075,False,Event volume around its typical baseline (0.7x). Average event tone was positive (5.99). Average Goldstein score was 1.23.,0
China,2012,1.0095131735203955,5.360253937946032,0.0367961537939052,0.7475878042173012,False,Event volume around its typical baseline (0.7x). Average event tone was positive (5.36). Average Goldstein score was 1.01.,0
China,2013,1.246722677300513,2.586388521211365,0.0352447023642465,0.7660173998300961,False,Event volume around its typical baseline (0.8x). Average event tone was positive (2.59). Average Goldstein score was 1.25.,0
China,2014,1.0610153028158351,2.4546917903862706,0.0395684835188312,0.936917017676712,False,Event volume around its typical baseline (0.9x). Average event tone was positive (2.45). Average Goldstein score was 1.06.,0
China,2015,1.3267608954629733,-0.6976386001442169,0.0349474815472217,0.8799148076429723,False,Event volume around its typical baseline (0.9x). Average event tone was negative (-0.70). Average Goldstein score was 1.33.,1
China,2016,1.2200948804984548,-1.0568209328986746,0.0341078362812293,0.9307945199384968,False,Event volume around its typical baseline (0.9x). Average event tone was negative (-1.06). Average Goldstein score was 1.22.,1
China,2017,1.234474465269067,-0.95723979391872,0.0320434746086001,0.8868218900986852,False,Event volume around its typical baseline (0.9x). Average event tone was negative (-0.96). Average Goldstein score was 1.23.,1
China,2018,1.333688802685915,-0.9515892653345136,0.0343354146926617,0.9759260006210976,False,Event volume around its typical baseline (1.0x). Average event tone was negative (-0.95). Average Goldstein score was 1.33.,1
China,2019,1.0249927415719855,-1.499164688484213,0.038158108822548,1.0902149184431824,False,Event volume around its typical baseline (1.1x). Average event tone was negative (-1.50). Average Goldstein score was 1.02.,1
China,2020,0.7968418552652154,-2.442935232709724,0.0568885664947632,1.638568106620802,False,Event volume somewhat elevated above its typical baseline (1.6x). Average event tone was negative (-2.44). Average Goldstein score was 0.80.,3
China,2021,0.8848065625782063,-1.6237898298414348,0.0415164958089272,1.0616215853116986,False,Event volume around its typical baseline (1.1x). Average event tone was negative (-1.62). Average Goldstein score was 0.88.,1
China,2022,1.0290902692100086,-1.4529430577747846,0.039158139839033,0.9647615619094898,False,Event volume around its typical baseline (1.0x). Average event tone was negative (-1.45). Average Goldstein score was 1.03.,1
China,2023,1.3036350080980568,-0.9058892923161028,0.0435804136670981,1.0373486859465424,False,Event volume around its typical baseline (1.0x). Average event tone was negative (-0.91). Average Goldstein score was 1.30.,1
China,2024,1.2211891268539117,-0.672833195619289,0.0326544203723873,0.7445089733591503,False,Event volume around its typical baseline (0.7x). Average event tone was negative (-0.67). Average Goldstein score was 1.22.,1
China,2025,1.318234330889507,-0.6492285986241265,0.0352584590927923,0.8245739699578769,False,Event volume around its typical baseline (0.8x). Average event tone was negative (-0.65). Average Goldstein score was 1.32.,1
Colombia,1980,0.8578725200506547,4.80086766835203,0.0073979447575657,1.0,True,Event volume around its typical baseline (1.0x). Average event tone was positive (4.80). Average Goldstein score was 0.86.,0
Colombia,1981,-0.5659428571428572,3.710601486570365,0.0044864558070012,0.6064462433857725,False,Event volume around its typical baseline (0.6x). Average event tone was positive (3.71). Average Goldstein score was -0.57.,0
Colombia,1982,0.3273445732349841,5.037038001368484,0.0038065990646201,0.6406043020746754,False,Event volume around its typical baseline (0.6x). Average event tone was positive (5.04). Average Goldstein score was 0.33.,0
Colombia,1983,0.8251963977773522,4.584624589359192,0.010186067860043,1.947498840245156,False,Event volume somewhat elevated above its typical baseline (1.9x). Average event tone was positive (4.58). Average Goldstein score was 0.83.,3
Colombia,1984,0.5224294914501442,4.911698843552911,0.0092134938581673,1.4241944319234567,False,Event volume around its typical baseline (1.4x). Average event tone was positive (4.91). Average Goldstein score was 0.52.,0
Colombia,1985,-0.1967642842514847,4.5943558464265735,0.0090306234939719,1.2867596224193365,False,Event volume around its typical baseline (1.3x). Average event tone was positive (4.59). Average Goldstein score was -0.20.,0
Colombia,1986,-0.508498152575527,4.699119691717836,0.0077878388347447,1.0603420091708395,False,Event volume around its typical baseline (1.1x). Average event tone was positive (4.70). Average Goldstein score was -0.51.,0
Colombia,1987,-0.506040268456376,4.135963588465642,0.0052130478431888,0.6512300976151985,False,Event volume around its typical baseline (0.7x). Average event tone was positive (4.14). Average Goldstein score was -0.51.,0
Colombia,1988,-1.3051825430130093,4.237980755792747,0.0072559671197471,0.8756673178757597,False,Event volume around its typical baseline (0.9x). Average event tone was positive (4.24). Average Goldstein score was -1.31.,0
Colombia,1989,-1.6963201143265447,4.204924972141763,0.0196100733397634,2.546698531766143,False,A notable spike in event volume above its typical baseline (2.5x). Average event tone was positive (4.20). Average Goldstein score was -1.70.,2
Colombia,1990,-1.6067893698938864,4.467470595660328,0.0188192809249775,1.9243582430984152,False,Event volume somewhat elevated above its typical baseline (1.9x). Average event tone was positive (4.47). Average Goldstein score was -1.61.,3
Colombia,1991,-0.1717910447761194,4.3371962147787,0.0095829635715791,0.8164578942795395,False,Event volume around its typical baseline (0.8x). Average event tone was positive (4.34). Average Goldstein score was -0.17.,0
Colombia,1992,-0.3269135802469135,4.317496983133929,0.0069995956346453,0.578657522138092,False,Event volume around its typical baseline (0.6x). Average event tone was positive (4.32). Average Goldstein score was -0.33.,0
Colombia,1993,-1.127104208416834,4.235474392409738,0.0088310137840337,0.7091146912547174,False,Event volume around its typical baseline (0.7x). Average event tone was positive (4.24). Average Goldstein score was -1.13.,0
Colombia,1994,-0.5566479750778813,4.47357143642246,0.0084227007650463,0.6596424323875894,False,Event volume around its typical baseline (0.7x). Average event tone was positive (4.47). Average Goldstein score was -0.56.,0
Colombia,1995,-0.4938361947649873,4.562459183846274,0.0100370050075448,0.9530813100809798,False,Event volume around its typical baseline (1.0x). Average event tone was positive (4.56). Average Goldstein score was -0.49.,0
Colombia,1996,-0.0988315895692814,5.191427212281969,0.0108028763277295,1.2311453158222934,False,Event volume around its typical baseline (1.2x). Average event tone was positive (5.19). Average Goldstein score was -0.10.,0
Colombia,1997,-0.0513357529600761,5.053631262128815,0.0078047523611597,0.8654025251097256,False,Event volume around its typical baseline (0.9x). Average event tone was positive (5.05). Average Goldstein score was -0.05.,0
Colombia,1998,-0.1612737153208122,5.206438526846183,0.0089252041531013,0.9722794495086906,False,Event volume around its typical baseline (1.0x). Average event tone was positive (5.21). Average Goldstein score was -0.16.,0
Colombia,1999,0.3179492281888735,5.341086271660736,0.0136843744571942,1.4876733128246686,False,Event volume around its typical baseline (1.5x). Average event tone was positive (5.34). Average Goldstein score was 0.32.,0
Colombia,2000,0.0103548050469594,5.2829065434633256,0.0170238475271639,1.6607266760129955,False,Event volume somewhat elevated above its typical baseline (1.7x). Average event tone was positive (5.28). Average Goldstein score was 0.01.,3
Colombia,2001,0.1564988099127268,5.561698756391368,0.0142730436630509,1.225342132419073,False,Event volume around its typical baseline (1.2x). Average event tone was positive (5.56). Average Goldstein score was 0.16.,0
Colombia,2002,-0.524792408066429,5.324843220580937,0.0140574909535872,1.1389736308219314,False,Event volume around its typical baseline (1.1x). Average event tone was positive (5.32). Average Goldstein score was -0.52.,0
Colombia,2003,-0.2876304742455187,5.028668158759793,0.0110494141527104,0.8128877444833335,False,Event volume around its typical baseline (0.8x). Average event tone was positive (5.03). Average Goldstein score was -0.29.,0
Colombia,2004,-0.3496551106333421,5.324741136281965,0.0084303528195055,0.6014105325369555,False,Event volume around its typical baseline (0.6x). Average event tone was positive (5.32). Average Goldstein score was -0.35.,0
Colombia,2005,-0.7150088056878217,4.788911125633071,0.0083293759539462,0.642360242828295,False,Event volume around its typical baseline (0.6x). Average event tone was positive (4.79). Average Goldstein score was -0.72.,0
Colombia,2006,-0.1536049714154776,5.361252050221714,0.0032212032414632,0.2868918546074157,False,Event volume around its typical baseline (0.3x). Average event tone was positive (5.36). Average Goldstein score was -0.15.,0
Colombia,2007,0.4129723551682264,5.5126516663135465,0.0050990985894009,0.5654627627948365,False,Event volume around its typical baseline (0.6x). Average event tone was positive (5.51). Average Goldstein score was 0.41.,0
Colombia,2008,0.5511394861953154,5.305271578348777,0.0090807161382425,1.256691903143138,False,Event volume around its typical baseline (1.3x). Average event tone was positive (5.31). Average Goldstein score was 0.55.,0
Colombia,2009,0.3510094471434245,4.795451651802589,0.0042237695670996,0.6182197360805239,False,Event volume around its typical baseline (0.6x). Average event tone was positive (4.80). Average Goldstein score was 0.35.,0
Colombia,2010,-0.0846370151915229,5.3972641446591085,0.0034335117106511,0.5731276241080615,False,Event volume around its typical baseline (0.6x). Average event tone was positive (5.40). Average Goldstein score was -0.08.,0
Colombia,2011,0.0947404166600856,5.318174744611334,0.0023594251827199,0.4707871750345983,False,Event volume around its typical baseline (0.5x). Average event tone was positive (5.32). Average Goldstein score was 0.09.,0
Colombia,2012,0.5336680553620952,4.867881837221242,0.0033056232783836,0.6830782104345358,False,Event volume around its typical baseline (0.7x). Average event tone was positive (4.87). Average Goldstein score was 0.53.,0
Colombia,2013,0.9019350934013798,2.653666153640424,0.0022499383485871,0.5021501006895029,False,Event volume around its typical baseline (0.5x). Average event tone was positive (2.65). Average Goldstein score was 0.90.,0
Colombia,2014,0.7010913702488814,2.7595332060130224,0.0020710703389601,0.6649867338947347,False,Event volume around its typical baseline (0.7x). Average event tone was positive (2.76). Average Goldstein score was 0.70.,0
Colombia,2015,0.6509489486138058,-1.8933868048573976,0.0018603030357717,0.6931307016179817,False,Event volume around its typical baseline (0.7x). Average event tone was negative (-1.89). Average Goldstein score was 0.65.,1
Colombia,2016,1.203812164362935,-1.7403255897200565,0.0028492327607462,1.2025772964816734,False,Event volume around its typical baseline (1.2x). Average event tone was negative (-1.74). Average Goldstein score was 1.20.,1
Colombia,2017,0.7998096715071193,-2.3835614291006344,0.0024231705191454,0.9821407124996816,False,Event volume around its typical baseline (1.0x). Average event tone was negative (-2.38). Average Goldstein score was 0.80.,1
Colombia,2018,0.5950266835558695,-2.522839733275776,0.0018379535595684,0.8023394850724218,False,Event volume around its typical baseline (0.8x). Average event tone was negative (-2.52). Average Goldstein score was 0.60.,1
Colombia,2019,0.416859849126971,-2.695667265699073,0.0018119259694817,0.8204900565098459,False,Event volume around its typical baseline (0.8x). Average event tone was negative (-2.70). Average Goldstein score was 0.42.,1
Colombia,2020,0.4472104532345926,-3.1372828569362152,0.0013538864947728,0.6278116002371524,False,Event volume around its typical baseline (0.6x). Average event tone was negative (-3.14). Average Goldstein score was 0.45.,1
Colombia,2021,-0.0718250411485748,-3.367857537940711,0.0017372343644862,0.8452733276096539,False,Event volume around its typical baseline (0.8x). Average event tone was negative (-3.37). Average Goldstein score was -0.07.,1
Colombia,2022,0.7688609133870621,-2.11079768193899,0.0014422759425938,0.7869102165153756,False,Event volume around its typical baseline (0.8x). Average event tone was negative (-2.11). Average Goldstein score was 0.77.,1
Colombia,2023,0.8589374972353704,-2.2367418986888383,0.001468465863751,0.8972359018389662,False,Event volume around its typical baseline (0.9x). Average event tone was negative (-2.24). Average Goldstein score was 0.86.,1
Colombia,2024,0.7104029750264486,-1.9709555082255776,0.0013915615131216,0.8904524924523887,False,Event volume around its typical baseline (0.9x). Average event tone was negative (-1.97). Average Goldstein score was 0.71.,1
Colombia,2025,-0.0570214069062063,-3.5299305428543253,0.0019051206076228,1.2883885474234966,False,Event volume around its typical baseline (1.3x). Average event tone was negative (-3.53). Average Goldstein score was -0.06.,1
Egypt,1980,1.580646708885051,5.159660762134352,0.0276705174066303,1.0,True,Event volume around its typical baseline (1.0x). Average event tone was positive (5.16). Average Goldstein score was 1.58.,0
Egypt,1981,0.7393168329334512,5.154614833906627,0.0337633980731912,1.2201939550686165,False,Event volume around its typical baseline (1.2x). Average event tone was positive (5.15). Average Goldstein score was 0.74.,0
Egypt,1982,1.4449037776193867,5.028373132974105,0.0279272258451883,0.909179420750458,False,Event volume around its typical baseline (0.9x). Average event tone was positive (5.03). Average Goldstein score was 1.44.,0
Egypt,1983,1.7300069060773482,4.928540510623926,0.0170844314847006,0.5735523706852819,False,Event volume around its typical baseline (0.6x). Average event tone was positive (4.93). Average Goldstein score was 1.73.,0
Egypt,1984,1.53402052574721,5.083125628483927,0.0211580152679336,0.795073565182732,False,Event volume around its typical baseline (0.8x). Average event tone was positive (5.08). Average Goldstein score was 1.53.,0
Egypt,1985,1.2417752795107777,4.583164151769225,0.0259664128298693,1.0174640549319545,False,Event volume around its typical baseline (1.0x). Average event tone was positive (4.58). Average Goldstein score was 1.24.,0
Egypt,1986,1.4593423886036117,4.333497929197996,0.0201227217962276,0.7991582346756191,False,Event volume around its typical baseline (0.8x). Average event tone was positive (4.33). Average Goldstein score was 1.46.,0
Egypt,1987,1.8014636174636167,4.449455964123348,0.0202276131070917,0.9009365771517704,False,Event volume around its typical baseline (0.9x). Average event tone was positive (4.45). Average Goldstein score was 1.80.,0
Egypt,1988,1.9533630620587144,4.278987677459311,0.0212988709740408,1.0185077973668153,False,Event volume around its typical baseline (1.0x). Average event tone was positive (4.28). Average Goldstein score was 1.95.,0
Egypt,1989,2.064734126415365,4.385920237550176,0.0224502727286263,1.0319721750655364,False,Event volume around its typical baseline (1.0x). Average event tone was positive (4.39). Average Goldstein score was 2.06.,0
Egypt,1990,1.5970883475198123,4.053865194266642,0.0275748904492899,1.252653755380703,False,Event volume around its typical baseline (1.3x). Average event tone was positive (4.05). Average Goldstein score was 1.60.,0
Egypt,1991,2.1007704497022024,4.8658537198025895,0.0220637078598395,0.9878590784300056,False,Event volume around its typical baseline (1.0x). Average event tone was positive (4.87). Average Goldstein score was 2.10.,0
Egypt,1992,1.4097201210287436,4.186512381990267,0.0234881191368702,1.0336683414091374,False,Event volume around its typical baseline (1.0x). Average event tone was positive (4.19). Average Goldstein score was 1.41.,0
Egypt,1993,0.5021092963851692,4.114104987377064,0.0381812892551991,1.6334121040884717,False,Event volume somewhat elevated above its typical baseline (1.6x). Average event tone was positive (4.11). Average Goldstein score was 0.50.,3
Egypt,1994,0.6717111395944999,4.226924898685981,0.0372717605999778,1.3932505994715647,False,Event volume around its typical baseline (1.4x). Average event tone was positive (4.23). Average Goldstein score was 0.67.,0
Egypt,1995,0.4442225091570265,4.520384912811272,0.0384898371661472,1.2952583607203707,False,Event volume around its typical baseline (1.3x). Average event tone was positive (4.52). Average Goldstein score was 0.44.,0
Egypt,1996,1.3009958112700537,5.02050954465867,0.0311874077286394,0.9776940859968902,False,Event volume around its typical baseline (1.0x). Average event tone was positive (5.02). Average Goldstein score was 1.30.,0
Egypt,1997,1.2344353762714202,5.136635976878282,0.0269356426638099,0.7987159303339036,False,Event volume around its typical baseline (0.8x). Average event tone was positive (5.14). Average Goldstein score was 1.23.,0
Egypt,1998,1.7358694094036686,5.28772960568725,0.0210532557792942,0.6117787197086737,False,Event volume around its typical baseline (0.6x). Average event tone was positive (5.29). Average Goldstein score was 1.74.,0
Egypt,1999,1.7375566984874071,5.896491346881135,0.0186738863663039,0.6026248545931108,False,Event volume around its typical baseline (0.6x). Average event tone was positive (5.90). Average Goldstein score was 1.74.,0
Egypt,2000,1.6394003780836477,5.602170912750981,0.0238318416312953,0.87398549358546,False,Event volume around its typical baseline (0.9x). Average event tone was positive (5.60). Average Goldstein score was 1.64.,0
Egypt,2001,1.5728225393574806,5.370886706286051,0.0194604892543373,0.7996451319697067,False,Event volume around its typical baseline (0.8x). Average event tone was positive (5.37). Average Goldstein score was 1.57.,0
Egypt,2002,1.5205105904021288,5.565454525401392,0.0215533952446864,0.9800997028853357,False,Event volume around its typical baseline (1.0x). Average event tone was positive (5.57). Average Goldstein score was 1.52.,0
Egypt,2003,1.5826655699846572,5.431613804315014,0.0193705028794602,0.9261724957352612,False,Event volume around its typical baseline (0.9x). Average event tone was positive (5.43). Average Goldstein score was 1.58.,0
Egypt,2004,1.5685558372999986,5.306713021561458,0.0260673894011359,1.266758682593297,False,Event volume around its typical baseline (1.3x). Average event tone was positive (5.31). Average Goldstein score was 1.57.,0
Egypt,2005,0.7587292559566129,5.25586300907123,0.0269106639151382,1.2200662393425252,False,Event volume around its typical baseline (1.2x). Average event tone was positive (5.26). Average Goldstein score was 0.76.,0
Egypt,2006,0.9429959084236498,5.164356860270465,0.0150394505191857,0.6633348059116533,False,Event volume around its typical baseline (0.7x). Average event tone was positive (5.16). Average Goldstein score was 0.94.,0
Egypt,2007,0.9155850635146028,5.310000051494368,0.0124085597109689,0.5695061513697894,False,Event volume around its typical baseline (0.6x). Average event tone was positive (5.31). Average Goldstein score was 0.92.,0
Egypt,2008,0.6235669988259027,4.872523851303398,0.0137579992759893,0.689302235974537,False,Event volume around its typical baseline (0.7x). Average event tone was positive (4.87). Average Goldstein score was 0.62.,0
Egypt,2009,1.1462599418834662,5.333286100799228,0.0134143986673607,0.7121373969953505,False,Event volume around its typical baseline (0.7x). Average event tone was positive (5.33). Average Goldstein score was 1.15.,0
Egypt,2010,0.5284679992186992,5.40479021256625,0.0090378478997901,0.5542578840349314,False,Event volume around its typical baseline (0.6x). Average event tone was positive (5.40). Average Goldstein score was 0.53.,0
Egypt,2011,-0.1558865693759866,5.185965168762375,0.0387320240257387,3.042183874872678,False,A notable spike in event volume above its typical baseline (3.0x). Average event tone was positive (5.19). Average Goldstein score was -0.16.,2
Egypt,2012,0.13727916920932,5.010870880635373,0.0235520649156302,1.3481305803799597,False,Event volume around its typical baseline (1.3x). Average event tone was positive (5.01). Average Goldstein score was 0.14.,0
Egypt,2013,-0.799555519693448,2.6946777592808786,0.03050090884254,1.5483585380454332,False,Event volume somewhat elevated above its typical baseline (1.5x). Average event tone was positive (2.69). Average Goldstein score was -0.80.,3
Egypt,2014,-0.4630321875075667,2.459995804898683,0.0164480667934861,0.7136610601073802,False,Event volume around its typical baseline (0.7x). Average event tone was positive (2.46). Average Goldstein score was -0.46.,0
Egypt,2015,-0.214037477097246,-2.644067103202367,0.0132304690862676,0.5593289511831528,False,Event volume around its typical baseline (0.6x). Average event tone was negative (-2.64). Average Goldstein score was -0.21.,1
Egypt,2016,0.1373254551171454,-3.022019951023033,0.0086677463062976,0.3538909113182636,False,Event volume around its typical baseline (0.4x). Average event tone was negative (-3.02). Average Goldstein score was 0.14.,1
Egypt,2017,0.0432933819697758,-2.9790560371038146,0.0087259098648482,0.4721850720375835,False,Event volume around its typical baseline (0.5x). Average event tone was negative (-2.98). Average Goldstein score was 0.04.,1
Egypt,2018,0.5074208451805617,-2.41379247646429,0.0065806991071233,0.4241611480868271,False,Event volume around its typical baseline (0.4x). Average event tone was negative (-2.41). Average Goldstein score was 0.51.,1
Egypt,2019,0.6857393970906254,-2.279905197646229,0.0064339479740464,0.5995900533203951,False,Event volume around its typical baseline (0.6x). Average event tone was negative (-2.28). Average Goldstein score was 0.69.,1
Egypt,2020,0.8793225608688036,-2.3227319071248043,0.0048181346484806,0.5520474557691304,False,Event volume around its typical baseline (0.6x). Average event tone was negative (-2.32). Average Goldstein score was 0.88.,1
Egypt,2021,1.325246284328837,-1.5156756600517878,0.0057561227447419,0.8170174289197429,False,Event volume around its typical baseline (0.8x). Average event tone was negative (-1.52). Average Goldstein score was 1.33.,1
Egypt,2022,1.3314775735313458,-1.2100344130515543,0.0051687231275682,0.7997451375253216,False,Event volume around its typical baseline (0.8x). Average event tone was negative (-1.21). Average Goldstein score was 1.33.,1
Egypt,2023,1.1675816045547631,-2.105492945292333,0.0077632649150454,1.349774922761037,False,Event volume around its typical baseline (1.3x). Average event tone was negative (-2.11). Average Goldstein score was 1.17.,1
Egypt,2024,0.9257887330337282,-2.6679125319691464,0.0070805600868469,1.182450625804868,False,Event volume around its typical baseline (1.2x). Average event tone was negative (-2.67). Average Goldstein score was 0.93.,1
Egypt,2025,1.3954157502384332,-1.7760251757358356,0.0053545806782214,0.8753089096294251,False,Event volume around its typical baseline (0.9x). Average event tone was negative (-1.78). Average Goldstein score was 1.40.,1
France,1980,0.953763912014722,4.93578041197364,0.0305444347938305,1.0,True,Event volume around its typical baseline (1.0x). Average event tone was positive (4.94). Average Goldstein score was 0.95.,0
France,1981,0.8788584441342836,4.918884276494077,0.029104472985167,0.9528568193065968,False,Event volume around its typical baseline (1.0x). Average event tone was positive (4.92). Average Goldstein score was 0.88.,0
France,1982,0.7596846254927726,4.744629936323917,0.0290776875206265,0.974961272664404,False,Event volume around its typical baseline (1.0x). Average event tone was positive (4.74). Average Goldstein score was 0.76.,0
France,1983,0.2332220286488579,4.528158320909434,0.0413714898097783,1.398841790448606,False,Event volume around its typical baseline (1.4x). Average event tone was positive (4.53). Average Goldstein score was 0.23.,0
France,1984,0.5754480555139534,4.552899824135036,0.0389618321520397,1.197921771693284,False,Event volume around its typical baseline (1.2x). Average event tone was positive (4.55). Average Goldstein score was 0.58.,0
France,1985,0.6134869049894854,4.8099638690643,0.0361220591004427,1.0683212107746949,False,Event volume around its typical baseline (1.1x). Average event tone was positive (4.81). Average Goldstein score was 0.61.,0
France,1986,0.4791989755993454,4.565064897793643,0.0458458196441564,1.312599204973656,False,Event volume around its typical baseline (1.3x). Average event tone was positive (4.57). Average Goldstein score was 0.48.,0
France,1987,0.4113743326082656,4.386573835172693,0.0382766083507513,1.0000217031604224,False,Event volume around its typical baseline (1.0x). Average event tone was positive (4.39). Average Goldstein score was 0.41.,0
France,1988,1.0525100980957878,4.671462847935797,0.0306565991470668,0.7642071496136724,False,Event volume around its typical baseline (0.8x). Average event tone was positive (4.67). Average Goldstein score was 1.05.,0
France,1989,1.333023724855369,4.62954173728259,0.0319246352451083,0.8407285507637163,False,Event volume around its typical baseline (0.8x). Average event tone was positive (4.63). Average Goldstein score was 1.33.,0
France,1990,1.5157027801792782,4.853651703136085,0.0372005701916477,1.0173779129373206,False,Event volume around its typical baseline (1.0x). Average event tone was positive (4.85). Average Goldstein score was 1.52.,0
France,1991,1.28252225215701,5.048918724103925,0.0388132642142723,1.0552575019624997,False,Event volume around its typical baseline (1.1x). Average event tone was positive (5.05). Average Goldstein score was 1.28.,0
France,1992,1.2606132432296135,4.885593096551957,0.0356875935066894,1.0088555183613863,False,Event volume around its typical baseline (1.0x). Average event tone was positive (4.89). Average Goldstein score was 1.26.,0
France,1993,0.9081090076971086,4.957802298356185,0.0358093624819984,1.0273357661755014,False,Event volume around its typical baseline (1.0x). Average event tone was positive (4.96). Average Goldstein score was 0.91.,0
France,1994,0.6767988643421168,4.771960391804496,0.0477902519174346,1.3316838563804942,False,Event volume around its typical baseline (1.3x). Average event tone was positive (4.77). Average Goldstein score was 0.68.,0
France,1995,0.5026906809110584,4.926970436461802,0.0507686147893955,1.2997527864771925,False,Event volume around its typical baseline (1.3x). Average event tone was positive (4.93). Average Goldstein score was 0.50.,0
France,1996,1.1345073606284073,5.123712649166606,0.0441586003358878,1.057087982458595,False,Event volume around its typical baseline (1.1x). Average event tone was positive (5.12). Average Goldstein score was 1.13.,0
France,1997,1.3185750995759988,5.281668172129068,0.0382631272583793,0.8931034315268666,False,Event volume around its typical baseline (0.9x). Average event tone was positive (5.28). Average Goldstein score was 1.32.,0
France,1998,1.386499218994065,5.322164183092692,0.0328348716097221,0.7572968807446713,False,Event volume around its typical baseline (0.8x). Average event tone was positive (5.32). Average Goldstein score was 1.39.,0
France,1999,1.1872684139177578,5.365293102127995,0.0327949411155236,0.7668982450783556,False,Event volume around its typical baseline (0.8x). Average event tone was positive (5.37). Average Goldstein score was 1.19.,0
France,2000,0.8833217753120662,5.195424703257825,0.031163685233135,0.7837154441425834,False,Event volume around its typical baseline (0.8x). Average event tone was positive (5.20). Average Goldstein score was 0.88.,0
France,2001,0.9552121277695632,5.106224930968025,0.0280244347552143,0.7818653428801909,False,Event volume around its typical baseline (0.8x). Average event tone was positive (5.11). Average Goldstein score was 0.96.,0
France,2002,0.723275352188407,5.1774782928854695,0.0293834952637647,0.9008861994401534,False,Event volume around its typical baseline (0.9x). Average event tone was positive (5.18). Average Goldstein score was 0.72.,0
France,2003,0.9418733325898792,5.538037670700825,0.0385668142320958,1.2505336279297723,False,Event volume around its typical baseline (1.3x). Average event tone was positive (5.54). Average Goldstein score was 0.94.,0
France,2004,0.8214461496213523,5.31618945632659,0.0384475771529805,1.201987334125645,False,Event volume around its typical baseline (1.2x). Average event tone was positive (5.32). Average Goldstein score was 0.82.,0
France,2005,0.7373363567649289,5.256617663431849,0.0351444334557579,1.061213872158944,False,Event volume around its typical baseline (1.1x). Average event tone was positive (5.26). Average Goldstein score was 0.74.,0
France,2006,0.6339452651973843,5.355152956850843,0.0259048937557166,0.7638553258017201,False,Event volume around its typical baseline (0.8x). Average event tone was positive (5.36). Average Goldstein score was 0.63.,0
France,2007,0.7950881470275776,5.516094160751407,0.0271094883844526,0.8094935639558435,False,Event volume around its typical baseline (0.8x). Average event tone was positive (5.52). Average Goldstein score was 0.80.,0
France,2008,0.9343985458277468,5.193304630811434,0.0288491086076532,0.8732986764303465,False,Event volume around its typical baseline (0.9x). Average event tone was positive (5.19). Average Goldstein score was 0.93.,0
France,2009,0.8533979504630688,5.147940789616812,0.0238764341044738,0.7679507607038492,False,Event volume around its typical baseline (0.8x). Average event tone was positive (5.15). Average Goldstein score was 0.85.,0
France,2010,0.7666633813098102,5.257117497517974,0.0205441336015436,0.7291133610667528,False,Event volume around its typical baseline (0.7x). Average event tone was positive (5.26). Average Goldstein score was 0.77.,0
France,2011,0.6371929051217468,5.47289471237558,0.021225974908008,0.8404059533676863,False,Event volume around its typical baseline (0.8x). Average event tone was positive (5.47). Average Goldstein score was 0.64.,0
France,2012,0.5528557461154784,4.99580670154648,0.0203787576058705,0.8379069203767042,False,Event volume around its typical baseline (0.8x). Average event tone was positive (5.00). Average Goldstein score was 0.55.,0
France,2013,0.4094261050622478,2.2407400541321323,0.0229425148587643,0.99859120464358,False,Event volume around its typical baseline (1.0x). Average event tone was positive (2.24). Average Goldstein score was 0.41.,0
France,2014,0.5229420029628872,2.297535742643151,0.0204163666902489,0.9368071974055374,False,Event volume around its typical baseline (0.9x). Average event tone was positive (2.30). Average Goldstein score was 0.52.,0
France,2015,0.3485531361505836,-1.6112166869204017,0.0297069281967928,1.407807902945429,False,Event volume around its typical baseline (1.4x). Average event tone was negative (-1.61). Average Goldstein score was 0.35.,1
France,2016,0.3908690663154387,-2.283118645625698,0.0207219810183359,0.903544215017692,False,Event volume around its typical baseline (0.9x). Average event tone was negative (-2.28). Average Goldstein score was 0.39.,1
France,2017,0.8121446061760305,-1.6231217617008322,0.0217136460844737,0.950963587604488,False,Event volume around its typical baseline (1.0x). Average event tone was negative (-1.62). Average Goldstein score was 0.81.,1
France,2018,0.6983296877375569,-1.875172375678184,0.0179600959012321,0.7774836569683485,False,Event volume around its typical baseline (0.8x). Average event tone was negative (-1.88). Average Goldstein score was 0.70.,1
France,2019,0.8387189779391591,-1.7258510372915186,0.0192216825364614,0.8696097243374183,False,Event volume around its typical baseline (0.9x). Average event tone was negative (-1.73). Average Goldstein score was 0.84.,1
France,2020,0.7150535816790448,-2.4007588821341,0.0163648765802785,0.74845535393808,False,Event volume around its typical baseline (0.7x). Average event tone was negative (-2.40). Average Goldstein score was 0.72.,1
France,2021,0.8401419621971881,-1.705473029346185,0.0180024320316309,0.9377997498005486,False,Event volume around its typical baseline (0.9x). Average event tone was negative (-1.71). Average Goldstein score was 0.84.,1
France,2022,1.0311616648971815,-1.4927738480185735,0.0145208090626961,0.7784893587570875,False,Event volume around its typical baseline (0.8x). Average event tone was negative (-1.49). Average Goldstein score was 1.03.,1
France,2023,0.8056358683909207,-1.4399123725978336,0.0164013956653995,0.9527951354791838,False,Event volume around its typical baseline (1.0x). Average event tone was negative (-1.44). Average Goldstein score was 0.81.,1
France,2024,0.9257445105612976,-1.323474762482589,0.0158617420214122,0.938440277463238,False,Event volume around its typical baseline (0.9x). Average event tone was negative (-1.32). Average Goldstein score was 0.93.,1
France,2025,1.0484336994032109,-1.3835124286710931,0.0156202985867216,0.9624187892814858,False,Event volume around its typical baseline (1.0x). Average event tone was negative (-1.38). Average Goldstein score was 1.05.,1
Germany,1980,1.1877208099956922,5.049129568852205,0.023907744641855,1.0,True,Event volume around its typical baseline (1.0x). Average event tone was positive (5.05). Average Goldstein score was 1.19.,0
Germany,1981,0.5013803096164112,4.965042970790326,0.0268341910768001,1.1224057927162954,False,Event volume around its typical baseline (1.1x). Average event tone was positive (4.97). Average Goldstein score was 0.50.,0
Germany,1982,0.6840712694877503,4.993620505927019,0.0213878947579455,0.843006655344538,False,Event volume around its typical baseline (0.8x). Average event tone was positive (4.99). Average Goldstein score was 0.68.,0
Germany,1983,0.4390918828850275,4.771874682576668,0.0330494235613957,1.3745806697320804,False,Event volume around its typical baseline (1.4x). Average event tone was positive (4.77). Average Goldstein score was 0.44.,0
Germany,1984,0.864823759120337,4.794113780122634,0.0358052608528552,1.361685293562565,False,Event volume around its typical baseline (1.4x). Average event tone was positive (4.79). Average Goldstein score was 0.86.,0
Germany,1985,0.5984747007734519,4.87499639740073,0.0380659523402604,1.350004728169282,False,Event volume around its typical baseline (1.4x). Average event tone was positive (4.87). Average Goldstein score was 0.60.,0
Germany,1986,0.4369204479021448,4.549238841205817,0.0337398669931729,1.0873815551922394,False,Event volume around its typical baseline (1.1x). Average event tone was positive (4.55). Average Goldstein score was 0.44.,0
Germany,1987,0.7250591206060358,4.6311282871111885,0.0376635506328072,1.1621080794420418,False,Event volume around its typical baseline (1.2x). Average event tone was positive (4.63). Average Goldstein score was 0.73.,0
Germany,1988,0.7737785251020901,4.295490713072199,0.0294364889860699,0.825365066096496,False,Event volume around its typical baseline (0.8x). Average event tone was positive (4.30). Average Goldstein score was 0.77.,0
Germany,1989,1.0074848408287005,5.12378693117025,0.0519156352831596,1.4857564687655511,False,Event volume around its typical baseline (1.5x). Average event tone was positive (5.12). Average Goldstein score was 1.01.,0
Germany,1990,1.272256867824363,5.4396641633539,0.0559864843461274,1.4669857966063606,False,Event volume around its typical baseline (1.5x). Average event tone was positive (5.44). Average Goldstein score was 1.27.,0
Germany,1991,1.0086918551204265,4.937237379691801,0.0301917497414066,0.7231833063290393,False,Event volume around its typical baseline (0.7x). Average event tone was positive (4.94). Average Goldstein score was 1.01.,0
Germany,1992,0.8840078917700115,4.7309368057466585,0.0331006404018755,0.806569760400586,False,Event volume around its typical baseline (0.8x). Average event tone was positive (4.73). Average Goldstein score was 0.88.,0
Germany,1993,0.5589783281733745,4.67971474720866,0.0338021890005931,0.8423969678099811,False,Event volume around its typical baseline (0.8x). Average event tone was positive (4.68). Average Goldstein score was 0.56.,0
Germany,1994,0.5720430107526879,4.852247335127228,0.0301918880228572,0.736399371393435,False,Event volume around its typical baseline (0.7x). Average event tone was positive (4.85). Average Goldstein score was 0.57.,0
Germany,1995,0.833499709411644,4.975835843650308,0.0272721094331742,0.7440298529611621,False,Event volume around its typical baseline (0.7x). Average event tone was positive (4.98). Average Goldstein score was 0.83.,0
Germany,1996,0.8900510265194165,5.116236480994126,0.0250789430824606,0.8113086841948752,False,Event volume around its typical baseline (0.8x). Average event tone was positive (5.12). Average Goldstein score was 0.89.,0
Germany,1997,1.0784656562847612,5.297272762331435,0.0283046277396394,0.9469865808453888,False,Event volume around its typical baseline (0.9x). Average event tone was positive (5.30). Average Goldstein score was 1.08.,0
Germany,1998,1.0798005759762177,5.380356168318618,0.0280035747346237,0.9679786285663716,False,Event volume around its typical baseline (1.0x). Average event tone was positive (5.38). Average Goldstein score was 1.08.,0
Germany,1999,1.1714920665846738,5.514756429618372,0.0312952179511907,1.1269341134741635,False,Event volume around its typical baseline (1.1x). Average event tone was positive (5.51). Average Goldstein score was 1.17.,0
Germany,2000,1.099297865053088,5.519257383358605,0.0272666579962717,0.9741259933774716,False,Event volume around its typical baseline (1.0x). Average event tone was positive (5.52). Average Goldstein score was 1.10.,0
Germany,2001,1.0117933763228868,5.3711180999708805,0.0247389034185915,0.8838541046123534,False,Event volume around its typical baseline (0.9x). Average event tone was positive (5.37). Average Goldstein score was 1.01.,0
Germany,2002,0.8951776601954547,5.194944980055595,0.0206146191961357,0.7382984577494613,False,Event volume around its typical baseline (0.7x). Average event tone was positive (5.19). Average Goldstein score was 0.90.,0
Germany,2003,1.0466659404403655,5.493945754425123,0.023106303484985,0.8757763537545361,False,Event volume around its typical baseline (0.9x). Average event tone was positive (5.49). Average Goldstein score was 1.05.,0
Germany,2004,1.1232726034394684,5.438796899065816,0.0231281247569438,0.9104005214933376,False,Event volume around its typical baseline (0.9x). Average event tone was positive (5.44). Average Goldstein score was 1.12.,0
Germany,2005,1.098058252427185,5.583780122108687,0.026293457955688,1.1061185682847114,False,Event volume around its typical baseline (1.1x). Average event tone was positive (5.58). Average Goldstein score was 1.10.,0
Germany,2006,1.280762732866512,5.327421207608376,0.0218284179910426,0.925863467826017,False,Event volume around its typical baseline (0.9x). Average event tone was positive (5.33). Average Goldstein score was 1.28.,0
Germany,2007,0.882865780933625,5.3328126709100925,0.0237270577369959,1.0318721046357089,False,Event volume around its typical baseline (1.0x). Average event tone was positive (5.33). Average Goldstein score was 0.88.,0
Germany,2008,1.0473790602165451,5.3361996746643126,0.0194881029104123,0.8251841153829054,False,Event volume around its typical baseline (0.8x). Average event tone was positive (5.34). Average Goldstein score was 1.05.,0
Germany,2009,1.0785436850282295,5.387975865718741,0.0200039606843092,0.8738012705435305,False,Event volume around its typical baseline (0.9x). Average event tone was positive (5.39). Average Goldstein score was 1.08.,0
Germany,2010,1.0441902647780736,5.499035853537435,0.0166050850577108,0.7456860214833474,False,Event volume around its typical baseline (0.7x). Average event tone was positive (5.50). Average Goldstein score was 1.04.,0
Germany,2011,0.9756818340868052,5.548069942342968,0.0155384943534904,0.7642938118022485,False,Event volume around its typical baseline (0.8x). Average event tone was positive (5.55). Average Goldstein score was 0.98.,0
Germany,2012,1.208078516205285,5.293438292369587,0.0142248087632907,0.7458266519547482,False,Event volume around its typical baseline (0.7x). Average event tone was positive (5.29). Average Goldstein score was 1.21.,0
Germany,2013,1.359156605525888,2.561914760170157,0.0148924127745936,0.8672451907557692,False,Event volume around its typical baseline (0.9x). Average event tone was positive (2.56). Average Goldstein score was 1.36.,0
Germany,2014,1.1552930964574923,2.451046962526057,0.0142553252340393,0.8770914322217904,False,Event volume around its typical baseline (0.9x). Average event tone was positive (2.45). Average Goldstein score was 1.16.,0
Germany,2015,1.2639383287925228,-1.627412185299743,0.0184954947601458,1.2246056369002989,False,Event volume around its typical baseline (1.2x). Average event tone was negative (-1.63). Average Goldstein score was 1.26.,1
Germany,2016,0.6837832710631035,-2.429702370341684,0.0159689930853941,1.0315015975526378,False,Event volume around its typical baseline (1.0x). Average event tone was negative (-2.43). Average Goldstein score was 0.68.,1
Germany,2017,0.891274844340685,-1.885195613804532,0.0153387069214848,0.9853090496617783,False,Event volume around its typical baseline (1.0x). Average event tone was negative (-1.89). Average Goldstein score was 0.89.,1
Germany,2018,0.9086509349450596,-2.013054341118192,0.0132806995805193,0.8410730002555467,False,Event volume around its typical baseline (0.8x). Average event tone was negative (-2.01). Average Goldstein score was 0.91.,1
Germany,2019,0.9245380977877252,-1.7232782224860008,0.0127728929562465,0.8257707425385048,False,Event volume around its typical baseline (0.8x). Average event tone was negative (-1.72). Average Goldstein score was 0.92.,1
Germany,2020,0.8881186274604919,-2.316156833627116,0.0140739853005636,0.9276681626523582,False,Event volume around its typical baseline (0.9x). Average event tone was negative (-2.32). Average Goldstein score was 0.89.,1
Germany,2021,0.9419382605137264,-1.914253287522321,0.0145413132185422,1.017796364581591,False,Event volume around its typical baseline (1.0x). Average event tone was negative (-1.91). Average Goldstein score was 0.94.,1
Germany,2022,1.0736310462029173,-1.9151117778016824,0.0146296346042042,1.0448604884955572,False,Event volume around its typical baseline (1.0x). Average event tone was negative (-1.92). Average Goldstein score was 1.07.,1
Germany,2023,1.0242279877114115,-1.507917288550412,0.0111626191735764,0.8054009134574877,False,Event volume around its typical baseline (0.8x). Average event tone was negative (-1.51). Average Goldstein score was 1.02.,1
Germany,2024,0.8653735934064737,-1.7746920632048693,0.0111310162669054,0.8284416860415442,False,Event volume around its typical baseline (0.8x). Average event tone was negative (-1.77). Average Goldstein score was 0.87.,1
Germany,2025,0.9926782292633782,-1.6617335203801469,0.0101272196323892,0.7726152595575735,False,Event volume around its typical baseline (0.8x). Average event tone was negative (-1.66). Average Goldstein score was 0.99.,1
India,1980,0.198698315467075,5.075859066958525,0.0155607691426533,1.0,True,Event volume around its typical baseline (1.0x). Average event tone was positive (5.08). Average Goldstein score was 0.20.,0
India,1981,0.1053045186640471,4.856699550613488,0.0128607975633359,0.8264885524253095,False,Event volume around its typical baseline (0.8x). Average event tone was positive (4.86). Average Goldstein score was 0.11.,0
India,1982,-0.3574753173483779,5.014231954895058,0.0129306134870298,0.9099156018239444,False,Event volume around its typical baseline (0.9x). Average event tone was positive (5.01). Average Goldstein score was -0.36.,0
India,1983,-0.7507086614173228,4.799601676331134,0.0188503004209839,1.3675434039750742,False,Event volume around its typical baseline (1.4x). Average event tone was positive (4.80). Average Goldstein score was -0.75.,0
India,1984,-2.3065747561218384,4.450654809586929,0.0482930084701578,3.208705553500059,False,A notable spike in event volume above its typical baseline (3.2x). Average event tone was positive (4.45). Average Goldstein score was -2.31.,2
India,1985,-0.8020201346756446,4.719482492756061,0.0295993622986472,1.364082624471454,False,Event volume around its typical baseline (1.4x). Average event tone was positive (4.72). Average Goldstein score was -0.80.,0
India,1986,-1.4647973640856682,4.179439219832802,0.0297752485093228,1.2149782315652486,False,Event volume around its typical baseline (1.2x). Average event tone was positive (4.18). Average Goldstein score was -1.46.,0
India,1987,-0.7106962425007893,4.174441454577398,0.0243647240828821,0.8736099091970754,False,Event volume around its typical baseline (0.9x). Average event tone was positive (4.17). Average Goldstein score was -0.71.,0
India,1988,-1.0426232152940222,3.90649752614888,0.0239477683976083,0.7935892358901742,False,Event volume around its typical baseline (0.8x). Average event tone was positive (3.91). Average Goldstein score was -1.04.,0
India,1989,-0.0556022682831443,3.991300586420801,0.0209989461441615,0.6731289620005441,False,Event volume around its typical baseline (0.7x). Average event tone was positive (3.99). Average Goldstein score was -0.06.,0
India,1990,-1.1746954351974166,3.714014203423045,0.0294594794361438,1.1446259934946688,False,Event volume around its typical baseline (1.1x). Average event tone was positive (3.71). Average Goldstein score was -1.17.,0
India,1991,-0.7414035591274398,4.272899241223437,0.0216428854000376,0.8418331708177399,False,Event volume around its typical baseline (0.8x). Average event tone was positive (4.27). Average Goldstein score was -0.74.,0
India,1992,-0.1089981289334921,4.295905131654294,0.0264185365019217,1.0969895370224223,False,Event volume around its typical baseline (1.1x). Average event tone was positive (4.30). Average Goldstein score was -0.11.,0
India,1993,-0.5308660152590013,4.120057980221949,0.0269756010272167,1.101336089275908,False,Event volume around its typical baseline (1.1x). Average event tone was positive (4.12). Average Goldstein score was -0.53.,0
India,1994,-0.7110384141996497,4.259743470725447,0.0190936626367817,0.7607312800407741,False,Event volume around its typical baseline (0.8x). Average event tone was positive (4.26). Average Goldstein score was -0.71.,0
India,1995,-0.5549778253555587,4.789772445739761,0.0216957492996923,0.8777296032950257,False,Event volume around its typical baseline (0.9x). Average event tone was positive (4.79). Average Goldstein score was -0.55.,0
India,1996,0.0345270148985819,5.328034271550952,0.0250478680442896,1.0812673321657231,False,Event volume around its typical baseline (1.1x). Average event tone was positive (5.33). Average Goldstein score was 0.03.,0
India,1997,0.6437026130145264,5.65332314110542,0.0260259785089879,1.0914060678187645,False,Event volume around its typical baseline (1.1x). Average event tone was positive (5.65). Average Goldstein score was 0.64.,0
India,1998,0.2759484376274779,5.318925250348741,0.0235251858211289,0.989793486606537,False,Event volume around its typical baseline (1.0x). Average event tone was positive (5.32). Average Goldstein score was 0.28.,0
India,1999,-0.065735559138765,5.164887260359564,0.0263246590476091,1.14069737246327,False,Event volume around its typical baseline (1.1x). Average event tone was positive (5.16). Average Goldstein score was -0.07.,0
India,2000,0.1587255868399975,5.200628346321455,0.0271103544220984,1.1054672188412191,False,Event volume around its typical baseline (1.1x). Average event tone was positive (5.20). Average Goldstein score was 0.16.,0
India,2001,-0.1076820043117194,5.190953398280027,0.0283885327402977,1.1086321826798229,False,Event volume around its typical baseline (1.1x). Average event tone was positive (5.19). Average Goldstein score was -0.11.,0
India,2002,-0.900196379092352,4.662690506125949,0.0324698364670142,1.2357719508389662,False,Event volume around its typical baseline (1.2x). Average event tone was positive (4.66). Average Goldstein score was -0.90.,0
India,2003,-0.0360706723925499,5.097434674474107,0.0282434681722035,1.0246612078467126,False,Event volume around its typical baseline (1.0x). Average event tone was positive (5.10). Average Goldstein score was -0.04.,0
India,2004,0.2510403624873308,5.307999182112409,0.0225105188134396,0.7896385629163174,False,Event volume around its typical baseline (0.8x). Average event tone was positive (5.31). Average Goldstein score was 0.25.,0
India,2005,0.4791480117625243,5.315917844437583,0.0216149157622784,0.779069110834287,False,Event volume around its typical baseline (0.8x). Average event tone was positive (5.32). Average Goldstein score was 0.48.,0
India,2006,0.380527235432652,5.31845026362663,0.0362126335826291,1.359054833562797,False,Event volume around its typical baseline (1.4x). Average event tone was positive (5.32). Average Goldstein score was 0.38.,0
India,2007,0.599752315251775,5.465989080032267,0.0472638787036196,1.6754136371097972,False,Event volume somewhat elevated above its typical baseline (1.7x). Average event tone was positive (5.47). Average Goldstein score was 0.60.,3
India,2008,0.2935433755311262,5.249534872414643,0.0559884093070842,1.7962802850121815,False,Event volume somewhat elevated above its typical baseline (1.8x). Average event tone was positive (5.25). Average Goldstein score was 0.29.,3
India,2009,0.3749678371424246,5.248862281442194,0.0409176784487563,1.1143743958718375,False,Event volume around its typical baseline (1.1x). Average event tone was positive (5.25). Average Goldstein score was 0.37.,0
India,2010,0.451569552277727,5.333102158950358,0.035124135631059,0.869419989923943,False,Event volume around its typical baseline (0.9x). Average event tone was positive (5.33). Average Goldstein score was 0.45.,0
India,2011,0.4040534615826746,5.309876238720702,0.0254351543280499,0.590124346893421,False,Event volume around its typical baseline (0.6x). Average event tone was positive (5.31). Average Goldstein score was 0.40.,0
India,2012,0.2506448537710524,4.753305066366857,0.0312509294067702,0.7632257830038137,False,Event volume around its typical baseline (0.8x). Average event tone was positive (4.75). Average Goldstein score was 0.25.,0
India,2013,0.0908703988907755,2.243153775840524,0.0404727641929186,1.0723176181805592,False,Event volume around its typical baseline (1.1x). Average event tone was positive (2.24). Average Goldstein score was 0.09.,0
India,2014,0.4245037804311952,2.369951559642113,0.0439318120451493,1.268234530282374,False,Event volume around its typical baseline (1.3x). Average event tone was positive (2.37). Average Goldstein score was 0.42.,0
India,2015,0.5004670797033253,-1.5019503141110218,0.0446376588362631,1.2665695489211042,False,Event volume around its typical baseline (1.3x). Average event tone was negative (-1.50). Average Goldstein score was 0.50.,1
India,2016,0.2980497313366654,-2.224451585683718,0.0434664525131933,1.1701622238302325,False,Event volume around its typical baseline (1.2x). Average event tone was negative (-2.22). Average Goldstein score was 0.30.,1
India,2017,0.3301037808365942,-2.1190106160850526,0.037411982444243,0.9180421271917332,False,Event volume around its typical baseline (0.9x). Average event tone was negative (-2.12). Average Goldstein score was 0.33.,1
India,2018,0.3284504483916221,-2.113442008864625,0.0359476358344996,0.8562195382917656,False,Event volume around its typical baseline (0.9x). Average event tone was negative (-2.11). Average Goldstein score was 0.33.,1
India,2019,0.2697353768262958,-2.2248857678496705,0.0412752315256029,1.0047742806230209,False,Event volume around its typical baseline (1.0x). Average event tone was negative (-2.22). Average Goldstein score was 0.27.,1
India,2020,0.4163153833776323,-2.465656415189198,0.0420111725457953,1.03609025879157,False,Event volume around its typical baseline (1.0x). Average event tone was negative (-2.47). Average Goldstein score was 0.42.,1
India,2021,0.544657618789327,-1.9369143798257784,0.0412880783687434,1.0316218016128411,False,Event volume around its typical baseline (1.0x). Average event tone was negative (-1.94). Average Goldstein score was 0.54.,1
India,2022,0.5407378888004309,-1.7422156328748182,0.038116532748463,0.9628591690372248,False,Event volume around its typical baseline (1.0x). Average event tone was negative (-1.74). Average Goldstein score was 0.54.,1
India,2023,0.637884503841359,-1.5162187758808463,0.0484344603461439,1.219160019882292,False,Event volume around its typical baseline (1.2x). Average event tone was negative (-1.52). Average Goldstein score was 0.64.,1
India,2024,0.4944913109114844,-1.637114993683191,0.0446484819373369,1.0573920988040195,False,Event volume around its typical baseline (1.1x). Average event tone was negative (-1.64). Average Goldstein score was 0.49.,1
India,2025,0.5560296756548487,-1.6958094787028106,0.048904419959456,1.139969940233062,False,Event volume around its typical baseline (1.1x). Average event tone was negative (-1.70). Average Goldstein score was 0.56.,1
Indonesia,1980,2.050977198697068,4.566287644514859,0.0037120224577358,1.0,True,Event volume around its typical baseline (1.0x). Average event tone was positive (4.57). Average Goldstein score was 2.05.,0
Indonesia,1981,1.9045610034207527,4.405736513603562,0.0041606804984024,1.1208661978139518,False,Event volume around its typical baseline (1.1x). Average event tone was positive (4.41). Average Goldstein score was 1.90.,0
Indonesia,1982,1.2544345377756925,4.689909315607943,0.0045144568515184,1.1468632505684964,False,Event volume around its typical baseline (1.1x). Average event tone was positive (4.69). Average Goldstein score was 1.25.,0
Indonesia,1983,1.833643326039388,4.553342360618427,0.0042565696970452,1.0308827277131318,False,Event volume around its typical baseline (1.0x). Average event tone was positive (4.55). Average Goldstein score was 1.83.,0
Indonesia,1984,1.38751481627815,4.723171167967347,0.0052619452662354,1.2646072539808884,False,Event volume around its typical baseline (1.3x). Average event tone was positive (4.72). Average Goldstein score was 1.39.,0
Indonesia,1985,1.857976506252368,4.851354998774521,0.0048479914625252,1.1065606317129202,False,Event volume around its typical baseline (1.1x). Average event tone was positive (4.85). Average Goldstein score was 1.86.,0
Indonesia,1986,1.5748632306363366,4.279830476124177,0.0060881154448423,1.3211113547497484,False,Event volume around its typical baseline (1.3x). Average event tone was positive (4.28). Average Goldstein score was 1.57.,0
Indonesia,1987,2.2795868347338955,3.8970271005347215,0.0048501505900166,0.9712313866251736,False,Event volume around its typical baseline (1.0x). Average event tone was positive (3.90). Average Goldstein score was 2.28.,0
Indonesia,1988,2.28934730408208,4.39954812099099,0.0077541886306876,1.5321593274037968,False,Event volume somewhat elevated above its typical baseline (1.5x). Average event tone was positive (4.40). Average Goldstein score was 2.29.,3
Indonesia,1989,2.117547111523015,4.495175953192989,0.0054661533600133,0.9489061663632776,False,Event volume around its typical baseline (0.9x). Average event tone was positive (4.50). Average Goldstein score was 2.12.,0
Indonesia,1990,2.1981162111966053,4.6873585587756015,0.0066522358903964,1.146676275019581,False,Event volume around its typical baseline (1.1x). Average event tone was positive (4.69). Average Goldstein score was 2.20.,0
Indonesia,1991,1.3065303907380612,4.450750189285775,0.0071638512684575,1.1625535619859368,False,Event volume around its typical baseline (1.2x). Average event tone was positive (4.45). Average Goldstein score was 1.31.,0
Indonesia,1992,1.2598176845943487,4.242996995391745,0.0106926200859869,1.6766646302797503,False,Event volume somewhat elevated above its typical baseline (1.7x). Average event tone was positive (4.24). Average Goldstein score was 1.26.,3
Indonesia,1993,1.5478306462183766,4.343030584304377,0.0122662891367058,1.6255762317422269,False,Event volume somewhat elevated above its typical baseline (1.6x). Average event tone was positive (4.34). Average Goldstein score was 1.55.,3
Indonesia,1994,0.6792099354476565,4.525575197930685,0.015720282512863,1.8607782469277931,False,Event volume somewhat elevated above its typical baseline (1.9x). Average event tone was positive (4.53). Average Goldstein score was 0.68.,3
Indonesia,1995,0.3122071428571428,4.673072447881295,0.0133186508389902,1.2685570130772803,False,Event volume around its typical baseline (1.3x). Average event tone was positive (4.67). Average Goldstein score was 0.31.,0
Indonesia,1996,0.637092586370162,5.141127176026441,0.0208913042332248,1.7656107251310005,False,Event volume somewhat elevated above its typical baseline (1.8x). Average event tone was positive (5.14). Average Goldstein score was 0.64.,3
Indonesia,1997,0.505931897879592,4.69253621086366,0.0154427441827111,1.0593308372395978,False,Event volume around its typical baseline (1.1x). Average event tone was positive (4.69). Average Goldstein score was 0.51.,0
Indonesia,1998,0.0403754169551261,4.70725264159609,0.0330050720789366,2.125539800569256,False,Event volume somewhat elevated above its typical baseline (2.1x). Average event tone was positive (4.71). Average Goldstein score was 0.04.,3
Indonesia,1999,-0.1851465110771418,4.93467058687687,0.0406073091009896,2.063839825712364,False,Event volume somewhat elevated above its typical baseline (2.1x). Average event tone was positive (4.93). Average Goldstein score was -0.19.,3
Indonesia,2000,-0.5862689470697896,4.362909687974061,0.0338788588183828,1.3742277496134956,False,Event volume around its typical baseline (1.4x). Average event tone was positive (4.36). Average Goldstein score was -0.59.,0
Indonesia,2001,-0.3898314301250679,4.569992386123716,0.0265436602547492,0.9227744490349404,False,Event volume around its typical baseline (0.9x). Average event tone was positive (4.57). Average Goldstein score was -0.39.,0
Indonesia,2002,-0.3835458005993359,4.503668023835646,0.0265784060517106,0.8890428449028486,False,Event volume around its typical baseline (0.9x). Average event tone was positive (4.50). Average Goldstein score was -0.38.,0
Indonesia,2003,-0.6569094340598262,4.346261857017007,0.0274736496493922,0.8552731489525576,False,Event volume around its typical baseline (0.9x). Average event tone was positive (4.35). Average Goldstein score was -0.66.,0
Indonesia,2004,-0.4341803599374021,4.6804422830915104,0.0226084882652607,0.7289209964540726,False,Event volume around its typical baseline (0.7x). Average event tone was positive (4.68). Average Goldstein score was -0.43.,0
Indonesia,2005,0.3190857567999295,4.89496548693737,0.0265062124805338,0.96679385085293,False,Event volume around its typical baseline (1.0x). Average event tone was positive (4.89). Average Goldstein score was 0.32.,0
Indonesia,2006,0.2684867685426761,4.922584259319217,0.0143594432894923,0.5535192798941216,False,Event volume around its typical baseline (0.6x). Average event tone was positive (4.92). Average Goldstein score was 0.27.,0
Indonesia,2007,0.590623579624189,4.875194048594076,0.0116666226954917,0.4963413571467396,False,Event volume around its typical baseline (0.5x). Average event tone was positive (4.88). Average Goldstein score was 0.59.,0
Indonesia,2008,0.3437741323767964,4.991013626408578,0.0083817643296768,0.4084106612575595,False,Event volume around its typical baseline (0.4x). Average event tone was positive (4.99). Average Goldstein score was 0.34.,0
Indonesia,2009,0.4169438294805127,4.931258234741751,0.0106915307954233,0.6400387212693895,False,Event volume around its typical baseline (0.6x). Average event tone was positive (4.93). Average Goldstein score was 0.42.,0
Indonesia,2010,0.4343622295761542,4.968678378094738,0.0098927109077556,0.6907779947629553,False,Event volume around its typical baseline (0.7x). Average event tone was positive (4.97). Average Goldstein score was 0.43.,0
Indonesia,2011,0.521674233143571,5.085502135670909,0.0083611423819684,0.7602134339706264,False,Event volume around its typical baseline (0.8x). Average event tone was positive (5.09). Average Goldstein score was 0.52.,0
Indonesia,2012,0.5600613759565942,4.692166826715757,0.0064482350189726,0.6580668187853493,False,Event volume around its typical baseline (0.7x). Average event tone was positive (4.69). Average Goldstein score was 0.56.,0
Indonesia,2013,0.8337759343975998,2.36873642508789,0.00720086893061,0.8224792526946333,False,Event volume around its typical baseline (0.8x). Average event tone was positive (2.37). Average Goldstein score was 0.83.,0
Indonesia,2014,0.9218319833485916,2.274584452659804,0.0066388725867434,0.779311231693912,False,Event volume around its typical baseline (0.8x). Average event tone was positive (2.27). Average Goldstein score was 0.92.,0
Indonesia,2015,0.6828449040517252,-1.819169553326472,0.0093809570538764,1.2169838713178964,False,Event volume around its typical baseline (1.2x). Average event tone was negative (-1.82). Average Goldstein score was 0.68.,1
Indonesia,2016,0.4565215090692361,-2.408028735926935,0.0061245349783226,0.8052225536972822,False,Event volume around its typical baseline (0.8x). Average event tone was negative (-2.41). Average Goldstein score was 0.46.,1
Indonesia,2017,0.6819385684752205,-1.8806174772246624,0.0050570010138545,0.7064139375278979,False,Event volume around its typical baseline (0.7x). Average event tone was negative (-1.88). Average Goldstein score was 0.68.,1
Indonesia,2018,0.8946491146057337,-1.9507846527908328,0.0053010705919395,0.7704543991421674,False,Event volume around its typical baseline (0.8x). Average event tone was negative (-1.95). Average Goldstein score was 0.89.,1
Indonesia,2019,0.5605628261132004,-2.268121110839879,0.0041648295922779,0.6406949872127162,False,Event volume around its typical baseline (0.6x). Average event tone was negative (-2.27). Average Goldstein score was 0.56.,1
Indonesia,2020,0.8543954053914208,-2.330694664642998,0.0035570718142073,0.5922847398011238,False,Event volume around its typical baseline (0.6x). Average event tone was negative (-2.33). Average Goldstein score was 0.85.,1
Indonesia,2021,0.9662708664546896,-1.867724926358902,0.004387089683892,0.906254670740558,False,Event volume around its typical baseline (0.9x). Average event tone was negative (-1.87). Average Goldstein score was 0.97.,1
Indonesia,2022,1.6003584765721577,-0.6325085503343103,0.0043752145991686,0.9736952841445928,False,Event volume around its typical baseline (1.0x). Average event tone was negative (-0.63). Average Goldstein score was 1.60.,1
Indonesia,2023,1.6532387096774197,-0.3209971419623922,0.0041981865791062,0.9635376033018472,False,Event volume around its typical baseline (1.0x). Average event tone was negative (-0.32). Average Goldstein score was 1.65.,1
Indonesia,2024,1.493104037620932,-0.220188645665254,0.0040179108501635,0.9713361002859832,False,Event volume around its typical baseline (1.0x). Average event tone was negative (-0.22). Average Goldstein score was 1.49.,1
Indonesia,2025,1.4294970768154212,-0.5246578746766986,0.0037429567793757,0.911339291625961,False,Event volume around its typical baseline (0.9x). Average event tone was negative (-0.52). Average Goldstein score was 1.43.,1
Iran,1980,-0.4565227781277834,4.998699764065435,0.1226613171009684,1.0,True,Event volume around its typical baseline (1.0x). Average event tone was positive (5.00). Average Goldstein score was -0.46.,0
Iran,1981,-0.9963866811386158,4.466348494060096,0.0589365859762184,0.4804822528336692,False,Event volume around its typical baseline (0.5x). Average event tone was positive (4.47). Average Goldstein score was -1.00.,0
Iran,1982,-1.402180685358256,4.148026855791077,0.0309205852446864,0.3405390119680387,False,Event volume around its typical baseline (0.3x). Average event tone was positive (4.15). Average Goldstein score was -1.40.,0
Iran,1983,-1.2232590789966316,4.148300013448622,0.0219152590598785,0.309364976660569,False,Event volume around its typical baseline (0.3x). Average event tone was positive (4.15). Average Goldstein score was -1.22.,0
Iran,1984,-1.5466522444564634,3.813315421066739,0.035820157366773,0.6111774907294979,False,Event volume around its typical baseline (0.6x). Average event tone was positive (3.81). Average Goldstein score was -1.55.,0
Iran,1985,-1.7289680589680594,3.581007972651194,0.0284238939704084,0.5258738813941893,False,Event volume around its typical baseline (0.5x). Average event tone was positive (3.58). Average Goldstein score was -1.73.,0
Iran,1986,-0.7972429303236018,4.083722872330846,0.0379872817429339,1.0790830890877452,False,Event volume around its typical baseline (1.1x). Average event tone was positive (4.08). Average Goldstein score was -0.80.,0
Iran,1987,-1.189293476032313,4.2104949381791545,0.0766499070127219,2.471506488525741,False,Event volume somewhat elevated above its typical baseline (2.5x). Average event tone was positive (4.21). Average Goldstein score was -1.19.,3
Iran,1988,-0.7735931471280546,4.2230348765363095,0.0640792546953334,1.5956267904501125,False,Event volume somewhat elevated above its typical baseline (1.6x). Average event tone was positive (4.22). Average Goldstein score was -0.77.,3
Iran,1989,0.7219873459386316,4.9352664695173765,0.0428011058041482,0.8808243875504349,False,Event volume around its typical baseline (0.9x). Average event tone was positive (4.94). Average Goldstein score was 0.72.,0
Iran,1990,1.1839683346033352,4.795100249505146,0.0379861675729898,0.7599013409455121,False,Event volume around its typical baseline (0.8x). Average event tone was positive (4.80). Average Goldstein score was 1.18.,0
Iran,1991,1.162730872538975,4.837970655106648,0.0440251572327044,0.8482567758723628,False,Event volume around its typical baseline (0.8x). Average event tone was positive (4.84). Average Goldstein score was 1.16.,0
Iran,1992,1.163855358729164,4.5013184883720205,0.0343455304194249,0.6467071715512569,False,Event volume around its typical baseline (0.6x). Average event tone was positive (4.50). Average Goldstein score was 1.16.,0
Iran,1993,0.5409899280575541,4.251684875913417,0.0242739537642574,0.54368071393175,False,Event volume around its typical baseline (0.5x). Average event tone was positive (4.25). Average Goldstein score was 0.54.,0
Iran,1994,-0.104189336235038,4.1096414769692124,0.0229674526025389,0.626048434057716,False,Event volume around its typical baseline (0.6x). Average event tone was positive (4.11). Average Goldstein score was -0.10.,0
Iran,1995,1.108992166680126,4.840792546890049,0.0243263355094418,0.7434778118279214,False,Event volume around its typical baseline (0.7x). Average event tone was positive (4.84). Average Goldstein score was 1.11.,0
Iran,1996,0.873451310355475,5.266377069120527,0.0310162175630011,1.034298467062878,False,Event volume around its typical baseline (1.0x). Average event tone was positive (5.27). Average Goldstein score was 0.87.,0
Iran,1997,1.1519611076663276,5.557010708643159,0.0377127950334536,1.3770881302625178,False,Event volume around its typical baseline (1.4x). Average event tone was positive (5.56). Average Goldstein score was 1.15.,0
Iran,1998,0.896138634785496,5.442289224805678,0.0412146645983723,1.4688388463895037,False,Event volume around its typical baseline (1.5x). Average event tone was positive (5.44). Average Goldstein score was 0.90.,0
Iran,1999,0.5338932904430016,5.661889721493388,0.038620973228461,1.2281097622981354,False,Event volume around its typical baseline (1.2x). Average event tone was positive (5.66). Average Goldstein score was 0.53.,0
Iran,2000,0.6009031485914194,5.42726433241317,0.0451834773801219,1.3067042546018657,False,Event volume around its typical baseline (1.3x). Average event tone was positive (5.43). Average Goldstein score was 0.60.,0
Iran,2001,0.8380261685802473,5.516787108824833,0.0459530728922973,1.1858972113249104,False,Event volume around its typical baseline (1.2x). Average event tone was positive (5.52). Average Goldstein score was 0.84.,0
Iran,2002,0.9824877468572484,5.560171288673836,0.0418899204970841,1.0036639883772944,False,Event volume around its typical baseline (1.0x). Average event tone was positive (5.56). Average Goldstein score was 0.98.,0
Iran,2003,0.9877578220590804,5.461603139572675,0.0510656639266159,1.1995010352794833,False,Event volume around its typical baseline (1.2x). Average event tone was positive (5.46). Average Goldstein score was 0.99.,0
Iran,2004,0.8271742198209823,5.404130901754993,0.0450211281716591,1.0107426678025866,False,Event volume around its typical baseline (1.0x). Average event tone was positive (5.40). Average Goldstein score was 0.83.,0
Iran,2005,0.927268093204499,5.613202028729396,0.0513636379039007,1.120922404512715,False,Event volume around its typical baseline (1.1x). Average event tone was positive (5.61). Average Goldstein score was 0.93.,0
Iran,2006,0.7750670522551728,5.547010284824454,0.0640539374920953,1.3611501878975534,False,Event volume around its typical baseline (1.4x). Average event tone was positive (5.55). Average Goldstein score was 0.78.,0
Iran,2007,0.531902911218667,5.404801647412592,0.0495019396732568,0.9767769444539663,False,Event volume around its typical baseline (1.0x). Average event tone was positive (5.40). Average Goldstein score was 0.53.,0
Iran,2008,0.580278058205439,5.374663830874567,0.0279996540349949,0.5363788779445701,False,Event volume around its typical baseline (0.5x). Average event tone was positive (5.37). Average Goldstein score was 0.58.,0
Iran,2009,0.2800217092304097,5.364496809042471,0.0433361597636502,0.9106519631140736,False,Event volume around its typical baseline (0.9x). Average event tone was positive (5.36). Average Goldstein score was 0.28.,0
Iran,2010,0.4361995279709127,5.425851648295672,0.0269137293288633,0.5695898894181591,False,Event volume around its typical baseline (0.6x). Average event tone was positive (5.43). Average Goldstein score was 0.44.,0
Iran,2011,0.0701711123199971,5.203335810397041,0.0192711098276145,0.4549248503878847,False,Event volume around its typical baseline (0.5x). Average event tone was positive (5.20). Average Goldstein score was 0.07.,0
Iran,2012,0.4669462364895268,4.750945744240035,0.0281529370800156,0.8427882910024942,False,Event volume around its typical baseline (0.8x). Average event tone was positive (4.75). Average Goldstein score was 0.47.,0
Iran,2013,0.8188718503538043,2.176918972867369,0.0315146135136772,1.081685894679859,False,Event volume around its typical baseline (1.1x). Average event tone was positive (2.18). Average Goldstein score was 0.82.,0
Iran,2014,0.768530468366256,2.347073540244188,0.0188058906774583,0.6302725892417144,False,Event volume around its typical baseline (0.6x). Average event tone was positive (2.35). Average Goldstein score was 0.77.,0
Iran,2015,0.8585621672025604,-1.966326517015964,0.0226752232188662,0.9094952674255138,False,Event volume around its typical baseline (0.9x). Average event tone was negative (-1.97). Average Goldstein score was 0.86.,1
Iran,2016,0.5436288744114448,-2.703213710908659,0.0161285621860672,0.6696808010752825,False,Event volume around its typical baseline (0.7x). Average event tone was negative (-2.70). Average Goldstein score was 0.54.,1
Iran,2017,0.3962410168656931,-2.903759689390092,0.016087140170424,0.6858595068442455,False,Event volume around its typical baseline (0.7x). Average event tone was negative (-2.90). Average Goldstein score was 0.40.,1
Iran,2018,0.5184677066972133,-3.449152254213081,0.0178839263299652,0.8499041582106128,False,Event volume around its typical baseline (0.8x). Average event tone was negative (-3.45). Average Goldstein score was 0.52.,1
Iran,2019,0.1517126385850246,-3.621526382887338,0.0240352282806067,1.3122424869442897,False,Event volume around its typical baseline (1.3x). Average event tone was negative (-3.62). Average Goldstein score was 0.15.,1
Iran,2020,-0.4129024679961198,-4.167587220079434,0.0198605074381632,1.0257458417563514,False,Event volume around its typical baseline (1.0x). Average event tone was negative (-4.17). Average Goldstein score was -0.41.,1
Iran,2021,0.5514998976677996,-2.982707538729271,0.0135089956061242,0.7185990336653816,False,Event volume around its typical baseline (0.7x). Average event tone was negative (-2.98). Average Goldstein score was 0.55.,1
Iran,2022,-0.3287863148481625,-4.099660105757211,0.0131471093011331,0.7193977844259831,False,Event volume around its typical baseline (0.7x). Average event tone was negative (-4.10). Average Goldstein score was -0.33.,1
Iran,2023,0.0595156616711901,-3.5051677736549185,0.0105667985054871,0.5974278772719529,False,Event volume around its typical baseline (0.6x). Average event tone was negative (-3.51). Average Goldstein score was 0.06.,1
Iran,2024,-0.9077096540712368,-4.3786290503786205,0.0154833296996298,0.954363255190175,False,Event volume around its typical baseline (1.0x). Average event tone was negative (-4.38). Average Goldstein score was -0.91.,1
Iran,2025,0.2902995724087299,-3.3727217242363983,0.0106202665889496,0.7317585513954162,False,Event volume around its typical baseline (0.7x). Average event tone was negative (-3.37). Average Goldstein score was 0.29.,1
Israel,1980,-0.2805552740905866,4.890880252709411,0.0576175485861689,1.0,True,Event volume around its typical baseline (1.0x). Average event tone was positive (4.89). Average Goldstein score was -0.28.,0
Israel,1981,-0.3632873865338184,5.103096096511018,0.0737711986445943,1.280359898239459,False,Event volume around its typical baseline (1.3x). Average event tone was positive (5.10). Average Goldstein score was -0.36.,0
Israel,1982,-0.3246246144459885,4.7396207164078605,0.1189812810940798,1.8111335042278505,False,Event volume somewhat elevated above its typical baseline (1.8x). Average event tone was positive (4.74). Average Goldstein score was -0.32.,3
Israel,1983,0.2578641085676615,4.848109122765988,0.0865042129551746,1.03651639376267,False,Event volume around its typical baseline (1.0x). Average event tone was positive (4.85). Average Goldstein score was 0.26.,0
Israel,1984,0.002108090747175,4.6950227019784005,0.0659900670045196,0.7835572913355179,False,Event volume around its typical baseline (0.8x). Average event tone was positive (4.70). Average Goldstein score was 0.00.,0
Israel,1985,-0.0022069557750107,4.71718499774144,0.0777405089521284,0.9648473115322672,False,Event volume around its typical baseline (1.0x). Average event tone was positive (4.72). Average Goldstein score was -0.00.,0
Israel,1986,-0.2573704876504116,4.525240391973726,0.06285694085981,0.7430122076764808,False,Event volume around its typical baseline (0.7x). Average event tone was positive (4.53). Average Goldstein score was -0.26.,0
Israel,1987,-0.5086420077179534,4.4453902047633775,0.0631354816411843,0.7660715452893256,False,Event volume around its typical baseline (0.8x). Average event tone was positive (4.45). Average Goldstein score was -0.51.,0
Israel,1988,-1.0317279148326346,4.156537639007721,0.0960380147352069,1.347988189255879,False,Event volume around its typical baseline (1.3x). Average event tone was positive (4.16). Average Goldstein score was -1.03.,0
Israel,1989,-0.5896086075839087,4.290562328848288,0.0787327094021477,1.0762862437806555,False,Event volume around its typical baseline (1.1x). Average event tone was positive (4.29). Average Goldstein score was -0.59.,0
Israel,1990,-0.5684903181862414,4.458201044270895,0.0731733277018108,0.9666132231623789,False,Event volume around its typical baseline (1.0x). Average event tone was positive (4.46). Average Goldstein score was -0.57.,0
Israel,1991,0.5221234026611906,5.022337838497413,0.1047310588084994,1.4003857071352237,False,Event volume around its typical baseline (1.4x). Average event tone was positive (5.02). Average Goldstein score was 0.52.,0
Israel,1992,0.2930137511175444,4.278667114391557,0.0917672019843009,1.1034735969466771,False,Event volume around its typical baseline (1.1x). Average event tone was positive (4.28). Average Goldstein score was 0.29.,0
Israel,1993,0.4774451902129425,4.628008689545364,0.1230602732489867,1.384434714600301,False,Event volume around its typical baseline (1.4x). Average event tone was positive (4.63). Average Goldstein score was 0.48.,0
Israel,1994,0.589157882845697,4.761543580867422,0.1313418916183946,1.3929136955000632,False,Event volume around its typical baseline (1.4x). Average event tone was positive (4.76). Average Goldstein score was 0.59.,0
Israel,1995,0.4427884462951414,4.761739471792979,0.0994604380321255,0.9489164205808392,False,Event volume around its typical baseline (0.9x). Average event tone was positive (4.76). Average Goldstein score was 0.44.,0
Israel,1996,0.5321792704868872,5.041078644250912,0.1157792107439724,1.0518481452989152,False,Event volume around its typical baseline (1.1x). Average event tone was positive (5.04). Average Goldstein score was 0.53.,0
Israel,1997,0.4370983545991442,5.0333552482937804,0.0973530299301502,0.8670419179258091,False,Event volume around its typical baseline (0.9x). Average event tone was positive (5.03). Average Goldstein score was 0.44.,0
Israel,1998,0.6081072002931415,5.230479430857315,0.0952913594137127,0.8403194534637621,False,Event volume around its typical baseline (0.8x). Average event tone was positive (5.23). Average Goldstein score was 0.61.,0
Israel,1999,0.6893948089290676,5.679923780753699,0.0715042855866274,0.6630271435696996,False,Event volume around its typical baseline (0.7x). Average event tone was positive (5.68). Average Goldstein score was 0.69.,0
Israel,2000,0.3187380395274408,5.245060659790035,0.108768055112183,1.1344462279681535,False,Event volume around its typical baseline (1.1x). Average event tone was positive (5.25). Average Goldstein score was 0.32.,0
Israel,2001,-0.97584743563641,4.596449614238793,0.1017950261814263,1.0414965389068769,False,Event volume around its typical baseline (1.0x). Average event tone was positive (4.60). Average Goldstein score was -0.98.,0
Israel,2002,-1.210791489361703,4.495235404121887,0.1033158012161455,1.0881950979888162,False,Event volume around its typical baseline (1.1x). Average event tone was positive (4.50). Average Goldstein score was -1.21.,0
Israel,2003,-0.5929426878880878,4.8339113776947045,0.0771064194776374,0.8020647555119095,False,Event volume around its typical baseline (0.8x). Average event tone was positive (4.83). Average Goldstein score was -0.59.,0
Israel,2004,-0.9718287206879348,4.614521824154519,0.0813189006161481,0.8791430423623683,False,Event volume around its typical baseline (0.9x). Average event tone was positive (4.61). Average Goldstein score was -0.97.,0
Israel,2005,-0.1306628440752635,4.68689841096346,0.0754792059681637,0.7990528726199183,False,Event volume around its typical baseline (0.8x). Average event tone was positive (4.69). Average Goldstein score was -0.13.,0
Israel,2006,-1.103397894652426,4.767432436355977,0.0953781366294464,1.0862733601211123,False,Event volume around its typical baseline (1.1x). Average event tone was positive (4.77). Average Goldstein score was -1.10.,0
Israel,2007,-0.3009913381689952,5.153838171823579,0.0522920411636438,0.6043946699591161,False,Event volume around its typical baseline (0.6x). Average event tone was positive (5.15). Average Goldstein score was -0.30.,0
Israel,2008,-0.6193252703379629,4.848601842114836,0.0452177692631724,0.5925152900118696,False,Event volume around its typical baseline (0.6x). Average event tone was positive (4.85). Average Goldstein score was -0.62.,0
Israel,2009,-0.1717859951770266,5.213517788521661,0.0559116060207257,0.799454331086858,False,Event volume around its typical baseline (0.8x). Average event tone was positive (5.21). Average Goldstein score was -0.17.,0
Israel,2010,-0.0815843342588378,5.247895990356264,0.0379313152743882,0.5848566120407961,False,Event volume around its typical baseline (0.6x). Average event tone was positive (5.25). Average Goldstein score was -0.08.,0
Israel,2011,-0.2331883424549994,5.3919272076240095,0.0363714700349671,0.6342440603638718,False,Event volume around its typical baseline (0.6x). Average event tone was positive (5.39). Average Goldstein score was -0.23.,0
Israel,2012,-0.4834674771628678,4.482950760630583,0.034622795474752,0.7601913895764352,False,Event volume around its typical baseline (0.8x). Average event tone was positive (4.48). Average Goldstein score was -0.48.,0
Israel,2013,0.1167860417253765,2.487973330471857,0.0304582644716653,0.7250070420096262,False,Event volume around its typical baseline (0.7x). Average event tone was positive (2.49). Average Goldstein score was 0.12.,0
Israel,2014,-0.6635572318902516,2.2305503769303967,0.0428387520371136,1.0967677884228515,False,Event volume around its typical baseline (1.1x). Average event tone was positive (2.23). Average Goldstein score was -0.66.,0
Israel,2015,-0.5749202750191538,-2.9160628418182606,0.0252020001527238,0.6915168735142289,False,Event volume around its typical baseline (0.7x). Average event tone was negative (-2.92). Average Goldstein score was -0.57.,1
Israel,2016,-0.5104945993122839,-3.2798094669463547,0.0243882494981301,0.719445903274594,False,Event volume around its typical baseline (0.7x). Average event tone was negative (-3.28). Average Goldstein score was -0.51.,1
Israel,2017,-0.0907534182343344,-2.7647431474576427,0.0315792101200423,1.0024505670420134,False,Event volume around its typical baseline (1.0x). Average event tone was negative (-2.76). Average Goldstein score was -0.09.,1
Israel,2018,-0.4697523967405891,-3.2423501469981733,0.0364491974554777,1.179841682588889,False,Event volume around its typical baseline (1.2x). Average event tone was negative (-3.24). Average Goldstein score was -0.47.,1
Israel,2019,-0.3113319207158775,-2.846689661982467,0.0278036029816017,0.8663857627149323,False,Event volume around its typical baseline (0.9x). Average event tone was negative (-2.85). Average Goldstein score was -0.31.,1
Israel,2020,0.3331688541820691,-2.3880818713284606,0.0226759036865248,0.7796572427802607,False,Event volume around its typical baseline (0.8x). Average event tone was negative (-2.39). Average Goldstein score was 0.33.,1
Israel,2021,-0.3601437530311617,-3.100555503017205,0.0331037912950792,1.158316305639249,False,Event volume around its typical baseline (1.2x). Average event tone was negative (-3.10). Average Goldstein score was -0.36.,1
Israel,2022,-0.370610101329109,-3.011934588232207,0.0220535980124867,0.7273052543707976,False,Event volume around its typical baseline (0.7x). Average event tone was negative (-3.01). Average Goldstein score was -0.37.,1
Israel,2023,-0.8694239956972226,-4.301795656696935,0.0873048357011829,3.072251252494159,False,A notable spike in event volume above its typical baseline (3.1x). Average event tone was negative (-4.30). Average Goldstein score was -0.87.,2
Israel,2024,-1.1555215471862652,-4.658227962074366,0.1053418760033001,2.729888321405732,False,A notable spike in event volume above its typical baseline (2.7x). Average event tone was negative (-4.66). Average Goldstein score was -1.16.,2
Israel,2025,-0.5119540083674071,-4.334561208863021,0.0805612332338985,1.4892271486699529,False,Event volume around its typical baseline (1.5x). Average event tone was negative (-4.33). Average Goldstein score was -0.51.,1
Italy,1980,0.1148938810971825,4.806442107134837,0.0238830944927216,1.0,True,Event volume around its typical baseline (1.0x). Average event tone was positive (4.81). Average Goldstein score was 0.11.,0
Italy,1981,-0.0621747466447549,4.484099690504153,0.0260721699397315,1.09165794858271,False,Event volume around its typical baseline (1.1x). Average event tone was positive (4.48). Average Goldstein score was -0.06.,0
Italy,1982,-0.0522716436210067,4.418146649522661,0.0301299641290367,1.2062778356333932,False,Event volume around its typical baseline (1.2x). Average event tone was positive (4.42). Average Goldstein score was -0.05.,0
Italy,1983,0.1707139772563695,4.412760840035212,0.0288769675861023,1.0817338517276152,False,Event volume around its typical baseline (1.1x). Average event tone was positive (4.41). Average Goldstein score was 0.17.,0
Italy,1984,0.4733449609463863,4.641416707354123,0.0257501139583314,0.9452861586399092,False,Event volume around its typical baseline (0.9x). Average event tone was positive (4.64). Average Goldstein score was 0.47.,0
Italy,1985,0.5390590120771567,4.70371419336457,0.0274545566031705,1.019006970542747,False,Event volume around its typical baseline (1.0x). Average event tone was positive (4.70). Average Goldstein score was 0.54.,0
Italy,1986,0.121968550562537,4.623230976130468,0.0237994940808469,0.8605309827536317,False,Event volume around its typical baseline (0.9x). Average event tone was positive (4.62). Average Goldstein score was 0.12.,0
Italy,1987,0.8315943680312528,4.725450451705521,0.0207579697503332,0.7630983907288554,False,Event volume around its typical baseline (0.8x). Average event tone was positive (4.73). Average Goldstein score was 0.83.,0
Italy,1988,0.8298463789319682,4.414529724199838,0.0169103402462389,0.6676587239647326,False,Event volume around its typical baseline (0.7x). Average event tone was positive (4.41). Average Goldstein score was 0.83.,0
Italy,1989,1.4286579457364352,4.874322018259413,0.0140822934020683,0.61402239056977,False,Event volume around its typical baseline (0.6x). Average event tone was positive (4.87). Average Goldstein score was 1.43.,0
Italy,1990,1.671086582568808,4.9337905586694415,0.0120775038276754,0.5862601032562856,False,Event volume around its typical baseline (0.6x). Average event tone was positive (4.93). Average Goldstein score was 1.67.,0
Italy,1991,1.4511623748211728,4.9295903649994015,0.0152979244816961,0.8728941710998114,False,Event volume around its typical baseline (0.9x). Average event tone was positive (4.93). Average Goldstein score was 1.45.,0
Italy,1992,1.425421618562535,4.86182385691289,0.0161217735294288,1.0187401782589602,False,Event volume around its typical baseline (1.0x). Average event tone was positive (4.86). Average Goldstein score was 1.43.,0
Italy,1993,0.591158259720961,4.941099448372018,0.0178237966833553,1.1963911966512646,False,Event volume around its typical baseline (1.2x). Average event tone was positive (4.94). Average Goldstein score was 0.59.,0
Italy,1994,0.5381544302247258,4.763224027459559,0.0187093973014441,1.2406220487194393,False,Event volume around its typical baseline (1.2x). Average event tone was positive (4.76). Average Goldstein score was 0.54.,0
Italy,1995,0.5728707707089421,4.847602835925648,0.0148389390781547,0.9270814498320225,False,Event volume around its typical baseline (0.9x). Average event tone was positive (4.85). Average Goldstein score was 0.57.,0
Italy,1996,1.085839243498818,5.159990152660515,0.0155469525792142,0.938918271133744,False,Event volume around its typical baseline (0.9x). Average event tone was positive (5.16). Average Goldstein score was 1.09.,0
Italy,1997,1.4466107001229098,5.20044891958143,0.0212005838638865,1.2765152044054149,False,Event volume around its typical baseline (1.3x). Average event tone was positive (5.20). Average Goldstein score was 1.45.,0
Italy,1998,1.1147023021963487,5.029302901079946,0.0234337883440841,1.329657071766133,False,Event volume around its typical baseline (1.3x). Average event tone was positive (5.03). Average Goldstein score was 1.11.,0
Italy,1999,1.2609166026133742,5.435188007954095,0.0191015849127377,1.0189722588854844,False,Event volume around its typical baseline (1.0x). Average event tone was positive (5.44). Average Goldstein score was 1.26.,0
Italy,2000,1.3491791435190952,5.539086206713541,0.0153521165616366,0.8155447837533556,False,Event volume around its typical baseline (0.8x). Average event tone was positive (5.54). Average Goldstein score was 1.35.,0
Italy,2001,0.9482714965389096,5.106745522207185,0.0169118779231576,0.8935316336477429,False,Event volume around its typical baseline (0.9x). Average event tone was positive (5.11). Average Goldstein score was 0.95.,0
Italy,2002,0.778526539939753,5.067517156942405,0.0156888082327696,0.8171258407108588,False,Event volume around its typical baseline (0.8x). Average event tone was positive (5.07). Average Goldstein score was 0.78.,0
Italy,2003,0.963215868238442,5.155880356972663,0.0155951378418736,0.8617224114611456,False,Event volume around its typical baseline (0.9x). Average event tone was positive (5.16). Average Goldstein score was 0.96.,0
Italy,2004,0.6874216620459893,5.141649991041428,0.0172538510732136,1.0437961364353108,False,Event volume around its typical baseline (1.0x). Average event tone was positive (5.14). Average Goldstein score was 0.69.,0
Italy,2005,0.6684910810020467,5.134411368497799,0.0229339212038565,1.4191468246224626,False,Event volume around its typical baseline (1.4x). Average event tone was positive (5.13). Average Goldstein score was 0.67.,0
Italy,2006,0.8102499955955674,5.155551966869481,0.0145983226488334,0.8258502292344456,False,Event volume around its typical baseline (0.8x). Average event tone was positive (5.16). Average Goldstein score was 0.81.,0
Italy,2007,0.5826734362144053,5.176081792994796,0.0135008218450793,0.7842927508884041,False,Event volume around its typical baseline (0.8x). Average event tone was positive (5.18). Average Goldstein score was 0.58.,0
Italy,2008,0.8580490621075232,5.214774231580883,0.0097556407504179,0.5815094060012849,False,Event volume around its typical baseline (0.6x). Average event tone was positive (5.21). Average Goldstein score was 0.86.,0
Italy,2009,0.7767055375843223,5.291910199585941,0.0133080548750041,0.8526152459415972,False,Event volume around its typical baseline (0.9x). Average event tone was positive (5.29). Average Goldstein score was 0.78.,0
Italy,2010,0.7194045740575272,5.587531981766156,0.0099759608993569,0.6731711832750893,False,Event volume around its typical baseline (0.7x). Average event tone was positive (5.59). Average Goldstein score was 0.72.,0
Italy,2011,0.7917604369436623,5.453484027521359,0.0131845956268565,1.0782510784620742,False,Event volume around its typical baseline (1.1x). Average event tone was positive (5.45). Average Goldstein score was 0.79.,0
Italy,2012,0.871994746814663,5.04381198592323,0.0101685048692355,0.8512760377488064,False,Event volume around its typical baseline (0.9x). Average event tone was positive (5.04). Average Goldstein score was 0.87.,0
Italy,2013,0.7800695654514022,2.5694155538114365,0.0134525226914652,1.192752704614747,False,Event volume around its typical baseline (1.2x). Average event tone was positive (2.57). Average Goldstein score was 0.78.,0
Italy,2014,1.0867229601518007,2.625871131074129,0.0091057685661492,0.7576820832556498,False,Event volume around its typical baseline (0.8x). Average event tone was positive (2.63). Average Goldstein score was 1.09.,0
Italy,2015,1.042286710028416,-1.2890040502328166,0.0100696156898342,0.9008850134970864,False,Event volume around its typical baseline (0.9x). Average event tone was negative (-1.29). Average Goldstein score was 1.04.,1
Italy,2016,1.0360816436381772,-1.6660534517078558,0.0095143540681925,0.8497841055994027,False,Event volume around its typical baseline (0.8x). Average event tone was negative (-1.67). Average Goldstein score was 1.04.,1
Italy,2017,1.082498453372544,-1.3986234176726977,0.0082410977645513,0.7877057069559973,False,Event volume around its typical baseline (0.8x). Average event tone was negative (-1.40). Average Goldstein score was 1.08.,1
Italy,2018,0.9836214619015144,-1.5659957582336943,0.0088607789181251,0.8793358692879132,False,Event volume around its typical baseline (0.9x). Average event tone was negative (-1.57). Average Goldstein score was 0.98.,1
Italy,2019,1.1037294697680036,-1.2369727099561825,0.0078384724510738,0.8558851276484687,False,Event volume around its typical baseline (0.9x). Average event tone was negative (-1.24). Average Goldstein score was 1.10.,1
Italy,2020,1.0827174447971708,-2.018610323375985,0.0105025465862988,1.1794168723643776,False,Event volume around its typical baseline (1.2x). Average event tone was negative (-2.02). Average Goldstein score was 1.08.,1
Italy,2021,1.0200096356965498,-1.2099317995424843,0.0089979381588805,1.0007215967683527,False,Event volume around its typical baseline (1.0x). Average event tone was negative (-1.21). Average Goldstein score was 1.02.,1
Italy,2022,1.2143022381585795,-0.8478377362625044,0.0072923192103481,0.8204525628630868,False,Event volume around its typical baseline (0.8x). Average event tone was negative (-0.85). Average Goldstein score was 1.21.,1
Italy,2023,1.2159900708016105,-0.8793208008069103,0.0082876804930712,0.9527809655341234,False,Event volume around its typical baseline (1.0x). Average event tone was negative (-0.88). Average Goldstein score was 1.22.,1
Italy,2024,1.224605978687958,-0.6502262630188214,0.0076190053435805,0.8876037413246922,False,Event volume around its typical baseline (0.9x). Average event tone was negative (-0.65). Average Goldstein score was 1.22.,1
Italy,2025,1.1944110254362654,-0.4810894335037072,0.0096333957064314,1.12804576276177,False,Event volume around its typical baseline (1.1x). Average event tone was negative (-0.48). Average Goldstein score was 1.19.,1
Japan,1980,1.6093078195133466,4.75195768043029,0.0253091781205276,1.0,True,Event volume around its typical baseline (1.0x). Average event tone was positive (4.75). Average Goldstein score was 1.61.,0
Japan,1981,1.5722001513431705,5.258791637948043,0.024786541083479,0.9793499008715476,False,Event volume around its typical baseline (1.0x). Average event tone was positive (5.26). Average Goldstein score was 1.57.,0
Japan,1982,0.98787778513126,5.081307993719809,0.0204338032165633,0.8157903925223632,False,Event volume around its typical baseline (0.8x). Average event tone was positive (5.08). Average Goldstein score was 0.99.,0
Japan,1983,1.3801868874876555,4.795624404643902,0.0293499774658301,1.2484124289463554,False,Event volume around its typical baseline (1.2x). Average event tone was positive (4.80). Average Goldstein score was 1.38.,0
Japan,1984,1.4002392115587028,4.94151463443347,0.0226387287513642,0.9066416542779192,False,Event volume around its typical baseline (0.9x). Average event tone was positive (4.94). Average Goldstein score was 1.40.,0
Japan,1985,1.4463659328762182,4.659844624940966,0.0256967900538767,1.048692522720495,False,Event volume around its typical baseline (1.0x). Average event tone was positive (4.66). Average Goldstein score was 1.45.,0
Japan,1986,1.4669507818508083,4.823576144050226,0.0282973013577166,1.1511780573740835,False,Event volume around its typical baseline (1.2x). Average event tone was positive (4.82). Average Goldstein score was 1.47.,0
Japan,1987,1.3832827586206895,4.459746181719311,0.0260290317802537,1.029494212239412,False,Event volume around its typical baseline (1.0x). Average event tone was positive (4.46). Average Goldstein score was 1.38.,0
Japan,1988,1.7491962077493826,4.242721080456207,0.0269327582418579,1.0200888194044415,False,Event volume around its typical baseline (1.0x). Average event tone was positive (4.24). Average Goldstein score was 1.75.,0
Japan,1989,1.7220302932645817,4.732091583507721,0.0290728550228556,1.1216845739702332,False,Event volume around its typical baseline (1.1x). Average event tone was positive (4.73). Average Goldstein score was 1.72.,0
Japan,1990,1.8495404765835668,4.916079760811295,0.0332806082044242,1.2232932934377458,False,Event volume around its typical baseline (1.2x). Average event tone was positive (4.92). Average Goldstein score was 1.85.,0
Japan,1991,2.013332495075233,5.015890277156529,0.0341433685919499,1.1887320257396223,False,Event volume around its typical baseline (1.2x). Average event tone was positive (5.02). Average Goldstein score was 2.01.,0
Japan,1992,1.980357319119534,5.07816752485856,0.0394047992749187,1.3182511249417606,False,Event volume around its typical baseline (1.3x). Average event tone was positive (5.08). Average Goldstein score was 1.98.,0
Japan,1993,1.584721569297833,5.355361364767263,0.0389296860751824,1.1953766717806638,False,Event volume around its typical baseline (1.2x). Average event tone was positive (5.36). Average Goldstein score was 1.58.,0
Japan,1994,1.53923088615291,5.174866589963296,0.0303559730277859,0.868150326820023,False,Event volume around its typical baseline (0.9x). Average event tone was positive (5.17). Average Goldstein score was 1.54.,0
Japan,1995,0.6838955720501663,5.012143329673044,0.0416486090372197,1.1824303043645836,False,Event volume around its typical baseline (1.2x). Average event tone was positive (5.01). Average Goldstein score was 0.68.,0
Japan,1996,1.250067348207501,5.354997605841682,0.0375887268640098,1.018761668524692,False,Event volume around its typical baseline (1.0x). Average event tone was positive (5.35). Average Goldstein score was 1.25.,0
Japan,1997,1.563014358426951,5.444948150439528,0.0391871557127099,1.042612027215833,False,Event volume around its typical baseline (1.0x). Average event tone was positive (5.44). Average Goldstein score was 1.56.,0
Japan,1998,1.752340645161289,5.368947388344597,0.0365283792227383,0.972999570966944,False,Event volume around its typical baseline (1.0x). Average event tone was positive (5.37). Average Goldstein score was 1.75.,0
Japan,1999,1.725414052620595,5.559195987153316,0.0331897573391137,0.8955254548830098,False,Event volume around its typical baseline (0.9x). Average event tone was positive (5.56). Average Goldstein score was 1.73.,0
Japan,2000,1.6448011208521771,5.475885022880637,0.0433388114464977,1.1517541735944077,False,Event volume around its typical baseline (1.2x). Average event tone was positive (5.48). Average Goldstein score was 1.64.,0
Japan,2001,1.449040998710951,5.380956661608806,0.0434341381939382,1.1440101814863417,False,Event volume around its typical baseline (1.1x). Average event tone was positive (5.38). Average Goldstein score was 1.45.,0
Japan,2002,1.5773756858368868,5.464851353141752,0.0334701015572332,0.8552330915711235,False,Event volume around its typical baseline (0.9x). Average event tone was positive (5.46). Average Goldstein score was 1.58.,0
Japan,2003,1.7218761087064502,5.542909053823337,0.042300319290368,1.1133937355644856,False,Event volume around its typical baseline (1.1x). Average event tone was positive (5.54). Average Goldstein score was 1.72.,0
Japan,2004,1.3835035141227952,5.3332326222599775,0.0403051938568264,1.0295956107240916,False,Event volume around its typical baseline (1.0x). Average event tone was positive (5.33). Average Goldstein score was 1.38.,0
Japan,2005,1.2736712567761228,5.364203341701925,0.0367680481914413,0.9062930346633312,False,Event volume around its typical baseline (0.9x). Average event tone was positive (5.36). Average Goldstein score was 1.27.,0
Japan,2006,1.4112444763532297,5.619428652268023,0.026952063686021,0.6865795198533202,False,Event volume around its typical baseline (0.7x). Average event tone was positive (5.62). Average Goldstein score was 1.41.,0
Japan,2007,1.2544923193063926,5.558711357884514,0.0250954195291315,0.6978869855869893,False,Event volume around its typical baseline (0.7x). Average event tone was positive (5.56). Average Goldstein score was 1.25.,0
Japan,2008,1.3089403014469925,5.469207679932634,0.0187653069381158,0.5473454845337759,False,Event volume around its typical baseline (0.5x). Average event tone was positive (5.47). Average Goldstein score was 1.31.,0
Japan,2009,1.64241036006764,5.743367071457679,0.0190061124042001,0.642593222674979,False,Event volume around its typical baseline (0.6x). Average event tone was positive (5.74). Average Goldstein score was 1.64.,0
Japan,2010,1.4271240407319952,5.605872980102827,0.0184495652519226,0.7287309293245421,False,Event volume around its typical baseline (0.7x). Average event tone was positive (5.61). Average Goldstein score was 1.43.,0
Japan,2011,1.5003550211265368,5.406632393275172,0.0209006336140694,0.9652225637322877,False,Event volume around its typical baseline (1.0x). Average event tone was positive (5.41). Average Goldstein score was 1.50.,0
Japan,2012,1.3463441747602711,5.112862834105431,0.0132916981715017,0.6501703857650215,False,Event volume around its typical baseline (0.7x). Average event tone was positive (5.11). Average Goldstein score was 1.35.,0
Japan,2013,1.4583085488375462,2.584172809093991,0.013289291845189,0.734918946527919,False,Event volume around its typical baseline (0.7x). Average event tone was positive (2.58). Average Goldstein score was 1.46.,0
Japan,2014,1.4513236320320728,2.5884637990971786,0.0132783342684927,0.7816550601039258,False,Event volume around its typical baseline (0.8x). Average event tone was positive (2.59). Average Goldstein score was 1.45.,0
Japan,2015,1.331998436465925,-0.5404065364492278,0.0130289752030844,0.82243742196364,False,Event volume around its typical baseline (0.8x). Average event tone was negative (-0.54). Average Goldstein score was 1.33.,1
Japan,2016,1.3049120104253646,-0.9973964354169272,0.0124745696563498,0.8452873033852485,False,Event volume around its typical baseline (0.8x). Average event tone was negative (-1.00). Average Goldstein score was 1.30.,1
Japan,2017,1.2189716832366435,-0.9274176520044626,0.0126267602496195,0.9658970310561472,False,Event volume around its typical baseline (1.0x). Average event tone was negative (-0.93). Average Goldstein score was 1.22.,1
Japan,2018,1.3982947799850272,-0.7050325171685473,0.0100990187230776,0.7804746250934743,False,Event volume around its typical baseline (0.8x). Average event tone was negative (-0.71). Average Goldstein score was 1.40.,1
Japan,2019,1.406268096109578,-0.8692800417497483,0.0121653472118386,0.9889294754107384,False,Event volume around its typical baseline (1.0x). Average event tone was negative (-0.87). Average Goldstein score was 1.41.,1
Japan,2020,1.2555264012724592,-1.5419957127779476,0.0103476757526265,0.8566712570628049,False,Event volume around its typical baseline (0.9x). Average event tone was negative (-1.54). Average Goldstein score was 1.26.,1
Japan,2021,1.2949775025212698,-0.9778350170933134,0.0104640304741884,0.9065516521794046,False,Event volume around its typical baseline (0.9x). Average event tone was negative (-0.98). Average Goldstein score was 1.29.,1
Japan,2022,1.2539038034916248,-0.8732604015957901,0.0112860402731254,1.0130580245705414,False,Event volume around its typical baseline (1.0x). Average event tone was negative (-0.87). Average Goldstein score was 1.25.,1
Japan,2023,1.5462774105909614,-0.4455570676880577,0.0120000696272089,1.103716273129464,False,Event volume around its typical baseline (1.1x). Average event tone was negative (-0.45). Average Goldstein score was 1.55.,1
Japan,2024,1.419609553931727,-0.2943305317412077,0.0094860521173437,0.8430073563576409,False,Event volume around its typical baseline (0.8x). Average event tone was negative (-0.29). Average Goldstein score was 1.42.,1
Japan,2025,1.432129145061376,-0.1599398436952162,0.0091901666909031,0.8575497618956975,False,Event volume around its typical baseline (0.9x). Average event tone was negative (-0.16). Average Goldstein score was 1.43.,1
"Korea, South",1980,-0.6182283252557892,4.710858895166472,0.0144297623000619,1.0,True,Event volume around its typical baseline (1.0x). Average event tone was positive (4.71). Average Goldstein score was -0.62.,0
"Korea, South",1981,0.2774837310195226,5.316599329099396,0.0068976439907137,0.4780150807254889,False,Event volume around its typical baseline (0.5x). Average event tone was positive (5.32). Average Goldstein score was 0.28.,0
"Korea, South",1982,0.1258789062499999,4.598562000004456,0.0078095682632963,0.732350493709505,False,Event volume around its typical baseline (0.7x). Average event tone was positive (4.60). Average Goldstein score was 0.13.,0
"Korea, South",1983,0.202967563837129,4.542966317114069,0.0142230072836252,1.464428702839107,False,Event volume around its typical baseline (1.5x). Average event tone was positive (4.54). Average Goldstein score was 0.20.,0
"Korea, South",1984,0.7212612612612617,4.835303889212343,0.0118586181795069,1.0939689249774605,False,Event volume around its typical baseline (1.1x). Average event tone was positive (4.84). Average Goldstein score was 0.72.,0
"Korea, South",1985,0.5729574611748819,5.139975188643274,0.0132167345289798,1.1967647246455004,False,Event volume around its typical baseline (1.2x). Average event tone was positive (5.14). Average Goldstein score was 0.57.,0
"Korea, South",1986,-0.3209302325581395,4.946918080123528,0.012810418349101,1.186027461270063,False,Event volume around its typical baseline (1.2x). Average event tone was positive (4.95). Average Goldstein score was -0.32.,0
"Korea, South",1987,-1.1926543592925851,5.292043470499795,0.0306323134905613,2.556171458864652,False,A notable spike in event volume above its typical baseline (2.6x). Average event tone was positive (5.29). Average Goldstein score was -1.19.,2
"Korea, South",1988,-0.3927393185505677,5.045889928780687,0.0162787862961076,0.9837183638575244,False,Event volume around its typical baseline (1.0x). Average event tone was positive (5.05). Average Goldstein score was -0.39.,0
"Korea, South",1989,-0.4985012066556589,4.388731149843542,0.0175627474369134,1.035577566840303,False,Event volume around its typical baseline (1.0x). Average event tone was positive (4.39). Average Goldstein score was -0.50.,0
"Korea, South",1990,0.9351420838971586,4.919096053567228,0.0154728894989704,0.854846326647726,False,Event volume around its typical baseline (0.9x). Average event tone was positive (4.92). Average Goldstein score was 0.94.,0
"Korea, South",1991,0.6338581897405429,4.863696833105846,0.0171775067516645,0.9259397152917812,False,Event volume around its typical baseline (0.9x). Average event tone was positive (4.86). Average Goldstein score was 0.63.,0
"Korea, South",1992,1.6716608084358522,5.41201316345192,0.0148934521919692,0.7667216577044845,False,Event volume around its typical baseline (0.8x). Average event tone was positive (5.41). Average Goldstein score was 1.67.,0
"Korea, South",1993,1.1917832388153753,4.862150953958545,0.0134697689243246,0.8275299915197075,False,Event volume around its typical baseline (0.8x). Average event tone was positive (4.86). Average Goldstein score was 1.19.,0
"Korea, South",1994,1.1911669417446054,5.019775437762147,0.0184158235275656,1.171842421925399,False,Event volume around its typical baseline (1.2x). Average event tone was positive (5.02). Average Goldstein score was 1.19.,0
"Korea, South",1995,1.07780275166871,5.347144188259812,0.0167002702734647,1.051264498742195,False,Event volume around its typical baseline (1.1x). Average event tone was positive (5.35). Average Goldstein score was 1.08.,0
"Korea, South",1996,0.919086813670698,5.403098650059941,0.0206646229279955,1.281021400322591,False,Event volume around its typical baseline (1.3x). Average event tone was positive (5.40). Average Goldstein score was 0.92.,0
"Korea, South",1997,1.411403325194743,5.850819490698436,0.0245981895820448,1.461673307188408,False,Event volume around its typical baseline (1.5x). Average event tone was positive (5.85). Average Goldstein score was 1.41.,0
"Korea, South",1998,1.6458347363458818,5.690885250693274,0.0227861344517235,1.2139827437398756,False,Event volume around its typical baseline (1.2x). Average event tone was positive (5.69). Average Goldstein score was 1.65.,0
"Korea, South",1999,1.252572011463545,5.548446296082696,0.0167750844550493,0.8130217528639372,False,Event volume around its typical baseline (0.8x). Average event tone was positive (5.55). Average Goldstein score was 1.25.,0
"Korea, South",2000,1.953116431423788,6.117112342273013,0.0238375167988901,1.1739808303046353,False,Event volume around its typical baseline (1.2x). Average event tone was positive (6.12). Average Goldstein score was 1.95.,0
"Korea, South",2001,1.7556679268456503,5.80560867027228,0.0198087795857574,0.9114898467319432,False,Event volume around its typical baseline (0.9x). Average event tone was positive (5.81). Average Goldstein score was 1.76.,0
"Korea, South",2002,1.6007462295768742,5.480883547765303,0.0177143241416194,0.8215856555277513,False,Event volume around its typical baseline (0.8x). Average event tone was positive (5.48). Average Goldstein score was 1.60.,0
"Korea, South",2003,1.681094683862849,5.666249401444631,0.0233268110534381,1.1556869744192018,False,Event volume around its typical baseline (1.2x). Average event tone was positive (5.67). Average Goldstein score was 1.68.,0
"Korea, South",2004,1.66459396553565,5.401584754295101,0.0228650921714168,1.126775338568616,False,Event volume around its typical baseline (1.1x). Average event tone was positive (5.40). Average Goldstein score was 1.66.,0
"Korea, South",2005,1.6770838035662468,5.599711854407564,0.0183811195970879,0.8545182835328949,False,Event volume around its typical baseline (0.9x). Average event tone was positive (5.60). Average Goldstein score was 1.68.,0
"Korea, South",2006,1.3323325890373945,5.555361851330416,0.0123057038753176,0.602652827841274,False,Event volume around its typical baseline (0.6x). Average event tone was positive (5.56). Average Goldstein score was 1.33.,0
"Korea, South",2007,1.4938673968771856,5.548042306268544,0.0125197844766659,0.6617708365274542,False,Event volume around its typical baseline (0.7x). Average event tone was positive (5.55). Average Goldstein score was 1.49.,0
"Korea, South",2008,1.1764876290803246,5.359934308711259,0.0078553291223397,0.4393433972886345,False,Event volume around its typical baseline (0.4x). Average event tone was positive (5.36). Average Goldstein score was 1.18.,0
"Korea, South",2009,1.3703935575209798,5.481339002938053,0.0126948703615396,0.8586081769795467,False,Event volume around its typical baseline (0.9x). Average event tone was positive (5.48). Average Goldstein score was 1.37.,0
"Korea, South",2010,0.9836627565232944,5.302840276847759,0.0146050993476402,1.1453756810988016,False,Event volume around its typical baseline (1.1x). Average event tone was positive (5.30). Average Goldstein score was 0.98.,0
"Korea, South",2011,1.292474602849935,5.661792525714614,0.0078993281945914,0.6584882064338797,False,Event volume around its typical baseline (0.7x). Average event tone was positive (5.66). Average Goldstein score was 1.29.,0
"Korea, South",2012,1.1456463547991071,5.226495114439089,0.0064117884680683,0.5768651700205515,False,Event volume around its typical baseline (0.6x). Average event tone was positive (5.23). Average Goldstein score was 1.15.,0
"Korea, South",2013,1.1867021708610346,2.42965898439814,0.0069952266039763,0.7070682739079289,False,Event volume around its typical baseline (0.7x). Average event tone was positive (2.43). Average Goldstein score was 1.19.,0
"Korea, South",2014,1.0747251443017134,2.3385986746160694,0.0090131016115421,0.92715339425422,False,Event volume around its typical baseline (0.9x). Average event tone was positive (2.34). Average Goldstein score was 1.07.,0
"Korea, South",2015,1.207007121348404,-1.0934900977269029,0.0069478405352824,0.7732789118970598,False,Event volume around its typical baseline (0.8x). Average event tone was negative (-1.09). Average Goldstein score was 1.21.,1
"Korea, South",2016,0.8198765582332614,-1.8398109376597105,0.0077376146330388,1.0381242619624869,False,Event volume around its typical baseline (1.0x). Average event tone was negative (-1.84). Average Goldstein score was 0.82.,1
"Korea, South",2017,0.6381608831021797,-2.072197655628921,0.0108926209925861,1.4677877807758388,False,Event volume around its typical baseline (1.5x). Average event tone was negative (-2.07). Average Goldstein score was 0.64.,1
"Korea, South",2018,1.5655084045118255,-0.9257453106375588,0.0090532795569046,1.0884903002141593,False,Event volume around its typical baseline (1.1x). Average event tone was negative (-0.93). Average Goldstein score was 1.57.,1
"Korea, South",2019,1.4539056640009271,-1.03435218169993,0.0061660026675088,0.7063901174183828,False,Event volume around its typical baseline (0.7x). Average event tone was negative (-1.03). Average Goldstein score was 1.45.,1
"Korea, South",2020,1.1215207230290347,-1.985960336407652,0.0061657810632866,0.7556593499329501,False,Event volume around its typical baseline (0.8x). Average event tone was negative (-1.99). Average Goldstein score was 1.12.,1
"Korea, South",2021,1.462973244917504,-0.9384048562401512,0.0057752505779346,0.721630318249543,False,Event volume around its typical baseline (0.7x). Average event tone was negative (-0.94). Average Goldstein score was 1.46.,1
"Korea, South",2022,1.1642099131132495,-1.096015127570907,0.0070587446937107,0.9274901817705298,False,Event volume around its typical baseline (0.9x). Average event tone was negative (-1.10). Average Goldstein score was 1.16.,1
"Korea, South",2023,1.347084434649262,-0.860135121578347,0.0068648484317243,1.0030738308914573,False,Event volume around its typical baseline (1.0x). Average event tone was negative (-0.86). Average Goldstein score was 1.35.,1
"Korea, South",2024,1.0722273140314595,-1.3074348420225042,0.0078226660361357,1.2211228225569717,False,Event volume around its typical baseline (1.2x). Average event tone was negative (-1.31). Average Goldstein score was 1.07.,1
"Korea, South",2025,1.2162216770740415,-1.108187729255674,0.0070999519220248,1.0538027476873222,False,Event volume around its typical baseline (1.1x). Average event tone was negative (-1.11). Average Goldstein score was 1.22.,1
Mexico,1980,1.3391484084332363,4.525065357862919,0.0069643921345724,1.0,True,Event volume around its typical baseline (1.0x). Average event tone was positive (4.53). Average Goldstein score was 1.34.,0
Mexico,1981,0.9661382954284404,5.089111345352732,0.0092896689209791,1.3338807955490786,False,Event volume around its typical baseline (1.3x). Average event tone was positive (5.09). Average Goldstein score was 0.97.,0
Mexico,1982,0.4277811275248717,4.698203218175352,0.012717793498812,1.564875812308853,False,Event volume somewhat elevated above its typical baseline (1.6x). Average event tone was positive (4.70). Average Goldstein score was 0.43.,3
Mexico,1983,0.7079308288610616,4.775432406222575,0.0170844314847006,1.7690719231635237,False,Event volume somewhat elevated above its typical baseline (1.8x). Average event tone was positive (4.78). Average Goldstein score was 0.71.,3
Mexico,1984,0.8814143515079489,4.828912694390194,0.0129713877691675,1.1265682828324848,False,Event volume around its typical baseline (1.1x). Average event tone was positive (4.83). Average Goldstein score was 0.88.,0
Mexico,1985,-0.0324532710280373,4.537411513302465,0.014009077590042,1.1866533683467273,False,Event volume around its typical baseline (1.2x). Average event tone was positive (4.54). Average Goldstein score was -0.03.,0
Mexico,1986,0.687320099255583,4.642645443999888,0.0128222015268473,0.970315096186639,False,Event volume around its typical baseline (1.0x). Average event tone was positive (4.64). Average Goldstein score was 0.69.,0
Mexico,1987,1.323288372887144,4.531291801129754,0.0098504797485229,0.7075996732371481,False,Event volume around its typical baseline (0.7x). Average event tone was positive (4.53). Average Goldstein score was 1.32.,0
Mexico,1988,0.2641854636591477,4.453484771907985,0.0129754553914234,0.9721251322779718,False,Event volume around its typical baseline (1.0x). Average event tone was positive (4.45). Average Goldstein score was 0.26.,0
Mexico,1989,0.1919321835720549,4.474306641868915,0.0116101990745259,0.9269086885976984,False,Event volume around its typical baseline (0.9x). Average event tone was positive (4.47). Average Goldstein score was 0.19.,0
Mexico,1990,0.3684290540540542,4.745582712326559,0.0098702286046143,0.8055039431183183,False,Event volume around its typical baseline (0.8x). Average event tone was positive (4.75). Average Goldstein score was 0.37.,0
Mexico,1991,1.0141698473282448,5.079220143030943,0.009802558874707,0.8579384924981681,False,Event volume around its typical baseline (0.9x). Average event tone was positive (5.08). Average Goldstein score was 1.01.,0
Mexico,1992,0.9292498152254244,4.841829557884006,0.0102591475906676,0.9480088744629668,False,Event volume around its typical baseline (0.9x). Average event tone was positive (4.84). Average Goldstein score was 0.93.,0
Mexico,1993,0.344984416483897,5.313859433020882,0.0122463685237829,1.123157555939821,False,Event volume around its typical baseline (1.1x). Average event tone was positive (5.31). Average Goldstein score was 0.34.,0
Mexico,1994,-0.3937402527561175,5.276167037181812,0.021514410691423,1.9999079379563505,False,Event volume somewhat elevated above its typical baseline (2.0x). Average event tone was positive (5.28). Average Goldstein score was -0.39.,3
Mexico,1995,-0.3511848701200061,5.0093527326253735,0.0138741691848851,1.0891488406948089,False,Event volume around its typical baseline (1.1x). Average event tone was positive (5.01). Average Goldstein score was -0.35.,0
Mexico,1996,0.317201821964798,5.433734830164347,0.010509328199293,0.776207348810541,False,Event volume around its typical baseline (0.8x). Average event tone was positive (5.43). Average Goldstein score was 0.32.,0
Mexico,1997,0.2134412032816772,5.375311863192043,0.0097874745777148,0.7154228529935389,False,Event volume around its typical baseline (0.7x). Average event tone was positive (5.38). Average Goldstein score was 0.21.,0
Mexico,1998,-0.0958246899412984,4.949752330806342,0.0107507922280833,0.791293617623358,False,Event volume around its typical baseline (0.8x). Average event tone was positive (4.95). Average Goldstein score was -0.10.,0
Mexico,1999,0.2377640153440864,5.314593726967604,0.0085118023942898,0.6405999750501061,False,Event volume around its typical baseline (0.6x). Average event tone was positive (5.31). Average Goldstein score was 0.24.,0
Mexico,2000,0.6493782608695653,5.739251735881377,0.0086884451223116,0.8130137737118635,False,Event volume around its typical baseline (0.8x). Average event tone was positive (5.74). Average Goldstein score was 0.65.,0
Mexico,2001,0.9842725156922209,6.009228051498472,0.0085862402576945,0.8898056170940819,False,Event volume around its typical baseline (0.9x). Average event tone was positive (6.01). Average Goldstein score was 0.98.,0
Mexico,2002,0.7170227366302205,5.750003475691146,0.0077152957056313,0.8327400517893518,False,Event volume around its typical baseline (0.8x). Average event tone was positive (5.75). Average Goldstein score was 0.72.,0
Mexico,2003,0.5876597996905795,5.598526162037922,0.0072074107286991,0.8143492907910542,False,Event volume around its typical baseline (0.8x). Average event tone was positive (5.60). Average Goldstein score was 0.59.,0
Mexico,2004,0.5242192796131419,5.633528350648734,0.0083004210603898,1.019477445052316,False,Event volume around its typical baseline (1.0x). Average event tone was positive (5.63). Average Goldstein score was 0.52.,0
Mexico,2005,-0.1972570207207742,5.242565630960503,0.0088584787882044,1.093698419666106,False,Event volume around its typical baseline (1.1x). Average event tone was positive (5.24). Average Goldstein score was -0.20.,0
Mexico,2006,-0.1454889730392465,5.179209760411393,0.0094976403251673,1.1677087838522555,False,Event volume around its typical baseline (1.2x). Average event tone was positive (5.18). Average Goldstein score was -0.15.,0
Mexico,2007,0.1788448755950777,4.932188505278786,0.0073967077968424,0.8894711184356706,False,Event volume around its typical baseline (0.9x). Average event tone was positive (4.93). Average Goldstein score was 0.18.,0
Mexico,2008,-0.078140749614185,4.559456012434313,0.0096714457270559,1.1719936171570713,False,Event volume around its typical baseline (1.2x). Average event tone was positive (4.56). Average Goldstein score was -0.08.,0
Mexico,2009,0.1606723600234033,4.740715053267143,0.0138576246156632,1.584645133420892,False,Event volume somewhat elevated above its typical baseline (1.6x). Average event tone was positive (4.74). Average Goldstein score was 0.16.,3
Mexico,2010,-0.7296800237702484,4.640519059827926,0.0152006353938684,1.542212885580787,False,Event volume somewhat elevated above its typical baseline (1.5x). Average event tone was positive (4.64). Average Goldstein score was -0.73.,3
Mexico,2011,-0.5952051167523911,4.737831300925848,0.0112682934515258,1.0128975389110484,False,Event volume around its typical baseline (1.0x). Average event tone was positive (4.74). Average Goldstein score was -0.60.,0
Mexico,2012,0.1090814299686757,4.870829404451296,0.0104587243363229,0.9111227224371312,False,Event volume around its typical baseline (0.9x). Average event tone was positive (4.87). Average Goldstein score was 0.11.,0
Mexico,2013,0.3719355241784331,2.362794884994916,0.0085811644475891,0.7096947988027053,False,Event volume around its typical baseline (0.7x). Average event tone was positive (2.36). Average Goldstein score was 0.37.,0
Mexico,2014,0.0179132552544822,2.169095709359873,0.0087455167559873,0.7365707313148266,False,Event volume around its typical baseline (0.7x). Average event tone was positive (2.17). Average Goldstein score was 0.02.,0
Mexico,2015,0.0970006470886302,-1.99658459808706,0.0085846542370672,0.7911491620284477,False,Event volume around its typical baseline (0.8x). Average event tone was negative (-2.00). Average Goldstein score was 0.10.,1
Mexico,2016,0.3298960773995162,-2.219835361105083,0.0104878341717264,1.1007763137217068,False,Event volume around its typical baseline (1.1x). Average event tone was negative (-2.22). Average Goldstein score was 0.33.,1
Mexico,2017,0.4967207719197824,-2.1329476885309604,0.0111519049221002,1.1899707799832986,False,Event volume around its typical baseline (1.2x). Average event tone was negative (-2.13). Average Goldstein score was 0.50.,1
Mexico,2018,0.6116081050046818,-2.273868237609052,0.0128637334203629,1.3526227899474537,False,Event volume around its typical baseline (1.4x). Average event tone was negative (-2.27). Average Goldstein score was 0.61.,1
Mexico,2019,0.3421501293928937,-2.835461631174653,0.0136818292077178,1.3197827011529368,False,Event volume around its typical baseline (1.3x). Average event tone was negative (-2.84). Average Goldstein score was 0.34.,1
Mexico,2020,0.4070572288556215,-2.531026749987611,0.0071715629070116,0.6316336507460207,False,Event volume around its typical baseline (0.6x). Average event tone was negative (-2.53). Average Goldstein score was 0.41.,1
Mexico,2021,0.5888958762100768,-2.35811309544776,0.0093012652671403,0.840118504677853,False,Event volume around its typical baseline (0.8x). Average event tone was negative (-2.36). Average Goldstein score was 0.59.,1
Mexico,2022,0.2734199334319525,-2.4316724740156515,0.0074421492887247,0.686921604286334,False,Event volume around its typical baseline (0.7x). Average event tone was negative (-2.43). Average Goldstein score was 0.27.,1
Mexico,2023,0.2865636417429832,-2.49144225819663,0.0081680170008154,0.8093469655786698,False,Event volume around its typical baseline (0.8x). Average event tone was negative (-2.49). Average Goldstein score was 0.29.,1
Mexico,2024,0.2561483898589464,-2.3089636512191665,0.0069273705758101,0.7568444517068883,False,Event volume around its typical baseline (0.8x). Average event tone was negative (-2.31). Average Goldstein score was 0.26.,1
Mexico,2025,0.3596400664973241,-2.5778989563363663,0.0075877661707089,0.9725320646225092,False,Event volume around its typical baseline (1.0x). Average event tone was negative (-2.58). Average Goldstein score was 0.36.,1
Nigeria,1980,1.848709500274573,4.975309340095219,0.0056057339146901,1.0,True,Event volume around its typical baseline (1.0x). Average event tone was positive (4.98). Average Goldstein score was 1.85.,0
Nigeria,1981,1.609655751469353,4.765776131345391,0.0056469598907469,1.0073542513226843,False,Event volume around its typical baseline (1.0x). Average event tone was positive (4.77). Average Goldstein score was 1.61.,0
Nigeria,1982,1.062789880534084,4.694861988871856,0.0068477658527758,1.2170891648126332,False,Event volume around its typical baseline (1.2x). Average event tone was positive (4.69). Average Goldstein score was 1.06.,0
Nigeria,1983,0.5787164374590705,4.678988432861681,0.0071626468615197,1.1871488896034312,False,Event volume around its typical baseline (1.2x). Average event tone was positive (4.68). Average Goldstein score was 0.58.,0
Nigeria,1984,0.1428452924097883,4.021864102568819,0.0101703466021548,1.610308153387375,False,Event volume somewhat elevated above its typical baseline (1.6x). Average event tone was positive (4.02). Average Goldstein score was 0.14.,3
Nigeria,1985,0.5600186104218358,3.961750025172501,0.0066753380830429,0.9419542120380494,False,Event volume around its typical baseline (0.9x). Average event tone was positive (3.96). Average Goldstein score was 0.56.,0
Nigeria,1986,0.586985645933014,4.00798168652129,0.0061344065002741,0.8402592762982497,False,Event volume around its typical baseline (0.8x). Average event tone was positive (4.01). Average Goldstein score was 0.59.,0
Nigeria,1987,1.1910792629423803,3.6376508082282384,0.0070793765737891,0.9569181043021148,False,Event volume around its typical baseline (1.0x). Average event tone was positive (3.64). Average Goldstein score was 1.19.,0
Nigeria,1988,1.4684295612009235,3.582111425759249,0.0085679898793578,1.1509273407285645,False,Event volume around its typical baseline (1.2x). Average event tone was positive (3.58). Average Goldstein score was 1.47.,0
Nigeria,1989,1.6447217369603195,3.39875473324926,0.0088837400135992,1.149925539587861,False,Event volume around its typical baseline (1.1x). Average event tone was positive (3.40). Average Goldstein score was 1.64.,0
Nigeria,1990,1.1437549407114622,3.5048261058542307,0.0106140119317881,1.4212332650851849,False,Event volume around its typical baseline (1.4x). Average event tone was positive (3.50). Average Goldstein score was 1.14.,0
Nigeria,1991,1.07896138482024,3.9755045158991926,0.0076622585856691,0.928094328175073,False,Event volume around its typical baseline (0.9x). Average event tone was positive (3.98). Average Goldstein score was 1.08.,0
Nigeria,1992,1.3384041518001946,3.876821408352817,0.0129284962937653,1.510078075857834,False,Event volume somewhat elevated above its typical baseline (1.5x). Average event tone was positive (3.88). Average Goldstein score was 1.34.,3
Nigeria,1993,0.6359231682313587,4.649150353502714,0.017552120738148,1.803676993522657,False,Event volume somewhat elevated above its typical baseline (1.8x). Average event tone was positive (4.65). Average Goldstein score was 0.64.,3
Nigeria,1994,0.3950336172120126,4.509417617195741,0.0136099121181471,1.1805832703052097,False,Event volume around its typical baseline (1.2x). Average event tone was positive (4.51). Average Goldstein score was 0.40.,0
Nigeria,1995,0.0969667238982912,4.916293134317663,0.0138197500561428,1.107941254787559,False,Event volume around its typical baseline (1.1x). Average event tone was positive (4.92). Average Goldstein score was 0.10.,0
Nigeria,1996,0.2390467019740011,4.980698362795073,0.0097876659289119,0.7463235569727418,False,Event volume around its typical baseline (0.7x). Average event tone was positive (4.98). Average Goldstein score was 0.24.,0
Nigeria,1997,0.2225229988368403,4.690500706301307,0.0101365943884292,0.7486633728836313,False,Event volume around its typical baseline (0.7x). Average event tone was positive (4.69). Average Goldstein score was 0.22.,0
Nigeria,1998,0.6709987147501321,5.382153949246328,0.0184657888310708,1.4225015046517795,False,Event volume around its typical baseline (1.4x). Average event tone was positive (5.38). Average Goldstein score was 0.67.,0
Nigeria,1999,0.4023293928932592,5.615559318196548,0.0223252704152413,1.6959410765100884,False,Event volume somewhat elevated above its typical baseline (1.7x). Average event tone was positive (5.62). Average Goldstein score was 0.40.,3
Nigeria,2000,0.5024536910863583,5.577748081463413,0.0435831589401624,2.923667956740388,False,A notable spike in event volume above its typical baseline (2.9x). Average event tone was positive (5.58). Average Goldstein score was 0.50.,2
Nigeria,2001,0.5044906257058956,5.649034163078801,0.0364203120893132,1.7459656464682154,False,Event volume somewhat elevated above its typical baseline (1.7x). Average event tone was positive (5.65). Average Goldstein score was 0.50.,3
Nigeria,2002,0.4229271993608208,5.842890382038646,0.0583620173830078,2.228729705510497,False,Event volume somewhat elevated above its typical baseline (2.2x). Average event tone was positive (5.84). Average Goldstein score was 0.42.,3
Nigeria,2003,0.5630002895318817,6.017328360997618,0.0489912318872038,1.3672743901190765,False,Event volume around its typical baseline (1.4x). Average event tone was positive (6.02). Average Goldstein score was 0.56.,0
Nigeria,2004,0.5444052388478456,5.997428977991999,0.0610540734330841,1.4558730872621684,False,Event volume around its typical baseline (1.5x). Average event tone was positive (6.00). Average Goldstein score was 0.54.,0
Nigeria,2005,0.880678738512317,6.2005942851151215,0.0656357390811425,1.3211128650019597,False,Event volume around its typical baseline (1.3x). Average event tone was positive (6.20). Average Goldstein score was 0.88.,0
Nigeria,2006,0.5484800864014757,5.941619826934399,0.034753127930248,0.6424738298663373,False,Event volume around its typical baseline (0.6x). Average event tone was positive (5.94). Average Goldstein score was 0.55.,0
Nigeria,2007,0.0077081424799266,5.407215852313251,0.0114070831188368,0.2121883336766203,False,Event volume around its typical baseline (0.2x). Average event tone was positive (5.41). Average Goldstein score was 0.01.,0
Nigeria,2008,0.2606990500483772,5.391281670823547,0.0077641954972501,0.1749944004212071,False,Event volume around its typical baseline (0.2x). Average event tone was positive (5.39). Average Goldstein score was 0.26.,0
Nigeria,2009,0.5052703278809383,5.8408529756630845,0.0152621423639625,0.4225066676185954,False,Event volume around its typical baseline (0.4x). Average event tone was positive (5.84). Average Goldstein score was 0.51.,0
Nigeria,2010,0.4181647264578891,5.844157768662438,0.0128309751100297,0.4758476992633593,False,Event volume around its typical baseline (0.5x). Average event tone was positive (5.84). Average Goldstein score was 0.42.,0
Nigeria,2011,0.0769889033705297,5.832963956369377,0.0118904266024312,0.7248711019052636,False,Event volume around its typical baseline (0.7x). Average event tone was positive (5.83). Average Goldstein score was 0.08.,0
Nigeria,2012,-0.233107363995227,5.059110663331524,0.0140781311180604,1.1899394231336982,False,Event volume around its typical baseline (1.2x). Average event tone was positive (5.06). Average Goldstein score was -0.23.,0
Nigeria,2013,0.1936700471505589,2.723682479487581,0.0147262644452936,1.1909467897928467,False,Event volume around its typical baseline (1.2x). Average event tone was positive (2.72). Average Goldstein score was 0.19.,0
Nigeria,2014,-0.0136116765118335,2.670878576654593,0.0210336574002715,1.5288768285849708,False,Event volume somewhat elevated above its typical baseline (1.5x). Average event tone was positive (2.67). Average Goldstein score was -0.01.,3
Nigeria,2015,0.1568415603069422,-1.7174485445140648,0.0212525034627097,1.4252051302573483,False,Event volume around its typical baseline (1.4x). Average event tone was negative (-1.72). Average Goldstein score was 0.16.,1
Nigeria,2016,0.2517074339478246,-2.399903846163975,0.019208018873244,1.1573747485363783,False,Event volume around its typical baseline (1.2x). Average event tone was negative (-2.40). Average Goldstein score was 0.25.,1
Nigeria,2017,0.3889324532172835,-2.06700069496911,0.019921863133644,1.1031106010006355,False,Event volume around its typical baseline (1.1x). Average event tone was negative (-2.07). Average Goldstein score was 0.39.,1
Nigeria,2018,0.2588284944010614,-2.056572586250756,0.018131938192971,0.9429739466067196,False,Event volume around its typical baseline (0.9x). Average event tone was negative (-2.06). Average Goldstein score was 0.26.,1
Nigeria,2019,0.2356075078960028,-2.015423606066706,0.0168548240862177,0.8465678513147326,False,Event volume around its typical baseline (0.8x). Average event tone was negative (-2.02). Average Goldstein score was 0.24.,1
Nigeria,2020,0.1178259014564169,-2.4893886573732766,0.018918382756564,0.9918502578211816,False,Event volume around its typical baseline (1.0x). Average event tone was negative (-2.49). Average Goldstein score was 0.12.,1
Nigeria,2021,-0.0453684444941276,-2.3545079554105417,0.0209313645511911,1.1249184966430743,False,Event volume around its typical baseline (1.1x). Average event tone was negative (-2.35). Average Goldstein score was -0.05.,1
Nigeria,2022,0.3056240634175466,-1.6064879495011135,0.0189896347108536,1.0020029980278362,False,Event volume around its typical baseline (1.0x). Average event tone was negative (-1.61). Average Goldstein score was 0.31.,1
Nigeria,2023,0.5106205024593908,-1.2162961414074835,0.0201253170627804,1.072479169500138,False,Event volume around its typical baseline (1.1x). Average event tone was negative (-1.22). Average Goldstein score was 0.51.,1
Nigeria,2024,0.5228088423062485,-1.44777962103703,0.0209471352274108,1.0930515272326196,False,Event volume around its typical baseline (1.1x). Average event tone was negative (-1.45). Average Goldstein score was 0.52.,1
Nigeria,2025,0.3774653842618511,-1.5256197103464348,0.0196268791332091,0.982209928833247,False,Event volume around its typical baseline (1.0x). Average event tone was negative (-1.53). Average Goldstein score was 0.38.,1
Norway,1980,1.2337796086508748,4.9385774138316245,0.0027354415494213,1.0,True,Event volume around its typical baseline (1.0x). Average event tone was positive (4.94). Average Goldstein score was 1.23.,0
Norway,1981,0.8209163346613545,5.270975014546155,0.0021474116362656,0.7850329087528514,False,Event volume around its typical baseline (0.8x). Average event tone was positive (5.27). Average Goldstein score was 0.82.,0
Norway,1982,1.7750682438580525,4.557097339380623,0.002269051758438,0.9293958561314954,False,Event volume around its typical baseline (0.9x). Average event tone was positive (4.56). Average Goldstein score was 1.78.,0
Norway,1983,1.2543124999999995,5.149683083580862,0.003470469853019,1.4557533468911192,False,Event volume around its typical baseline (1.5x). Average event tone was positive (5.15). Average Goldstein score was 1.25.,0
Norway,1984,0.1127286027798097,4.639307006656316,0.002424159364892,0.9128502472135877,False,Event volume around its typical baseline (0.9x). Average event tone was positive (4.64). Average Goldstein score was 0.11.,0
Norway,1985,0.4665198237885459,5.1090088103117886,0.0024927060515962,0.9553135034320832,False,Event volume around its typical baseline (1.0x). Average event tone was positive (5.11). Average Goldstein score was 0.47.,0
Norway,1986,1.2627934978928352,4.947546011125367,0.0027475845537689,1.0729567942398814,False,Event volume around its typical baseline (1.1x). Average event tone was positive (4.95). Average Goldstein score was 1.26.,0
Norway,1987,1.346678424456201,4.421968588260184,0.0027624627639439,1.0304642721387591,False,Event volume around its typical baseline (1.0x). Average event tone was positive (4.42). Average Goldstein score was 1.35.,0
Norway,1988,1.42258064516129,4.277636934379026,0.0025573792996259,0.9200938678833308,False,Event volume around its typical baseline (0.9x). Average event tone was positive (4.28). Average Goldstein score was 1.42.,0
Norway,1989,1.5064109301103517,4.600668735895254,0.0030618896280401,1.1790745387053847,False,Event volume around its typical baseline (1.2x). Average event tone was positive (4.60). Average Goldstein score was 1.51.,0
Norway,1990,1.3582794307891328,4.823080285742186,0.0025671295074177,0.9422718049682616,False,Event volume around its typical baseline (0.9x). Average event tone was positive (4.82). Average Goldstein score was 1.36.,0
Norway,1991,1.927704485488127,6.00599538365483,0.0024895692231014,0.9088376897316752,False,Event volume around its typical baseline (0.9x). Average event tone was positive (6.01). Average Goldstein score was 1.93.,0
Norway,1992,2.322440273037542,5.324981746198286,0.0022175163190303,0.8250652231598237,False,Event volume around its typical baseline (0.8x). Average event tone was positive (5.32). Average Goldstein score was 2.32.,0
Norway,1993,1.7631560283687948,5.074070587427639,0.0039233303692835,1.5214391921595751,False,Event volume somewhat elevated above its typical baseline (1.5x). Average event tone was positive (5.07). Average Goldstein score was 1.76.,3
Norway,1994,1.6580390259635536,5.326303566884363,0.0066538446426369,2.333137540430104,False,Event volume somewhat elevated above its typical baseline (2.3x). Average event tone was positive (5.33). Average Goldstein score was 1.66.,3
Norway,1995,0.698215281650865,4.968767213809243,0.0049646989760339,1.390563692501904,False,Event volume around its typical baseline (1.4x). Average event tone was positive (4.97). Average Goldstein score was 0.70.,0
Norway,1996,1.777157745144481,5.7849274530619565,0.0061990539315611,1.5307092501099808,False,Event volume somewhat elevated above its typical baseline (1.5x). Average event tone was positive (5.78). Average Goldstein score was 1.78.,3
Norway,1997,1.8325736738703344,5.920101521059083,0.0046283344112169,0.9659087971518918,False,Event volume around its typical baseline (1.0x). Average event tone was positive (5.92). Average Goldstein score was 1.83.,0
Norway,1998,1.700998052580332,5.806627151481054,0.0048407427387546,0.9178760251311608,False,Event volume around its typical baseline (0.9x). Average event tone was positive (5.81). Average Goldstein score was 1.70.,0
Norway,1999,1.7820821482902305,5.784975726417553,0.0054346411313102,0.9958415950313072,False,Event volume around its typical baseline (1.0x). Average event tone was positive (5.78). Average Goldstein score was 1.78.,0
Norway,2000,1.7552430580341212,5.626550945899538,0.0053980302439139,1.0353958396657488,False,Event volume around its typical baseline (1.0x). Average event tone was positive (5.63). Average Goldstein score was 1.76.,0
Norway,2001,1.5197669521269124,5.7563827063536985,0.0050216143566303,0.947445716940922,False,Event volume around its typical baseline (0.9x). Average event tone was positive (5.76). Average Goldstein score was 1.52.,0
Norway,2002,2.06259558987304,5.986357354755837,0.0051835633661293,1.0234745263334353,False,Event volume around its typical baseline (1.0x). Average event tone was positive (5.99). Average Goldstein score was 2.06.,0
Norway,2003,1.588308066361556,5.900610388315349,0.0045890690225823,0.8866535419573,False,Event volume around its typical baseline (0.9x). Average event tone was positive (5.90). Average Goldstein score was 1.59.,0
Norway,2004,1.2721820755419797,5.833186927945949,0.005520334139212,1.0770577471002756,False,Event volume around its typical baseline (1.1x). Average event tone was positive (5.83). Average Goldstein score was 1.27.,0
Norway,2005,1.5029940119760483,5.875091206657842,0.0052122438171695,1.0135578590458192,False,Event volume around its typical baseline (1.0x). Average event tone was positive (5.88). Average Goldstein score was 1.50.,0
Norway,2006,1.02589881243917,5.251021371627063,0.0048789878067513,0.9556589712511092,False,Event volume around its typical baseline (1.0x). Average event tone was positive (5.25). Average Goldstein score was 1.03.,0
Norway,2007,1.0787076271186429,5.876570323371511,0.0076656616663311,1.509927873332125,False,Event volume somewhat elevated above its typical baseline (1.5x). Average event tone was positive (5.88). Average Goldstein score was 1.08.,3
Norway,2008,1.2333437611726854,5.648321235335708,0.0020812810103083,0.3734405492114629,False,Event volume around its typical baseline (0.4x). Average event tone was positive (5.65). Average Goldstein score was 1.23.,0
Norway,2009,1.5298311232007251,6.18106817987012,0.0029268352485788,0.5770913647248238,False,Event volume around its typical baseline (0.6x). Average event tone was positive (6.18). Average Goldstein score was 1.53.,0
Norway,2010,1.5123560977847086,6.493574624028194,0.0025299506954982,0.5556665131278044,False,Event volume around its typical baseline (0.6x). Average event tone was positive (6.49). Average Goldstein score was 1.51.,0
Norway,2011,0.3022430798600061,5.553717443443428,0.0050558983395468,1.2587685430422424,False,Event volume around its typical baseline (1.3x). Average event tone was positive (5.55). Average Goldstein score was 0.30.,0
Norway,2012,0.9053105028680412,5.467473870782696,0.0031916725847608,0.7876928314180858,False,Event volume around its typical baseline (0.8x). Average event tone was positive (5.47). Average Goldstein score was 0.91.,0
Norway,2013,1.3466985070638922,2.6902381016205865,0.0020980302158169,0.6645376740362242,False,Event volume around its typical baseline (0.7x). Average event tone was positive (2.69). Average Goldstein score was 1.35.,0
Norway,2014,1.537727494465083,2.7421591300734147,0.0019734336171708,0.6244099725742599,False,Event volume around its typical baseline (0.6x). Average event tone was positive (2.74). Average Goldstein score was 1.54.,0
Norway,2015,1.279773232759312,-1.0762648024439845,0.002050003894398,0.6902841614718895,False,Event volume around its typical baseline (0.7x). Average event tone was negative (-1.08). Average Goldstein score was 1.28.,1
Norway,2016,1.287186637248391,-1.4066247736417612,0.002201191131121,0.765949338879957,False,Event volume around its typical baseline (0.8x). Average event tone was negative (-1.41). Average Goldstein score was 1.29.,1
Norway,2017,1.482071202936908,-0.8707787039211347,0.0018630176573969,0.8089994918837702,False,Event volume around its typical baseline (0.8x). Average event tone was negative (-0.87). Average Goldstein score was 1.48.,1
Norway,2018,1.3971791242734175,-0.7923583966209865,0.00181819174011,0.8925237991168804,False,Event volume around its typical baseline (0.9x). Average event tone was negative (-0.79). Average Goldstein score was 1.40.,1
Norway,2019,1.2162685392364092,-1.277643057492535,0.0022452759715833,1.1333094496761729,False,Event volume around its typical baseline (1.1x). Average event tone was negative (-1.28). Average Goldstein score was 1.22.,1
Norway,2020,1.3941253768261572,-1.2045843717872668,0.0017983818214087,0.8834929727019185,False,Event volume around its typical baseline (0.9x). Average event tone was negative (-1.20). Average Goldstein score was 1.39.,1
Norway,2021,1.317959381612979,-1.1598968775141092,0.002071201779076,1.0433153382570317,False,Event volume around its typical baseline (1.0x). Average event tone was negative (-1.16). Average Goldstein score was 1.32.,1
Norway,2022,1.4706939135954082,-1.1473063698915518,0.0026446986162687,1.349877499067584,False,Event volume around its typical baseline (1.3x). Average event tone was negative (-1.15). Average Goldstein score was 1.47.,1
Norway,2023,1.628637037218474,-0.8215412951704432,0.0015846352148975,0.7490417270293047,False,Event volume around its typical baseline (0.7x). Average event tone was negative (-0.82). Average Goldstein score was 1.63.,1
Norway,2024,1.5422958951379058,-0.6363869501410543,0.0018496814925654,0.8940675316391187,False,Event volume around its typical baseline (0.9x). Average event tone was negative (-0.64). Average Goldstein score was 1.54.,1
Norway,2025,1.5723460184611673,-0.4403838719942731,0.0015641647143709,0.7861231145641491,False,Event volume around its typical baseline (0.8x). Average event tone was negative (-0.44). Average Goldstein score was 1.57.,1
Pakistan,1980,0.7442410373760489,4.710998154715106,0.018449186617579,1.0,True,Event volume around its typical baseline (1.0x). Average event tone was positive (4.71). Average Goldstein score was 0.74.,0
Pakistan,1981,0.9601188065343592,4.749096156965518,0.0171539299605631,0.929793292036966,False,Event volume around its typical baseline (0.9x). Average event tone was positive (4.75). Average Goldstein score was 0.96.,0
Pakistan,1982,1.3151866151866154,4.996338016194503,0.0099665553902573,0.5598698287203392,False,Event volume around its typical baseline (0.6x). Average event tone was positive (5.00). Average Goldstein score was 1.32.,0
Pakistan,1983,-0.4883082077051923,4.078072236208767,0.0141783543202261,0.9334072667930214,False,Event volume around its typical baseline (0.9x). Average event tone was positive (4.08). Average Goldstein score was -0.49.,0
Pakistan,1984,-0.0678414741152383,4.308277826917676,0.0150981134061673,1.0107857510293423,False,Event volume around its typical baseline (1.0x). Average event tone was positive (4.31). Average Goldstein score was -0.07.,0
Pakistan,1985,0.0014087681731094,4.18111394807264,0.0175211316850684,1.1704766442541958,False,Event volume around its typical baseline (1.2x). Average event tone was positive (4.18). Average Goldstein score was 0.00.,0
Pakistan,1986,-0.3489043422010188,4.002889368498368,0.0234506278540013,1.5862578102109688,False,Event volume somewhat elevated above its typical baseline (1.6x). Average event tone was positive (4.00). Average Goldstein score was -0.35.,3
Pakistan,1987,-0.0080802346485003,3.8166481786078097,0.0190615690985994,1.1881581217025226,False,Event volume around its typical baseline (1.2x). Average event tone was positive (3.82). Average Goldstein score was -0.01.,0
Pakistan,1988,0.7519255759007683,4.519161235532385,0.0282274241158935,1.5803095105506206,False,Event volume somewhat elevated above its typical baseline (1.6x). Average event tone was positive (4.52). Average Goldstein score was 0.75.,3
Pakistan,1989,0.6626344303388046,3.984416421337552,0.0222364409121064,1.0756910238228812,False,Event volume around its typical baseline (1.1x). Average event tone was positive (3.98). Average Goldstein score was 0.66.,0
Pakistan,1990,0.0383032302882945,3.861367793329261,0.0230142019956707,1.04139305407632,False,Event volume around its typical baseline (1.0x). Average event tone was positive (3.86). Average Goldstein score was 0.04.,0
Pakistan,1991,0.4762089434111592,4.068991808672486,0.0177074414844313,0.7633158541674591,False,Event volume around its typical baseline (0.8x). Average event tone was positive (4.07). Average Goldstein score was 0.48.,0
Pakistan,1992,1.0795435203094774,4.362425498712642,0.0263818167244256,1.1964859884332222,False,Event volume around its typical baseline (1.2x). Average event tone was positive (4.36). Average Goldstein score was 1.08.,0
Pakistan,1993,0.3306487961095953,4.607993215241389,0.0281014591162048,1.1951219890656282,False,Event volume around its typical baseline (1.2x). Average event tone was positive (4.61). Average Goldstein score was 0.33.,0
Pakistan,1994,0.0847937245787333,4.144881735717971,0.0208449735252304,0.8874630489592082,False,Event volume around its typical baseline (0.9x). Average event tone was positive (4.14). Average Goldstein score was 0.08.,0
Pakistan,1995,-0.7521468461045502,4.277007647656018,0.0243667189352959,1.0498380626528745,False,Event volume around its typical baseline (1.0x). Average event tone was positive (4.28). Average Goldstein score was -0.75.,0
Pakistan,1996,0.1022797927461139,4.855330936253971,0.0219986299237635,0.9368900503805482,False,Event volume around its typical baseline (0.9x). Average event tone was positive (4.86). Average Goldstein score was 0.10.,0
Pakistan,1997,0.4813330444829577,5.160034320455615,0.0301425847502087,1.2384622194545392,False,Event volume around its typical baseline (1.2x). Average event tone was positive (5.16). Average Goldstein score was 0.48.,0
Pakistan,1998,0.4559098433293761,4.991143347415101,0.0279915050199517,1.115605054510999,False,Event volume around its typical baseline (1.1x). Average event tone was positive (4.99). Average Goldstein score was 0.46.,0
Pakistan,1999,-0.0021500296631583,5.108380972368835,0.038207280115831,1.524091878493623,False,Event volume somewhat elevated above its typical baseline (1.5x). Average event tone was positive (5.11). Average Goldstein score was -0.00.,3
Pakistan,2000,-0.1063386749429947,5.041247635518567,0.0273668404686742,0.9588490545272008,False,Event volume around its typical baseline (1.0x). Average event tone was positive (5.04). Average Goldstein score was -0.11.,0
Pakistan,2001,0.0284980827372612,5.2086131751069376,0.0384342220788928,1.3188887359525956,False,Event volume around its typical baseline (1.3x). Average event tone was positive (5.21). Average Goldstein score was 0.03.,0
Pakistan,2002,-0.7727184179720661,4.601806527885789,0.0482778145494218,1.488747079491506,False,Event volume around its typical baseline (1.5x). Average event tone was positive (4.60). Average Goldstein score was -0.77.,0
Pakistan,2003,-0.3807740094795456,4.834745049856178,0.036902002345104,1.0234768381192108,False,Event volume around its typical baseline (1.0x). Average event tone was positive (4.83). Average Goldstein score was -0.38.,0
Pakistan,2004,-0.4044940488796647,4.782822846590334,0.041289234524471,1.091221422655403,False,Event volume around its typical baseline (1.1x). Average event tone was positive (4.78). Average Goldstein score was -0.40.,0
Pakistan,2005,-0.1196109693877551,4.914976299898725,0.0391031440713616,1.0168804517940229,False,Event volume around its typical baseline (1.0x). Average event tone was positive (4.91). Average Goldstein score was -0.12.,0
Pakistan,2006,-0.6590476823828206,4.643442550548981,0.0409355508613801,1.0032907628379952,False,Event volume around its typical baseline (1.0x). Average event tone was positive (4.64). Average Goldstein score was -0.66.,0
Pakistan,2007,-0.9176641209951716,4.800967495874915,0.055519873243239,1.3442564316370404,False,Event volume around its typical baseline (1.3x). Average event tone was positive (4.80). Average Goldstein score was -0.92.,0
Pakistan,2008,-0.7749064728030122,4.79014769979232,0.0538655299650753,1.260013546061367,False,Event volume around its typical baseline (1.3x). Average event tone was positive (4.79). Average Goldstein score was -0.77.,0
Pakistan,2009,-0.9911128598473024,4.760501560818931,0.0580798259131857,1.2587011171431948,False,Event volume around its typical baseline (1.3x). Average event tone was positive (4.76). Average Goldstein score was -0.99.,0
Pakistan,2010,-0.6930398876025111,4.929972022612927,0.0392220427154771,0.7923519367491201,False,Event volume around its typical baseline (0.8x). Average event tone was positive (4.93). Average Goldstein score was -0.69.,0
Pakistan,2011,-0.8846182435731884,4.9383710399822265,0.0320433659833223,0.647019641286378,False,Event volume around its typical baseline (0.6x). Average event tone was positive (4.94). Average Goldstein score was -0.88.,0
Pakistan,2012,-0.6039058778455347,4.587999522487783,0.0277249780504197,0.5806749042259337,False,Event volume around its typical baseline (0.6x). Average event tone was positive (4.59). Average Goldstein score was -0.60.,0
Pakistan,2013,-0.6081602535205421,2.2880313726147907,0.0301903599238678,0.7156293084284213,False,Event volume around its typical baseline (0.7x). Average event tone was positive (2.29). Average Goldstein score was -0.61.,0
Pakistan,2014,-0.6900810955956151,2.247757477778872,0.0276565551165604,0.7384510987709056,False,Event volume around its typical baseline (0.7x). Average event tone was positive (2.25). Average Goldstein score was -0.69.,0
Pakistan,2015,-0.4324020759778345,-2.6940792552938384,0.0209705112185463,0.6685434835735806,False,Event volume around its typical baseline (0.7x). Average event tone was negative (-2.69). Average Goldstein score was -0.43.,1
Pakistan,2016,-0.401873452132318,-3.425820172936486,0.021124318535998,0.7621388000867573,False,Event volume around its typical baseline (0.8x). Average event tone was negative (-3.43). Average Goldstein score was -0.40.,1
Pakistan,2017,-0.2952162728675224,-3.1667303068217536,0.0164004515180921,0.6423150509609895,False,Event volume around its typical baseline (0.6x). Average event tone was negative (-3.17). Average Goldstein score was -0.30.,1
Pakistan,2018,-0.0295553191146061,-2.70253702274706,0.0157026894197548,0.6748492772777173,False,Event volume around its typical baseline (0.7x). Average event tone was negative (-2.70). Average Goldstein score was -0.03.,1
Pakistan,2019,0.0975126927466032,-2.738478216926625,0.0186456651862674,0.915308624637902,False,Event volume around its typical baseline (0.9x). Average event tone was negative (-2.74). Average Goldstein score was 0.10.,1
Pakistan,2020,0.0791928808201568,-2.989934149532269,0.0138850982337175,0.7477679058080292,False,Event volume around its typical baseline (0.7x). Average event tone was negative (-2.99). Average Goldstein score was 0.08.,1
Pakistan,2021,0.2288726331192993,-2.49132186732972,0.0162642843659566,0.9482638408967516,False,Event volume around its typical baseline (0.9x). Average event tone was negative (-2.49). Average Goldstein score was 0.23.,1
Pakistan,2022,0.0409495539136236,-2.789128023700464,0.0174860137864693,1.0807419833694936,False,Event volume around its typical baseline (1.1x). Average event tone was negative (-2.79). Average Goldstein score was 0.04.,1
Pakistan,2023,-0.1082231550319584,-2.932861951500416,0.0160427132938245,0.9784081052449988,False,Event volume around its typical baseline (1.0x). Average event tone was negative (-2.93). Average Goldstein score was -0.11.,1
Pakistan,2024,-0.0391423904054621,-2.6679524260102907,0.0143561193090512,0.8719303343643963,False,Event volume around its typical baseline (0.9x). Average event tone was negative (-2.67). Average Goldstein score was -0.04.,1
Pakistan,2025,-0.0709263432175218,-3.0915236221841345,0.0163371879202857,1.0467962669679671,False,Event volume around its typical baseline (1.0x). Average event tone was negative (-3.09). Average Goldstein score was -0.07.,1
Poland,1980,1.3724226804123707,5.818435112503177,0.0456709263091041,1.0,True,Event volume around its typical baseline (1.0x). Average event tone was positive (5.82). Average Goldstein score was 1.37.,0
Poland,1981,0.9168199509874584,5.9820498568852845,0.0950080288395691,2.0802737434434304,False,Event volume somewhat elevated above its typical baseline (2.1x). Average event tone was positive (5.98). Average Goldstein score was 0.92.,3
Poland,1982,0.6689199282939945,5.70546883421046,0.067365751198012,0.957723223446152,False,Event volume around its typical baseline (1.0x). Average event tone was positive (5.71). Average Goldstein score was 0.67.,0
Poland,1983,1.1251485722568488,5.707552816511589,0.0544662309368191,0.7854018286731611,False,Event volume around its typical baseline (0.8x). Average event tone was positive (5.71). Average Goldstein score was 1.13.,0
Poland,1984,0.7137668787831755,5.470844856704575,0.0455391395972181,0.6939008342808531,False,Event volume around its typical baseline (0.7x). Average event tone was positive (5.47). Average Goldstein score was 0.71.,0
Poland,1985,0.5131284737749956,5.4580312998992815,0.0319402968198863,0.5184270223742493,False,Event volume around its typical baseline (0.5x). Average event tone was positive (5.46). Average Goldstein score was 0.51.,0
Poland,1986,1.4585318235064426,5.8602225307188,0.0250775480385427,0.4260260112065331,False,Event volume around its typical baseline (0.4x). Average event tone was positive (5.86). Average Goldstein score was 1.46.,0
Poland,1987,1.548959889667854,5.440901173922877,0.0328294465199716,0.7315298746369988,False,Event volume around its typical baseline (0.7x). Average event tone was positive (5.44). Average Goldstein score was 1.55.,0
Poland,1988,1.2592929555497785,5.512315729300476,0.0293469432354891,0.772887325883907,False,Event volume around its typical baseline (0.8x). Average event tone was positive (5.51). Average Goldstein score was 1.26.,0
Poland,1989,1.548315561007832,6.006319530852779,0.042164987170091,1.2797949223105212,False,Event volume around its typical baseline (1.3x). Average event tone was positive (6.01). Average Goldstein score was 1.55.,0
Poland,1990,1.7974365768033382,5.452174242932359,0.0279275645425267,0.8653848300010617,False,Event volume around its typical baseline (0.9x). Average event tone was positive (5.45). Average Goldstein score was 1.80.,0
Poland,1991,1.989752261108926,5.121611518228398,0.017705522424354,0.5626284539258499,False,Event volume around its typical baseline (0.6x). Average event tone was positive (5.12). Average Goldstein score was 1.99.,0
Poland,1992,1.7839235787511658,5.04746811616335,0.0223847346033301,0.7462848681821358,False,Event volume around its typical baseline (0.7x). Average event tone was positive (5.05). Average Goldstein score was 1.78.,0
Poland,1993,1.552492793850753,5.403428202589824,0.0160172031665531,0.5739708893531248,False,Event volume around its typical baseline (0.6x). Average event tone was positive (5.40). Average Goldstein score was 1.55.,0
Poland,1994,1.7548199266767304,5.508297606846921,0.0160309072887597,0.635138897633056,False,Event volume around its typical baseline (0.6x). Average event tone was positive (5.51). Average Goldstein score was 1.75.,0
Poland,1995,1.4724844956334635,5.419959962190912,0.0177330025175618,0.886065924666484,False,Event volume around its typical baseline (0.9x). Average event tone was positive (5.42). Average Goldstein score was 1.47.,0
Poland,1996,1.8335922697991656,5.641303159880426,0.0142030959061689,0.7901902411235409,False,Event volume around its typical baseline (0.8x). Average event tone was positive (5.64). Average Goldstein score was 1.83.,0
Poland,1997,2.027343042296703,5.886331799995584,0.0162167330398302,0.938805801366542,False,Event volume around its typical baseline (0.9x). Average event tone was positive (5.89). Average Goldstein score was 2.03.,0
Poland,1998,1.7395781363478484,5.478272668140405,0.0145561633560663,0.9074808230301364,False,Event volume around its typical baseline (0.9x). Average event tone was positive (5.48). Average Goldstein score was 1.74.,0
Poland,1999,1.4596513714432202,5.51231124755084,0.0128470930884858,0.8157930569180526,False,Event volume around its typical baseline (0.8x). Average event tone was positive (5.51). Average Goldstein score was 1.46.,0
Poland,2000,1.3814734074952708,5.823229107977222,0.0144775101778613,0.9580637761094768,False,Event volume around its typical baseline (1.0x). Average event tone was positive (5.82). Average Goldstein score was 1.38.,0
Poland,2001,1.3474535054971408,5.507958977575737,0.0126356093496306,0.8738247071335995,False,Event volume around its typical baseline (0.9x). Average event tone was positive (5.51). Average Goldstein score was 1.35.,0
Poland,2002,1.6857155461443432,5.264151317660013,0.0111832033487192,0.7905211226359219,False,Event volume around its typical baseline (0.8x). Average event tone was positive (5.26). Average Goldstein score was 1.69.,0
Poland,2003,1.663818688439606,5.482734419512974,0.0126494105878606,0.9626705923110036,False,Event volume around its typical baseline (1.0x). Average event tone was positive (5.48). Average Goldstein score was 1.66.,0
Poland,2004,1.2761991944342732,5.36461840646669,0.0124831371665586,0.9784122950151808,False,Event volume around its typical baseline (1.0x). Average event tone was positive (5.36). Average Goldstein score was 1.28.,0
Poland,2005,1.252547357495026,5.404866152863568,0.0128487758264387,1.0128491725212885,False,Event volume around its typical baseline (1.0x). Average event tone was positive (5.40). Average Goldstein score was 1.25.,0
Poland,2006,1.255267672074905,5.328355257296304,0.0071961276419748,0.5822096904012721,False,Event volume around its typical baseline (0.6x). Average event tone was positive (5.33). Average Goldstein score was 1.26.,0
Poland,2007,1.1065042221406345,5.2987791405360944,0.0066356926602248,0.5886812982096029,False,Event volume around its typical baseline (0.6x). Average event tone was positive (5.30). Average Goldstein score was 1.11.,0
Poland,2008,1.5563203338290463,5.42146161303969,0.004412518076139,0.4258106867726566,False,Event volume around its typical baseline (0.4x). Average event tone was positive (5.42). Average Goldstein score was 1.56.,0
Poland,2009,1.2111389557317995,5.210266058305593,0.0039564524435844,0.4539688843206575,False,Event volume around its typical baseline (0.5x). Average event tone was positive (5.21). Average Goldstein score was 1.21.,0
Poland,2010,1.0762157978471814,5.309325475542447,0.00358582969442,0.5115369514258554,False,Event volume around its typical baseline (0.5x). Average event tone was positive (5.31). Average Goldstein score was 1.08.,0
Poland,2011,1.2609424111311291,5.568026501119875,0.0030679732933421,0.5948769617557551,False,Event volume around its typical baseline (0.6x). Average event tone was positive (5.57). Average Goldstein score was 1.26.,0
Poland,2012,1.0934611617800087,5.096236259835526,0.0023131371529623,0.5340029933446772,False,Event volume around its typical baseline (0.5x). Average event tone was positive (5.10). Average Goldstein score was 1.09.,0
Poland,2013,1.1539368611584326,2.4992933949040914,0.0029197018352674,0.8420964702848791,False,Event volume around its typical baseline (0.8x). Average event tone was positive (2.50). Average Goldstein score was 1.15.,0
Poland,2014,1.210249659168371,2.443301689639612,0.0033472320481729,1.0563694059781996,False,Event volume around its typical baseline (1.1x). Average event tone was positive (2.44). Average Goldstein score was 1.21.,0
Poland,2015,0.8277325008631441,-1.3991507251837356,0.0031805333821692,1.0439016947114126,False,Event volume around its typical baseline (1.0x). Average event tone was negative (-1.40). Average Goldstein score was 0.83.,1
Poland,2016,0.9069249312407726,-1.7700256111639074,0.0046489284962982,1.5675571139108686,False,Event volume somewhat elevated above its typical baseline (1.6x). Average event tone was negative (-1.77). Average Goldstein score was 0.91.,3
Poland,2017,0.8150202706714964,-1.6383609952257487,0.004345525148426,1.3240855699457883,False,Event volume around its typical baseline (1.3x). Average event tone was negative (-1.64). Average Goldstein score was 0.82.,1
Poland,2018,0.7828653682324256,-1.997902667502485,0.0036346991841394,0.9854448465026197,False,Event volume around its typical baseline (1.0x). Average event tone was negative (-2.00). Average Goldstein score was 0.78.,1
Poland,2019,0.8957123209016011,-1.8221371648382685,0.0030803691357628,0.8039834732505936,False,Event volume around its typical baseline (0.8x). Average event tone was negative (-1.82). Average Goldstein score was 0.90.,1
Poland,2020,0.7184356410824988,-2.2021737445492904,0.0026586672282577,0.7037213971712215,False,Event volume around its typical baseline (0.7x). Average event tone was negative (-2.20). Average Goldstein score was 0.72.,1
Poland,2021,0.4269646543294824,-2.930059998210871,0.0036376894727666,0.9902145046981182,False,Event volume around its typical baseline (1.0x). Average event tone was negative (-2.93). Average Goldstein score was 0.43.,1
Poland,2022,1.1943442761909462,-2.3330645813457456,0.0068116509784936,1.9622257689375056,False,Event volume somewhat elevated above its typical baseline (2.0x). Average event tone was negative (-2.33). Average Goldstein score was 1.19.,3
Poland,2023,0.9632025153370136,-1.901290297369281,0.003111935476857,0.7849274948418884,False,Event volume around its typical baseline (0.8x). Average event tone was negative (-1.90). Average Goldstein score was 0.96.,1
Poland,2024,0.8115912705285868,-1.867421784593161,0.0027476607458143,0.7118176908809982,False,Event volume around its typical baseline (0.7x). Average event tone was negative (-1.87). Average Goldstein score was 0.81.,1
Poland,2025,0.564776426246359,-1.916449443101256,0.0032129244086027,0.8469505228944375,False,Event volume around its typical baseline (0.8x). Average event tone was negative (-1.92). Average Goldstein score was 0.56.,1
Russia,1980,0.6609799266134252,5.121567050763876,0.1141541156323995,1.0,True,Event volume around its typical baseline (1.0x). Average event tone was positive (5.12). Average Goldstein score was 0.66.,0
Russia,1981,0.7393447586749837,5.574037482016162,0.095947591883573,0.8405092654963457,False,Event volume around its typical baseline (0.8x). Average event tone was positive (5.57). Average Goldstein score was 0.74.,0
Russia,1982,0.7373920100528822,5.4436698233444725,0.0693469305086192,0.6601272434051704,False,Event volume around its typical baseline (0.7x). Average event tone was positive (5.44). Average Goldstein score was 0.74.,0
Russia,1983,0.2595541645866135,5.080838705684046,0.0965937058013545,1.0369745204432252,False,Event volume around its typical baseline (1.0x). Average event tone was positive (5.08). Average Goldstein score was 0.26.,0
Russia,1984,0.8311483272712737,5.296609620816902,0.0864206358428,0.9192649419587748,False,Event volume around its typical baseline (0.9x). Average event tone was positive (5.30). Average Goldstein score was 0.83.,0
Russia,1985,1.026616121879694,5.557940332425318,0.1078360641336911,1.16588861027246,False,Event volume around its typical baseline (1.2x). Average event tone was positive (5.56). Average Goldstein score was 1.03.,0
Russia,1986,1.2713470014692136,5.053958780898294,0.0890694614119866,0.9763285297209752,False,Event volume around its typical baseline (1.0x). Average event tone was positive (5.05). Average Goldstein score was 1.27.,0
Russia,1987,1.539908834382463,5.146933747291422,0.1044749098928589,1.1627268076349433,False,Event volume around its typical baseline (1.2x). Average event tone was positive (5.15). Average Goldstein score was 1.54.,0
Russia,1988,1.5956546862359884,5.046312749000101,0.110445018711906,1.1400310649205443,False,Event volume around its typical baseline (1.1x). Average event tone was positive (5.05). Average Goldstein score was 1.60.,0
Russia,1989,1.4040073788562777,5.040300092974246,0.0991443418529664,0.994933466054004,False,Event volume around its typical baseline (1.0x). Average event tone was positive (5.04). Average Goldstein score was 1.40.,0
Russia,1990,1.4439454003598744,4.961936918316654,0.1102188902381078,1.0785264716250709,False,Event volume around its typical baseline (1.1x). Average event tone was positive (4.96). Average Goldstein score was 1.44.,0
Russia,1991,1.7135409163942603,5.139562152024648,0.1314454716898886,1.280264929301165,False,Event volume around its typical baseline (1.3x). Average event tone was positive (5.14). Average Goldstein score was 1.71.,0
Russia,1992,1.6792633344706016,4.839492992688952,0.1320129737243124,1.18774673492694,False,Event volume around its typical baseline (1.2x). Average event tone was positive (4.84). Average Goldstein score was 1.68.,0
Russia,1993,1.1796987779846937,4.831727082547794,0.1203105417479376,1.0313510314254215,False,Event volume around its typical baseline (1.0x). Average event tone was positive (4.83). Average Goldstein score was 1.18.,0
Russia,1994,1.2753613598874214,4.907082576370336,0.1196683802511835,1.0087833400944968,False,Event volume around its typical baseline (1.0x). Average event tone was positive (4.91). Average Goldstein score was 1.28.,0
Russia,1995,0.6169379729581523,4.644474008799353,0.1355871060646056,1.1047480113990953,False,Event volume around its typical baseline (1.1x). Average event tone was positive (4.64). Average Goldstein score was 0.62.,0
Russia,1996,1.063816901141046,4.977288099497162,0.1403375082092204,1.0980605128112342,False,Event volume around its typical baseline (1.1x). Average event tone was positive (4.98). Average Goldstein score was 1.06.,0
Russia,1997,1.7071963804389678,5.280780201526457,0.1390195984033632,1.0728203114005477,False,Event volume around its typical baseline (1.1x). Average event tone was positive (5.28). Average Goldstein score was 1.71.,0
Russia,1998,1.4206803218208135,5.139897316237199,0.129358653845481,0.9875865349405878,False,Event volume around its typical baseline (1.0x). Average event tone was positive (5.14). Average Goldstein score was 1.42.,0
Russia,1999,0.7629852582245856,4.917655171483616,0.1564190023899055,1.177904940537141,False,Event volume around its typical baseline (1.2x). Average event tone was positive (4.92). Average Goldstein score was 0.76.,0
Russia,2000,0.5482653777437468,4.886197003502853,0.1370178570724805,0.9776907440116968,False,Event volume around its typical baseline (1.0x). Average event tone was positive (4.89). Average Goldstein score was 0.55.,0
Russia,2001,0.8834233134594625,5.018732718529747,0.1175586122818758,0.8371300551096316,False,Event volume around its typical baseline (0.8x). Average event tone was positive (5.02). Average Goldstein score was 0.88.,0
Russia,2002,0.770980308914056,4.903202126406118,0.1089926701718516,0.8021554729202159,False,Event volume around its typical baseline (0.8x). Average event tone was positive (4.90). Average Goldstein score was 0.77.,0
Russia,2003,0.9966736277938822,5.199875972632504,0.0988935259693572,0.7614846690154893,False,Event volume around its typical baseline (0.8x). Average event tone was positive (5.20). Average Goldstein score was 1.00.,0
Russia,2004,0.7146018673775346,4.968077856523746,0.1012070615149463,0.8176608450912749,False,Event volume around its typical baseline (0.8x). Average event tone was positive (4.97). Average Goldstein score was 0.71.,0
Russia,2005,0.5225288773914089,4.902578386297028,0.0738056096518425,0.6546884293687305,False,Event volume around its typical baseline (0.7x). Average event tone was positive (4.90). Average Goldstein score was 0.52.,0
Russia,2006,0.6636312483325649,4.9752464668441005,0.0521595643773089,0.5211188413054981,False,Event volume around its typical baseline (0.5x). Average event tone was positive (4.98). Average Goldstein score was 0.66.,0
Russia,2007,0.6195177401155065,5.12384439908442,0.0471893129673671,0.5423330469032361,False,Event volume around its typical baseline (0.5x). Average event tone was positive (5.12). Average Goldstein score was 0.62.,0
Russia,2008,0.7855016612271775,5.200962683199797,0.0405630823392053,0.5433694691977914,False,Event volume around its typical baseline (0.5x). Average event tone was positive (5.20). Average Goldstein score was 0.79.,0
Russia,2009,0.9177273833929056,5.112737285642092,0.0351111398213037,0.5574530599029682,False,Event volume around its typical baseline (0.6x). Average event tone was positive (5.11). Average Goldstein score was 0.92.,0
Russia,2010,0.87453176657004,5.1945837744122825,0.032841524474134,0.6599223334275462,False,Event volume around its typical baseline (0.7x). Average event tone was positive (5.19). Average Goldstein score was 0.87.,0
Russia,2011,0.843175886779296,5.2353009651129865,0.0238147127430435,0.5728418883198928,False,Event volume around its typical baseline (0.6x). Average event tone was positive (5.24). Average Goldstein score was 0.84.,0
Russia,2012,0.6662586084682858,3.968656602842252,0.0291871552951087,0.8129231369291261,False,Event volume around its typical baseline (0.8x). Average event tone was positive (3.97). Average Goldstein score was 0.67.,0
Russia,2013,0.8042040421260599,1.7342811371301623,0.0373116861569423,1.1550345834579363,False,Event volume around its typical baseline (1.2x). Average event tone was positive (1.73). Average Goldstein score was 0.80.,0
Russia,2014,0.3594992764416673,2.073911348037131,0.0434893843693828,1.3739313665343045,False,Event volume around its typical baseline (1.4x). Average event tone was positive (2.07). Average Goldstein score was 0.36.,0
Russia,2015,0.4166844601023705,-2.2510549627211147,0.025745519627551,0.7724684984458735,False,Event volume around its typical baseline (0.8x). Average event tone was negative (-2.25). Average Goldstein score was 0.42.,1
Russia,2016,0.3944605662645539,-2.8198972619167453,0.0270237501073656,0.8468822078756969,False,Event volume around its typical baseline (0.8x). Average event tone was negative (-2.82). Average Goldstein score was 0.39.,1
Russia,2017,0.5539074895062419,-2.573647192728987,0.0452670185839841,1.3906277689162292,False,Event volume around its typical baseline (1.4x). Average event tone was negative (-2.57). Average Goldstein score was 0.55.,1
Russia,2018,0.3330660553892208,-2.966095489650619,0.0402703023605555,1.125891777327333,False,Event volume around its typical baseline (1.1x). Average event tone was negative (-2.97). Average Goldstein score was 0.33.,1
Russia,2019,0.646818050914139,-2.612473969911893,0.028813490463724,0.792467777572725,False,Event volume around its typical baseline (0.8x). Average event tone was negative (-2.61). Average Goldstein score was 0.65.,1
Russia,2020,0.5112951878482073,-3.0821033565336458,0.0203644427662292,0.6092757562983104,False,Event volume around its typical baseline (0.6x). Average event tone was negative (-3.08). Average Goldstein score was 0.51.,1
Russia,2021,0.5497217857094053,-2.7536086272883225,0.0239776386578267,0.7412447839743568,False,Event volume around its typical baseline (0.7x). Average event tone was negative (-2.75). Average Goldstein score was 0.55.,1
Russia,2022,-0.1845231687918001,-3.453455632355025,0.0823755377221935,2.595438782795216,False,A notable spike in event volume above its typical baseline (2.6x). Average event tone was negative (-3.45). Average Goldstein score was -0.18.,2
Russia,2023,-0.2910914020012607,-3.288596152210986,0.0387823576894466,0.9903492855118936,False,Event volume around its typical baseline (1.0x). Average event tone was negative (-3.29). Average Goldstein score was -0.29.,1
Russia,2024,-0.4490782886230668,-3.3505596220857097,0.0313661848868119,0.8071027017000164,False,Event volume around its typical baseline (0.8x). Average event tone was negative (-3.35). Average Goldstein score was -0.45.,1
Russia,2025,0.2391879314392613,-2.7243287758964603,0.0309274200247715,0.7854935493781092,False,Event volume around its typical baseline (0.8x). Average event tone was negative (-2.72). Average Goldstein score was 0.24.,1
Saudi Arabia,1980,1.3569132653061222,5.121069010790016,0.0105430137852334,1.0,True,Event volume around its typical baseline (1.0x). Average event tone was positive (5.12). Average Goldstein score was 1.36.,0
Saudi Arabia,1981,1.5825337680484397,5.564354662633934,0.0183364154232627,1.7392005546786633,False,Event volume somewhat elevated above its typical baseline (1.7x). Average event tone was positive (5.56). Average Goldstein score was 1.58.,3
Saudi Arabia,1982,1.938570364854803,5.125732064393217,0.0096915343909904,0.6711721565562822,False,Event volume around its typical baseline (0.7x). Average event tone was positive (5.13). Average Goldstein score was 1.94.,0
Saudi Arabia,1983,1.9422005842259005,4.483170531669515,0.0093734877702802,0.7290578374664988,False,Event volume around its typical baseline (0.7x). Average event tone was positive (4.48). Average Goldstein score was 1.94.,0
Saudi Arabia,1984,1.0033696215655776,4.315381442880304,0.0105814903862864,0.8828125118944657,False,Event volume around its typical baseline (0.9x). Average event tone was positive (4.32). Average Goldstein score was 1.00.,0
Saudi Arabia,1985,1.9964107676969105,4.089776421253172,0.0066949074780746,0.5719606790763195,False,Event volume around its typical baseline (0.6x). Average event tone was positive (4.09). Average Goldstein score was 2.00.,0
Saudi Arabia,1986,1.5904818560380725,4.314884319751736,0.0086252861102846,0.7887369753642142,False,Event volume around its typical baseline (0.8x). Average event tone was positive (4.31). Average Goldstein score was 1.59.,0
Saudi Arabia,1987,0.0142910170749814,4.313431888916271,0.0128042658942413,1.4237495910351068,False,Event volume around its typical baseline (1.4x). Average event tone was positive (4.31). Average Goldstein score was 0.01.,0
Saudi Arabia,1988,1.1132251381215477,4.218448112346467,0.0090721285103807,0.9434520198079738,False,Event volume around its typical baseline (0.9x). Average event tone was positive (4.22). Average Goldstein score was 1.11.,0
Saudi Arabia,1989,0.6625745126470116,4.140909993146298,0.0097982122502055,1.0253878538632517,False,Event volume around its typical baseline (1.0x). Average event tone was positive (4.14). Average Goldstein score was 0.66.,0
Saudi Arabia,1990,1.304714079467704,4.437922483977262,0.0265092656142759,2.820446674642374,False,A notable spike in event volume above its typical baseline (2.8x). Average event tone was positive (4.44). Average Goldstein score was 1.30.,2
Saudi Arabia,1991,0.8390844029100375,4.4981920245661975,0.0213243214272104,1.595913041301637,False,Event volume somewhat elevated above its typical baseline (1.6x). Average event tone was positive (4.50). Average Goldstein score was 0.84.,3
Saudi Arabia,1992,1.817324680007212,4.658377705233859,0.00964521082302,0.6065545181330926,False,Event volume around its typical baseline (0.6x). Average event tone was positive (4.66). Average Goldstein score was 1.82.,0
Saudi Arabia,1993,1.021299254526092,4.538690122727027,0.0080764347048675,0.5289145922474849,False,Event volume around its typical baseline (0.5x). Average event tone was positive (4.54). Average Goldstein score was 1.02.,0
Saudi Arabia,1994,1.6752306049130992,4.598245219697768,0.0102560541559593,0.6805298802540243,False,Event volume around its typical baseline (0.7x). Average event tone was positive (4.60). Average Goldstein score was 1.68.,0
Saudi Arabia,1995,1.0637755102040816,4.676503410447624,0.010419170110749,0.6871780285498955,False,Event volume around its typical baseline (0.7x). Average event tone was positive (4.68). Average Goldstein score was 1.06.,0
Saudi Arabia,1996,0.8027795004792239,5.028259248513478,0.0102260459316809,0.8561488579239065,False,Event volume around its typical baseline (0.9x). Average event tone was positive (5.03). Average Goldstein score was 0.80.,0
Saudi Arabia,1997,1.0275682166369915,5.157102769048257,0.0108559315747615,1.1163390155245991,False,Event volume around its typical baseline (1.1x). Average event tone was positive (5.16). Average Goldstein score was 1.03.,0
Saudi Arabia,1998,1.5312648468430925,5.716318325484719,0.0093040007780592,0.9335061050745584,False,Event volume around its typical baseline (0.9x). Average event tone was positive (5.72). Average Goldstein score was 1.53.,0
Saudi Arabia,1999,1.343658115811581,5.85662429402942,0.0093889688027439,0.9193838309357876,False,Event volume around its typical baseline (0.9x). Average event tone was positive (5.86). Average Goldstein score was 1.34.,0
Saudi Arabia,2000,1.291824741501153,5.475996400853786,0.010260308902525,1.022062890562695,False,Event volume around its typical baseline (1.0x). Average event tone was positive (5.48). Average Goldstein score was 1.29.,0
Saudi Arabia,2001,0.8536633384896639,5.42970561721325,0.0111027888951233,1.1094965615238537,False,Event volume around its typical baseline (1.1x). Average event tone was positive (5.43). Average Goldstein score was 0.85.,0
Saudi Arabia,2002,1.2085534306940469,5.900426373185501,0.0128403423100522,1.26103301520848,False,Event volume around its typical baseline (1.3x). Average event tone was positive (5.90). Average Goldstein score was 1.21.,0
Saudi Arabia,2003,0.1292321098382606,5.281291521692145,0.0154449145290114,1.459920873643728,False,Event volume around its typical baseline (1.5x). Average event tone was positive (5.28). Average Goldstein score was 0.13.,0
Saudi Arabia,2004,-0.60995085995086,4.904083994408202,0.0169563209265555,1.4360678921991312,False,Event volume around its typical baseline (1.4x). Average event tone was positive (4.90). Average Goldstein score was -0.61.,0
Saudi Arabia,2005,0.1500182415176942,5.218076455639101,0.0135090651822742,1.014122887622356,False,Event volume around its typical baseline (1.0x). Average event tone was positive (5.22). Average Goldstein score was 0.15.,0
Saudi Arabia,2006,1.2225143638850888,5.53121011736514,0.0090007873371227,0.6442623575997248,False,Event volume around its typical baseline (0.6x). Average event tone was positive (5.53). Average Goldstein score was 1.22.,0
Saudi Arabia,2007,1.2081734830534667,5.668781542987244,0.0120312847612838,0.8878989499314397,False,Event volume around its typical baseline (0.9x). Average event tone was positive (5.67). Average Goldstein score was 1.21.,0
Saudi Arabia,2008,1.3593270851031236,5.596934420623308,0.0068828599631764,0.5140884376996077,False,Event volume around its typical baseline (0.5x). Average event tone was positive (5.60). Average Goldstein score was 1.36.,0
Saudi Arabia,2009,0.969935852968456,5.514529541870706,0.0072628732199896,0.6220309727320471,False,Event volume around its typical baseline (0.6x). Average event tone was positive (5.51). Average Goldstein score was 0.97.,0
Saudi Arabia,2010,1.0064235959081331,5.702189055455196,0.0077511138679785,0.7960168515795528,False,Event volume around its typical baseline (0.8x). Average event tone was positive (5.70). Average Goldstein score was 1.01.,0
Saudi Arabia,2011,0.2907926803499232,5.665177410781543,0.0105165119925272,1.2248750027797064,False,Event volume around its typical baseline (1.2x). Average event tone was positive (5.67). Average Goldstein score was 0.29.,0
Saudi Arabia,2012,0.7124989861302619,5.366430502599452,0.0064021995540803,0.7202442190982874,False,Event volume around its typical baseline (0.7x). Average event tone was positive (5.37). Average Goldstein score was 0.71.,0
Saudi Arabia,2013,0.699737294075473,2.6092958082787687,0.0066694508798563,0.8591208165998849,False,Event volume around its typical baseline (0.9x). Average event tone was positive (2.61). Average Goldstein score was 0.70.,0
Saudi Arabia,2014,0.7234240651599857,2.571392469608908,0.0077285857265837,1.001056395019436,False,Event volume around its typical baseline (1.0x). Average event tone was positive (2.57). Average Goldstein score was 0.72.,0
Saudi Arabia,2015,0.0404601915139498,-2.3456854246728795,0.0114703077136715,1.4679978786013637,False,Event volume around its typical baseline (1.5x). Average event tone was negative (-2.35). Average Goldstein score was 0.04.,1
Saudi Arabia,2016,0.1348462832308107,-2.9534347773116965,0.0100232995498848,1.1713004490314982,False,Event volume around its typical baseline (1.2x). Average event tone was negative (-2.95). Average Goldstein score was 0.13.,1
Saudi Arabia,2017,0.7026783060781502,-2.221171097163353,0.0095191254069577,1.1253559190057885,False,Event volume around its typical baseline (1.1x). Average event tone was negative (-2.22). Average Goldstein score was 0.70.,1
Saudi Arabia,2018,0.0886394727806473,-2.4092381495306543,0.0129173692852533,1.4222803853500117,False,Event volume around its typical baseline (1.4x). Average event tone was negative (-2.41). Average Goldstein score was 0.09.,1
Saudi Arabia,2019,0.3587289172240993,-2.4239618599267563,0.0097098535231016,0.9398083806161962,False,Event volume around its typical baseline (0.9x). Average event tone was negative (-2.42). Average Goldstein score was 0.36.,1
Saudi Arabia,2020,0.7248930368854771,-2.1178522243132307,0.0055624437433234,0.5184981692904905,False,Event volume around its typical baseline (0.5x). Average event tone was negative (-2.12). Average Goldstein score was 0.72.,1
Saudi Arabia,2021,0.9245378972120266,-1.1746501798170583,0.0052190284736117,0.5467001663524457,False,Event volume around its typical baseline (0.5x). Average event tone was negative (-1.17). Average Goldstein score was 0.92.,1
Saudi Arabia,2022,1.4027296457300733,-0.4143535541028107,0.0055958663062225,0.6517761966338755,False,Event volume around its typical baseline (0.7x). Average event tone was negative (-0.41). Average Goldstein score was 1.40.,1
Saudi Arabia,2023,1.9616197330578289,-0.3064903976379154,0.0060806134504928,0.7794746617981029,False,Event volume around its typical baseline (0.8x). Average event tone was negative (-0.31). Average Goldstein score was 1.96.,1
Saudi Arabia,2024,1.834367768081912,-0.1487708743004513,0.003493923845694,0.5430777436848858,False,Event volume around its typical baseline (0.5x). Average event tone was negative (-0.15). Average Goldstein score was 1.83.,1
Saudi Arabia,2025,2.018923575421182,-0.0624705073584236,0.0048649312222512,0.9372985706537816,False,Event volume around its typical baseline (0.9x). Average event tone was negative (-0.06). Average Goldstein score was 2.02.,1
South Africa,1980,-0.8699533022014679,4.48016630586367,0.021639930921582,1.0,True,Event volume around its typical baseline (1.0x). Average event tone was positive (4.48). Average Goldstein score was -0.87.,0
South Africa,1981,-0.9559530841279222,4.314402742688831,0.0246073083012395,1.1371250855841717,False,Event volume around its typical baseline (1.1x). Average event tone was positive (4.31). Average Goldstein score was -0.96.,0
South Africa,1982,-0.732756644085461,4.279063738024905,0.0181714342113785,0.7858386583392636,False,Event volume around its typical baseline (0.8x). Average event tone was positive (4.28). Average Goldstein score was -0.73.,0
South Africa,1983,-0.9024000000000004,4.111048033314886,0.0211867926918675,0.9866762956633331,False,Event volume around its typical baseline (1.0x). Average event tone was positive (4.11). Average Goldstein score was -0.90.,0
South Africa,1984,-0.3003999123479784,4.46622763225874,0.0332644121289402,1.5543125285926518,False,Event volume somewhat elevated above its typical baseline (1.6x). Average event tone was positive (4.47). Average Goldstein score was -0.30.,3
South Africa,1985,-1.8045644048303635,3.896764195251521,0.0691069267395778,2.9068308874399973,False,A notable spike in event volume above its typical baseline (2.9x). Average event tone was positive (3.90). Average Goldstein score was -1.80.,2
South Africa,1986,-1.3485370287121554,3.989420200516885,0.0795086751542018,2.389989459562229,False,Event volume somewhat elevated above its typical baseline (2.4x). Average event tone was positive (3.99). Average Goldstein score was -1.35.,3
South Africa,1987,-1.0015720406166724,4.13808129395894,0.0466294168957061,1.0538281424708569,False,Event volume around its typical baseline (1.1x). Average event tone was positive (4.14). Average Goldstein score was -1.00.,0
South Africa,1988,-0.1359939125084999,4.316445492583368,0.0459515656108026,0.920149390855831,False,Event volume around its typical baseline (0.9x). Average event tone was positive (4.32). Average Goldstein score was -0.14.,0
South Africa,1989,0.36855481288471,4.630270269843246,0.04183162460894,0.7620686570757462,False,Event volume around its typical baseline (0.8x). Average event tone was positive (4.63). Average Goldstein score was 0.37.,0
South Africa,1990,0.3556873346705036,4.5813128246151615,0.0588315294862995,1.0393227179058553,False,Event volume around its typical baseline (1.0x). Average event tone was positive (4.58). Average Goldstein score was 0.36.,0
South Africa,1991,0.3078701454576628,4.718079250889014,0.0470293087079544,0.8621232610799744,False,Event volume around its typical baseline (0.9x). Average event tone was positive (4.72). Average Goldstein score was 0.31.,0
South Africa,1992,0.2100362903225806,4.335339857543823,0.0450587494049828,0.937655622886332,False,Event volume around its typical baseline (0.9x). Average event tone was positive (4.34). Average Goldstein score was 0.21.,0
South Africa,1993,-0.6855429194578597,4.851336951579194,0.0377117810161367,0.7899317586646497,False,Event volume around its typical baseline (0.8x). Average event tone was positive (4.85). Average Goldstein score was -0.69.,0
South Africa,1994,0.3597261401034319,5.058116028550689,0.0371548747455632,0.8060919938976869,False,Event volume around its typical baseline (0.8x). Average event tone was positive (5.06). Average Goldstein score was 0.36.,0
South Africa,1995,0.3911241446725318,5.155032944239835,0.0246122206156404,0.5450336621327249,False,Event volume around its typical baseline (0.5x). Average event tone was positive (5.16). Average Goldstein score was 0.39.,0
South Africa,1996,0.5887126817405698,5.232216349827247,0.0222938427863876,0.5818812846201059,False,Event volume around its typical baseline (0.6x). Average event tone was positive (5.23). Average Goldstein score was 0.59.,0
South Africa,1997,1.0984995951288452,5.323438326509683,0.0278344213729105,0.8342077670270802,False,Event volume around its typical baseline (0.8x). Average event tone was positive (5.32). Average Goldstein score was 1.10.,0
South Africa,1998,0.6071026479451175,5.124290746884796,0.0302180175301235,1.009912274966689,False,Event volume around its typical baseline (1.0x). Average event tone was positive (5.12). Average Goldstein score was 0.61.,0
South Africa,1999,0.4157309698112283,5.5531633921717125,0.0276963542790177,0.9744457155905676,False,Event volume around its typical baseline (1.0x). Average event tone was positive (5.55). Average Goldstein score was 0.42.,0
South Africa,2000,0.8334101980226557,5.573372825642744,0.0222175717376653,0.8374202162580954,False,Event volume around its typical baseline (0.8x). Average event tone was positive (5.57). Average Goldstein score was 0.83.,0
South Africa,2001,0.8251351383745043,5.5834006061482855,0.025075188880956,0.962503796152816,False,Event volume around its typical baseline (1.0x). Average event tone was positive (5.58). Average Goldstein score was 0.83.,0
South Africa,2002,1.0437450668904666,5.912309531240739,0.0362502050408753,1.3623640135467168,False,Event volume around its typical baseline (1.4x). Average event tone was positive (5.91). Average Goldstein score was 1.04.,0
South Africa,2003,1.2070151481837217,6.00260823743663,0.0237786287656511,0.840487640696723,False,Event volume around its typical baseline (0.8x). Average event tone was positive (6.00). Average Goldstein score was 1.21.,0
South Africa,2004,1.0354028065075194,6.027788455746502,0.0246719132537547,0.913653091701634,False,Event volume around its typical baseline (0.9x). Average event tone was positive (6.03). Average Goldstein score was 1.04.,0
South Africa,2005,1.0409033347403964,6.049445777662765,0.025551600596584,0.9679112649518627,False,Event volume around its typical baseline (1.0x). Average event tone was positive (6.05). Average Goldstein score was 1.04.,0
South Africa,2006,0.6232755613821964,5.625552149491003,0.0170304300848504,0.6292300340548485,False,Event volume around its typical baseline (0.6x). Average event tone was positive (5.63). Average Goldstein score was 0.62.,0
South Africa,2007,0.1728201233981965,5.162153782238044,0.0112295046024436,0.4411242746929478,False,Event volume around its typical baseline (0.4x). Average event tone was positive (5.16). Average Goldstein score was 0.17.,0
South Africa,2008,0.1362551645007361,5.228775177993552,0.0189788561337339,0.9279518191991808,False,Event volume around its typical baseline (0.9x). Average event tone was positive (5.23). Average Goldstein score was 0.14.,0
South Africa,2009,0.3901837816555816,5.479587456509948,0.0169851015929033,0.8713677380283283,False,Event volume around its typical baseline (0.9x). Average event tone was positive (5.48). Average Goldstein score was 0.39.,0
South Africa,2010,0.3105471004733136,5.433430080063028,0.0110255367874193,0.6140616117879729,False,Event volume around its typical baseline (0.6x). Average event tone was positive (5.43). Average Goldstein score was 0.31.,0
South Africa,2011,0.4963495928254081,5.730632258319924,0.0091143959948008,0.605612301085555,False,Event volume around its typical baseline (0.6x). Average event tone was positive (5.73). Average Goldstein score was 0.50.,0
South Africa,2012,0.0179807706958813,5.139552062411329,0.0096413907101339,0.7159441978379995,False,Event volume around its typical baseline (0.7x). Average event tone was positive (5.14). Average Goldstein score was 0.02.,0
South Africa,2013,0.1794049290050171,2.5927955490609995,0.0140168587582232,1.0659973231793192,False,Event volume around its typical baseline (1.1x). Average event tone was positive (2.59). Average Goldstein score was 0.18.,0
South Africa,2014,-0.0582418987023316,2.379074125282892,0.0113119380264661,0.9305138938852652,False,Event volume around its typical baseline (0.9x). Average event tone was positive (2.38). Average Goldstein score was -0.06.,0
South Africa,2015,0.258937011974763,-1.9650590301068944,0.0090305089213643,0.8193149348946435,False,Event volume around its typical baseline (0.8x). Average event tone was negative (-1.97). Average Goldstein score was 0.26.,1
South Africa,2016,0.4081734974741992,-2.0398646628211816,0.0101016077793695,0.950916897706433,False,Event volume around its typical baseline (1.0x). Average event tone was negative (-2.04). Average Goldstein score was 0.41.,1
South Africa,2017,0.3070092581712174,-2.136645052265333,0.0094055312974526,0.8692357411854055,False,Event volume around its typical baseline (0.9x). Average event tone was negative (-2.14). Average Goldstein score was 0.31.,1
South Africa,2018,0.3542903204013264,-2.1958205468838567,0.0090742230291107,0.8422890229424825,False,Event volume around its typical baseline (0.8x). Average event tone was negative (-2.20). Average Goldstein score was 0.35.,1
South Africa,2019,0.2592711200116131,-2.3514289270114808,0.0091791659136366,0.938108263764728,False,Event volume around its typical baseline (0.9x). Average event tone was negative (-2.35). Average Goldstein score was 0.26.,1
South Africa,2020,0.3584445448199401,-2.8022739158443257,0.0093038801588183,0.994194697006072,False,Event volume around its typical baseline (1.0x). Average event tone was negative (-2.80). Average Goldstein score was 0.36.,1
South Africa,2021,0.1197040809770936,-2.680328003378159,0.0131237586607409,1.394233898681789,False,Event volume around its typical baseline (1.4x). Average event tone was negative (-2.68). Average Goldstein score was 0.12.,1
South Africa,2022,0.0511345732484076,-2.8829349398064017,0.0099321631212445,0.9914998462356156,False,Event volume around its typical baseline (1.0x). Average event tone was negative (-2.88). Average Goldstein score was 0.05.,1
South Africa,2023,0.2854144721697091,-2.4720148969890974,0.0090121179620851,0.8902934002738422,False,Event volume around its typical baseline (0.9x). Average event tone was negative (-2.47). Average Goldstein score was 0.29.,1
South Africa,2024,0.356812003303956,-2.183806175659692,0.0084129268512494,0.83212128041958,False,Event volume around its typical baseline (0.8x). Average event tone was negative (-2.18). Average Goldstein score was 0.36.,1
South Africa,2025,0.3810843502775256,-2.472787601955924,0.0079575646161029,0.7991954515197401,False,Event volume around its typical baseline (0.8x). Average event tone was negative (-2.47). Average Goldstein score was 0.38.,1
Sweden,1980,1.5735876742479824,4.84165472307077,0.0032581697119267,1.0,True,Event volume around its typical baseline (1.0x). Average event tone was positive (4.84). Average Goldstein score was 1.57.,0
Sweden,1981,1.06991297140489,4.603334136030227,0.0044210752952409,1.3569198924958588,False,Event volume around its typical baseline (1.4x). Average event tone was positive (4.60). Average Goldstein score was 1.07.,0
Sweden,1982,1.2827664399092962,4.815055267777984,0.0048218635011663,1.255817074898835,False,Event volume around its typical baseline (1.3x). Average event tone was positive (4.82). Average Goldstein score was 1.28.,0
Sweden,1983,0.8614381164492521,4.294517425188103,0.006059303289158,1.454103838500046,False,Event volume around its typical baseline (1.5x). Average event tone was positive (4.29). Average Goldstein score was 0.86.,0
Sweden,1984,1.1871479928100654,4.833020216978645,0.0059620814203726,1.2849028319895928,False,Event volume around its typical baseline (1.3x). Average event tone was positive (4.83). Average Goldstein score was 1.19.,0
Sweden,1985,1.403697120511909,4.959699328781859,0.0045688014267393,0.9315532042661469,False,Event volume around its typical baseline (0.9x). Average event tone was positive (4.96). Average Goldstein score was 1.40.,0
Sweden,1986,0.244566162406538,4.634756811027821,0.009072626036867,1.7560063020851755,False,Event volume somewhat elevated above its typical baseline (1.8x). Average event tone was positive (4.63). Average Goldstein score was 0.24.,3
Sweden,1987,0.6634790965881789,4.350010638119239,0.006143332071559,1.0076098786803669,False,Event volume around its typical baseline (1.0x). Average event tone was positive (4.35). Average Goldstein score was 0.66.,0
Sweden,1988,0.9471724787935905,4.753841934902506,0.0062007473717138,0.9747719377754944,False,Event volume around its typical baseline (1.0x). Average event tone was positive (4.75). Average Goldstein score was 0.95.,0
Sweden,1989,0.3324500232450023,4.461717702273128,0.0064621050315412,1.0113603827223645,False,Event volume around its typical baseline (1.0x). Average event tone was positive (4.46). Average Goldstein score was 0.33.,0
Sweden,1990,1.5233788395904433,4.248687628307124,0.0036129032258064,0.5567286789337623,False,Event volume around its typical baseline (0.6x). Average event tone was positive (4.25). Average Goldstein score was 1.52.,0
Sweden,1991,1.378119987167148,4.881594030941079,0.0038205744624095,0.6065999605892497,False,Event volume around its typical baseline (0.6x). Average event tone was positive (4.88). Average Goldstein score was 1.38.,0
Sweden,1992,2.0946984435797664,4.714281772833998,0.0035967469859555,0.6853645758867922,False,Event volume around its typical baseline (0.7x). Average event tone was positive (4.71). Average Goldstein score was 2.09.,0
Sweden,1993,1.953582853486885,5.071203459054394,0.0043220860865852,0.9120989376899254,False,Event volume around its typical baseline (0.9x). Average event tone was positive (5.07). Average Goldstein score was 1.95.,0
Sweden,1994,1.4680769929181037,5.018246299286152,0.0053834214342956,1.233913730615784,False,Event volume around its typical baseline (1.2x). Average event tone was positive (5.02). Average Goldstein score was 1.47.,0
Sweden,1995,1.4073545757688035,4.903226489090722,0.004606911672583,1.1108630332528548,False,Event volume around its typical baseline (1.1x). Average event tone was positive (4.90). Average Goldstein score was 1.41.,0
Sweden,1996,1.254919336514429,5.287753893645915,0.0047992899353777,1.1043136718666795,False,Event volume around its typical baseline (1.1x). Average event tone was positive (5.29). Average Goldstein score was 1.25.,0
Sweden,1997,1.7392917686946692,5.66137493977286,0.0046999314665803,1.0348417001184431,False,Event volume around its typical baseline (1.0x). Average event tone was positive (5.66). Average Goldstein score was 1.74.,0
Sweden,1998,1.6565677754470085,5.52348537603782,0.0038004732727538,0.7980284385538117,False,Event volume around its typical baseline (0.8x). Average event tone was positive (5.52). Average Goldstein score was 1.66.,0
Sweden,1999,1.4351356665355866,5.563535479160141,0.0033715798388126,0.7238247782335614,False,Event volume around its typical baseline (0.7x). Average event tone was positive (5.56). Average Goldstein score was 1.44.,0
Sweden,2000,1.395165189363417,5.78450173642334,0.0042190929978678,0.991412745655564,False,Event volume around its typical baseline (1.0x). Average event tone was positive (5.78). Average Goldstein score was 1.40.,0
Sweden,2001,1.4212957930209809,5.356266100555349,0.0060476205566605,1.4474662911895824,False,Event volume around its typical baseline (1.4x). Average event tone was positive (5.36). Average Goldstein score was 1.42.,0
Sweden,2002,1.1347105933745911,5.575603018131692,0.0040896714571769,0.923647685303786,False,Event volume around its typical baseline (0.9x). Average event tone was positive (5.58). Average Goldstein score was 1.13.,0
Sweden,2003,0.829112112756672,5.543868890697207,0.0042389305504459,0.9844956067350924,False,Event volume around its typical baseline (1.0x). Average event tone was positive (5.54). Average Goldstein score was 0.83.,0
Sweden,2004,0.6718723037100951,5.356768664330111,0.004650832618105,1.0586003468430347,False,Event volume around its typical baseline (1.1x). Average event tone was positive (5.36). Average Goldstein score was 0.67.,0
Sweden,2005,0.7867350108729424,5.651683432738535,0.00434912364015,0.9354503822366348,False,Event volume around its typical baseline (0.9x). Average event tone was positive (5.65). Average Goldstein score was 0.79.,0
Sweden,2006,0.891430005737234,5.503741206961789,0.0029604157204325,0.6332120709091752,False,Event volume around its typical baseline (0.6x). Average event tone was positive (5.50). Average Goldstein score was 0.89.,0
Sweden,2007,0.957197318259498,6.245803248374601,0.0042853860979568,1.0560874346944145,False,Event volume around its typical baseline (1.1x). Average event tone was positive (6.25). Average Goldstein score was 0.96.,0
Sweden,2008,0.6279349046015716,5.983649491808913,0.0035776062802432,0.8732391166326917,False,Event volume around its typical baseline (0.9x). Average event tone was positive (5.98). Average Goldstein score was 0.63.,0
Sweden,2009,1.1403631982980682,5.64195695908284,0.0046525986228602,1.1735138746122356,False,Event volume around its typical baseline (1.2x). Average event tone was positive (5.64). Average Goldstein score was 1.14.,0
Sweden,2010,0.1100503384829022,5.3371407734206935,0.0056773616139239,1.4318598441370858,False,Event volume around its typical baseline (1.4x). Average event tone was positive (5.34). Average Goldstein score was 0.11.,0
Sweden,2011,0.4461491254986194,5.572045818104073,0.0035204936277609,0.8321354717458018,False,Event volume around its typical baseline (0.8x). Average event tone was positive (5.57). Average Goldstein score was 0.45.,0
Sweden,2012,0.5813507488601867,5.122978213003313,0.0030308541511114,0.6979210294920634,False,Event volume around its typical baseline (0.7x). Average event tone was positive (5.12). Average Goldstein score was 0.58.,0
Sweden,2013,0.9876228311343216,2.6482455342400884,0.0026625060168852,0.6506958234384137,False,Event volume around its typical baseline (0.7x). Average event tone was positive (2.65). Average Goldstein score was 0.99.,0
Sweden,2014,1.0395457415663698,2.572385372850029,0.002519614206994,0.6446065754613413,False,Event volume around its typical baseline (0.6x). Average event tone was positive (2.57). Average Goldstein score was 1.04.,0
Sweden,2015,0.8626945718358957,-1.4780130075102946,0.0039174279390257,1.1249974944541694,False,Event volume around its typical baseline (1.1x). Average event tone was negative (-1.48). Average Goldstein score was 0.86.,1
Sweden,2016,0.6696855468122491,-1.887936334696297,0.0031319746016654,1.000573581639238,False,Event volume around its typical baseline (1.0x). Average event tone was negative (-1.89). Average Goldstein score was 0.67.,1
Sweden,2017,0.5857321510454195,-1.996466716245239,0.0033065386716411,1.0832318877683311,False,Event volume around its typical baseline (1.1x). Average event tone was negative (-2.00). Average Goldstein score was 0.59.,1
Sweden,2018,0.8391959694664941,-1.4052023401483158,0.0026699002917443,0.8591484538483305,False,Event volume around its typical baseline (0.9x). Average event tone was negative (-1.41). Average Goldstein score was 0.84.,1
Sweden,2019,0.7190485618298694,-2.1160729224887174,0.0034344428255635,1.1046452704238583,False,Event volume around its typical baseline (1.1x). Average event tone was negative (-2.12). Average Goldstein score was 0.72.,1
Sweden,2020,0.9868018190784066,-1.6776964676389048,0.0020089543192694,0.6102428970962288,False,Event volume around its typical baseline (0.6x). Average event tone was negative (-1.68). Average Goldstein score was 0.99.,1
Sweden,2021,0.9830105092171004,-1.3642707392187765,0.0022283275247332,0.7656530067490888,False,Event volume around its typical baseline (0.8x). Average event tone was negative (-1.36). Average Goldstein score was 0.98.,1
Sweden,2022,1.421779977686081,-1.4374000416307953,0.003592845693128,1.316237770059265,False,Event volume around its typical baseline (1.3x). Average event tone was negative (-1.44). Average Goldstein score was 1.42.,1
Sweden,2023,1.0595448045757865,-1.537208865451957,0.0032726226049325,1.174290249730484,False,Event volume around its typical baseline (1.2x). Average event tone was negative (-1.54). Average Goldstein score was 1.06.,1
Sweden,2024,1.276050472660642,-0.9528755446550426,0.0019191500585565,0.660082748722644,False,Event volume around its typical baseline (0.7x). Average event tone was negative (-0.95). Average Goldstein score was 1.28.,1
Sweden,2025,1.0890676646542998,-1.2299689338771296,0.001653875438973,0.6350361366209637,False,Event volume around its typical baseline (0.6x). Average event tone was negative (-1.23). Average Goldstein score was 1.09.,1
Türkiye,1980,-0.0309579831932773,4.720129115492267,0.0184093113763338,1.0,True,Event volume around its typical baseline (1.0x). Average event tone was positive (4.72). Average Goldstein score was -0.03.,0
Türkiye,1981,-0.7698182892598611,4.326094134155561,0.0151648969777858,0.8237623161331904,False,Event volume around its typical baseline (0.8x). Average event tone was positive (4.33). Average Goldstein score was -0.77.,0
Türkiye,1982,-0.5669103623649084,4.2500781579893,0.0128195769714379,0.7636562468562215,False,Event volume around its typical baseline (0.8x). Average event tone was positive (4.25). Average Goldstein score was -0.57.,0
Türkiye,1983,-0.1891044584350507,4.553121144153553,0.0161498345763472,1.0443102107115978,False,Event volume around its typical baseline (1.0x). Average event tone was positive (4.55). Average Goldstein score was -0.19.,0
Türkiye,1984,-0.1656621851336733,4.291360467338403,0.0125716646457062,0.8040253931847269,False,Event volume around its typical baseline (0.8x). Average event tone was positive (4.29). Average Goldstein score was -0.17.,0
Türkiye,1985,-0.0291924592009004,3.981667684676877,0.0112880619297423,0.7513824914413767,False,Event volume around its typical baseline (0.8x). Average event tone was positive (3.98). Average Goldstein score was -0.03.,0
Türkiye,1986,0.1157555282555282,4.000468197675728,0.0109516220596237,0.8053369713499683,False,Event volume around its typical baseline (0.8x). Average event tone was positive (4.00). Average Goldstein score was 0.12.,0
Türkiye,1987,0.6052448040172965,3.89309432044948,0.012881206695084,1.0098034782083174,False,Event volume around its typical baseline (1.0x). Average event tone was positive (3.89). Average Goldstein score was 0.61.,0
Türkiye,1988,1.2483886600436152,3.7165416054467353,0.0130145083839674,1.0192685771183554,False,Event volume around its typical baseline (1.0x). Average event tone was positive (3.72). Average Goldstein score was 1.25.,0
Türkiye,1989,0.2968818681318681,3.698250514087477,0.0126917661929002,1.0453286171661336,False,Event volume around its typical baseline (1.0x). Average event tone was positive (3.70). Average Goldstein score was 0.30.,0
Türkiye,1990,0.581603346901854,3.420321934897614,0.0160426587825352,1.318708402209344,False,Event volume around its typical baseline (1.3x). Average event tone was positive (3.42). Average Goldstein score was 0.58.,0
Türkiye,1991,0.5581937831041679,4.096288878306802,0.0257940864986173,1.9665594265167976,False,Event volume somewhat elevated above its typical baseline (2.0x). Average event tone was positive (4.10). Average Goldstein score was 0.56.,3
Türkiye,1992,0.1909002845553066,3.9004443823285047,0.0319775525730936,1.9880547158248871,False,Event volume somewhat elevated above its typical baseline (2.0x). Average event tone was positive (3.90). Average Goldstein score was 0.19.,3
Türkiye,1993,-0.5023014554061537,3.801773292442094,0.0306918257138706,1.5419839820111,False,Event volume somewhat elevated above its typical baseline (1.5x). Average event tone was positive (3.80). Average Goldstein score was -0.50.,3
Türkiye,1994,0.1200109267905035,4.149797037527264,0.0218218229596931,0.9309819060817096,False,Event volume around its typical baseline (0.9x). Average event tone was positive (4.15). Average Goldstein score was 0.12.,0
Türkiye,1995,-0.0131789137380191,4.631256524359515,0.0290607997100273,1.1502126215449022,False,Event volume around its typical baseline (1.2x). Average event tone was positive (4.63). Average Goldstein score was -0.01.,0
Türkiye,1996,0.551823690830094,5.14129627543841,0.0346472802821391,1.2432096557161296,False,Event volume around its typical baseline (1.2x). Average event tone was positive (5.14). Average Goldstein score was 0.55.,0
Türkiye,1997,0.8265837892929943,5.102797036587856,0.0389064907668414,1.312641007487192,False,Event volume around its typical baseline (1.3x). Average event tone was positive (5.10). Average Goldstein score was 0.83.,0
Türkiye,1998,0.8795803048336592,5.071225227808004,0.0348791139360074,1.1242027422086165,False,Event volume around its typical baseline (1.1x). Average event tone was positive (5.07). Average Goldstein score was 0.88.,0
Türkiye,1999,0.4933868062030945,5.3419565916673815,0.0415447597679908,1.3038517210149003,False,Event volume around its typical baseline (1.3x). Average event tone was positive (5.34). Average Goldstein score was 0.49.,0
Türkiye,2000,0.6810280263313491,5.427349361390805,0.0303280956265739,0.8469716020360226,False,Event volume around its typical baseline (0.8x). Average event tone was positive (5.43). Average Goldstein score was 0.68.,0
Türkiye,2001,0.854504758234265,5.307673610566563,0.0236175293457532,0.6549300453783989,False,Event volume around its typical baseline (0.7x). Average event tone was positive (5.31). Average Goldstein score was 0.85.,0
Türkiye,2002,1.1704177395311015,5.626723635876846,0.0233749384412955,0.690438688859162,False,Event volume around its typical baseline (0.7x). Average event tone was positive (5.63). Average Goldstein score was 1.17.,0
Türkiye,2003,0.8756839598454892,5.401138496693629,0.0292534414473074,0.9513658508804228,False,Event volume around its typical baseline (1.0x). Average event tone was positive (5.40). Average Goldstein score was 0.88.,0
Türkiye,2004,0.8084807425125681,5.16297645146285,0.0299948597728466,1.0125273407455229,False,Event volume around its typical baseline (1.0x). Average event tone was positive (5.16). Average Goldstein score was 0.81.,0
Türkiye,2005,0.5641823874445148,5.005050538959556,0.0262132211809594,0.959707077131118,False,Event volume around its typical baseline (1.0x). Average event tone was positive (5.01). Average Goldstein score was 0.56.,0
Türkiye,2006,0.3983928800102445,4.866728506318177,0.0197783969345859,0.7466138583854276,False,Event volume around its typical baseline (0.7x). Average event tone was positive (4.87). Average Goldstein score was 0.40.,0
Türkiye,2007,-0.0717782957663999,4.999413370583929,0.022665511151071,0.8811389112745723,False,Event volume around its typical baseline (0.9x). Average event tone was positive (5.00). Average Goldstein score was -0.07.,0
Türkiye,2008,0.3455649106900992,5.143324426640116,0.0164325723323439,0.642371956757675,False,Event volume around its typical baseline (0.6x). Average event tone was positive (5.14). Average Goldstein score was 0.35.,0
Türkiye,2009,1.3074489343258182,5.291704490950899,0.013981690948542,0.6074529364269351,False,Event volume around its typical baseline (0.6x). Average event tone was positive (5.29). Average Goldstein score was 1.31.,0
Türkiye,2010,1.0200042845735875,5.464810993803758,0.0118661242566349,0.5988673395776404,False,Event volume around its typical baseline (0.6x). Average event tone was positive (5.46). Average Goldstein score was 1.02.,0
Türkiye,2011,0.453532561445857,5.228021062733967,0.0158179590068652,0.933496046825675,False,Event volume around its typical baseline (0.9x). Average event tone was positive (5.23). Average Goldstein score was 0.45.,0
Türkiye,2012,0.4033058021833983,4.534752181879452,0.0132776402161529,0.8220038390328038,False,Event volume around its typical baseline (0.8x). Average event tone was positive (4.53). Average Goldstein score was 0.40.,0
Türkiye,2013,0.3676708649998655,2.318298007938845,0.0126748208016505,0.8878911085442229,False,Event volume around its typical baseline (0.9x). Average event tone was positive (2.32). Average Goldstein score was 0.37.,0
Türkiye,2014,0.1589179285682752,2.317340613627065,0.01610075485941,1.1905630784862156,False,Event volume around its typical baseline (1.2x). Average event tone was positive (2.32). Average Goldstein score was 0.16.,0
Türkiye,2015,-0.2527362637483731,-3.0054299495889976,0.0187168667201828,1.3419552342008925,False,Event volume around its typical baseline (1.3x). Average event tone was negative (-3.01). Average Goldstein score was -0.25.,1
Türkiye,2016,-0.3383142442216345,-3.857271529443016,0.0242027844913006,1.5800628913035113,False,Event volume somewhat elevated above its typical baseline (1.6x). Average event tone was negative (-3.86). Average Goldstein score was -0.34.,3
Türkiye,2017,0.2176540936790741,-3.019220468409217,0.0144217838341949,0.8486111113057447,False,Event volume around its typical baseline (0.8x). Average event tone was negative (-3.02). Average Goldstein score was 0.22.,1
Türkiye,2018,0.156695541580462,-3.069690395329265,0.0132172327762894,0.767399650070246,False,Event volume around its typical baseline (0.8x). Average event tone was negative (-3.07). Average Goldstein score was 0.16.,1
Türkiye,2019,0.2752794552650338,-3.00891462241404,0.0117799975186908,0.6796720514745705,False,Event volume around its typical baseline (0.7x). Average event tone was negative (-3.01). Average Goldstein score was 0.28.,1
Türkiye,2020,0.4566465727617154,-3.329181159653371,0.0089677680584987,0.544566032337087,False,Event volume around its typical baseline (0.5x). Average event tone was negative (-3.33). Average Goldstein score was 0.46.,1
Türkiye,2021,0.6459628285343854,-2.3855853847645068,0.0072720753427191,0.5009036198603953,False,Event volume around its typical baseline (0.5x). Average event tone was negative (-2.39). Average Goldstein score was 0.65.,1
Türkiye,2022,0.9826287339030952,-2.2330199488961404,0.0084547976764547,0.7595195132992041,False,Event volume around its typical baseline (0.8x). Average event tone was negative (-2.23). Average Goldstein score was 0.98.,1
Türkiye,2023,1.1281614834574043,-1.88157468599529,0.0070363671690127,0.7079998171376017,False,Event volume around its typical baseline (0.7x). Average event tone was negative (-1.88). Average Goldstein score was 1.13.,1
Türkiye,2024,0.8506196288454351,-2.1510603355811324,0.00521647987162,0.599443724623236,False,Event volume around its typical baseline (0.6x). Average event tone was negative (-2.15). Average Goldstein score was 0.85.,1
Türkiye,2025,0.9113541171409814,-2.0463419259463054,0.0065696744856355,0.8890556327671733,False,Event volume around its typical baseline (0.9x). Average event tone was negative (-2.05). Average Goldstein score was 0.91.,1
Ukraine,1980,1.6911578947368424,5.09601842955356,0.0012781827330055,1.0,True,Event volume around its typical baseline (1.0x). Average event tone was positive (5.10). Average Goldstein score was 1.69.,0
Ukraine,1981,0.966798418972332,4.776034644719594,0.0011018870732019,0.8620731955993072,False,Event volume around its typical baseline (0.9x). Average event tone was positive (4.78). Average Goldstein score was 0.97.,0
Ukraine,1982,1.7356807511737091,5.172483670567125,0.0010080676253504,0.8470908060942691,False,Event volume around its typical baseline (0.8x). Average event tone was positive (5.17). Average Goldstein score was 1.74.,0
Ukraine,1983,1.428131416837782,5.568194557734783,0.0010924399417642,0.9672924701244217,False,Event volume around its typical baseline (1.0x). Average event tone was positive (5.57). Average Goldstein score was 1.43.,0
Ukraine,1984,1.2878923766816148,5.639330642512335,0.0009305355693993,0.8307282672451025,False,Event volume around its typical baseline (0.8x). Average event tone was positive (5.64). Average Goldstein score was 1.29.,0
Ukraine,1985,1.8093385214007789,5.235094006870005,0.0008106078297584,0.749021355069648,False,Event volume around its typical baseline (0.7x). Average event tone was positive (5.24). Average Goldstein score was 1.81.,0
Ukraine,1986,0.4800915331807782,4.396586336720773,0.0051517736417888,5.210613937479242,False,An extreme spike in event volume far above its typical baseline (5.2x). Average event tone was positive (4.40). Average Goldstein score was 0.48.,2
Ukraine,1987,0.183699870633894,4.944145312741968,0.0025250571912904,1.4038351914503715,False,Event volume around its typical baseline (1.4x). Average event tone was positive (4.94). Average Goldstein score was 0.18.,0
Ukraine,1988,1.107441471571906,5.192305824521824,0.0018220785107161,0.8667967220660076,False,Event volume around its typical baseline (0.9x). Average event tone was positive (5.19). Average Goldstein score was 1.11.,0
Ukraine,1989,0.6424753867791844,5.1532093502180265,0.003768734066014,1.6764752587023206,False,Event volume somewhat elevated above its typical baseline (1.7x). Average event tone was positive (5.15). Average Goldstein score was 0.64.,3
Ukraine,1990,0.9790286975717442,4.994921749522924,0.0041493057388733,1.4736580802065178,False,Event volume around its typical baseline (1.5x). Average event tone was positive (4.99). Average Goldstein score was 0.98.,0
Ukraine,1991,2.055345238095237,5.402832490993781,0.0122548435020214,3.518079830573608,False,A notable spike in event volume above its typical baseline (3.5x). Average event tone was positive (5.40). Average Goldstein score was 2.06.,2
Ukraine,1992,2.312524941048432,4.791385481812535,0.0208729544956874,4.256308791624118,False,A notable spike in event volume above its typical baseline (4.3x). Average event tone was positive (4.79). Average Goldstein score was 2.31.,2
Ukraine,1993,1.9263796796898915,4.928369914370823,0.0154937718890614,1.8071524372470973,False,Event volume somewhat elevated above its typical baseline (1.8x). Average event tone was positive (4.93). Average Goldstein score was 1.93.,3
Ukraine,1994,2.042824538349816,5.276824452925188,0.0166108884733496,1.4689603062294,False,Event volume around its typical baseline (1.5x). Average event tone was positive (5.28). Average Goldstein score was 2.04.,0
Ukraine,1995,1.868329568273092,5.050224767068067,0.0170841590594798,1.2311707032343775,False,Event volume around its typical baseline (1.2x). Average event tone was positive (5.05). Average Goldstein score was 1.87.,0
Ukraine,1996,2.1057037492317145,5.346885014164289,0.0162195051910573,0.9851902142905272,False,Event volume around its typical baseline (1.0x). Average event tone was positive (5.35). Average Goldstein score was 2.11.,0
Ukraine,1997,2.239748398638121,5.604617764687631,0.0190991317342052,1.10679465647222,False,Event volume around its typical baseline (1.1x). Average event tone was positive (5.60). Average Goldstein score was 2.24.,0
Ukraine,1998,1.8908520747545128,5.416965314924183,0.0130364288478075,0.7713182606191795,False,Event volume around its typical baseline (0.8x). Average event tone was positive (5.42). Average Goldstein score was 1.89.,0
Ukraine,1999,1.6348854060436917,5.603061930799927,0.0145795043568316,0.888451201918288,False,Event volume around its typical baseline (0.9x). Average event tone was positive (5.60). Average Goldstein score was 1.63.,0
Ukraine,2000,1.7051766156737238,5.309627624968969,0.0157916267631445,0.9867456608671078,False,Event volume around its typical baseline (1.0x). Average event tone was positive (5.31). Average Goldstein score was 1.71.,0
Ukraine,2001,1.262930578803629,5.34204112917043,0.0200151738562286,1.2711889209776197,False,Event volume around its typical baseline (1.3x). Average event tone was positive (5.34). Average Goldstein score was 1.26.,0
Ukraine,2002,1.2614130116531004,5.52690718527476,0.0162668238012005,0.9856068868029044,False,Event volume around its typical baseline (1.0x). Average event tone was positive (5.53). Average Goldstein score was 1.26.,0
Ukraine,2003,1.7095931327024934,5.332081156592174,0.0153486365765882,0.963026840277761,False,Event volume around its typical baseline (1.0x). Average event tone was positive (5.33). Average Goldstein score was 1.71.,0
Ukraine,2004,1.0244330117899252,5.344731330374614,0.0218447430470437,1.3319678517128313,False,Event volume around its typical baseline (1.3x). Average event tone was positive (5.34). Average Goldstein score was 1.02.,0
Ukraine,2005,1.343740655158352,5.321965553627059,0.0213767468743964,1.1973487350270255,False,Event volume around its typical baseline (1.2x). Average event tone was positive (5.32). Average Goldstein score was 1.34.,0
Ukraine,2006,1.3106615559341277,5.310683357736634,0.008906069711469,0.4694712844212342,False,Event volume around its typical baseline (0.5x). Average event tone was positive (5.31). Average Goldstein score was 1.31.,0
Ukraine,2007,1.0524767768181515,5.2001553904224265,0.0059768282721149,0.3568553099321867,False,Event volume around its typical baseline (0.4x). Average event tone was positive (5.20). Average Goldstein score was 1.05.,0
Ukraine,2008,1.3647960128950989,5.107483055122289,0.0048367212234888,0.3292390788278286,False,Event volume around its typical baseline (0.3x). Average event tone was positive (5.11). Average Goldstein score was 1.36.,0
Ukraine,2009,1.464256681744364,4.839400477325416,0.007162445490364,0.5689799234185566,False,Event volume around its typical baseline (0.6x). Average event tone was positive (4.84). Average Goldstein score was 1.46.,0
Ukraine,2010,1.456664179610662,5.480643720834173,0.0050573326574614,0.5239802320798517,False,Event volume around its typical baseline (0.5x). Average event tone was positive (5.48). Average Goldstein score was 1.46.,0
Ukraine,2011,1.163598738667718,5.266567020138082,0.0035743424751891,0.5595507071521164,False,Event volume around its typical baseline (0.6x). Average event tone was positive (5.27). Average Goldstein score was 1.16.,0
Ukraine,2012,1.0043832160270734,4.769674858793231,0.0032038608793814,0.602055885595855,False,Event volume around its typical baseline (0.6x). Average event tone was positive (4.77). Average Goldstein score was 1.00.,0
Ukraine,2013,1.4807670790519143,2.4524440465008395,0.0060292221451222,1.2647991070965738,False,Event volume around its typical baseline (1.3x). Average event tone was positive (2.45). Average Goldstein score was 1.48.,0
Ukraine,2014,0.0263154921229835,2.0253212923025807,0.0351908809895021,7.030525959897175,False,An extreme spike in event volume far above its typical baseline (7.0x). Average event tone was positive (2.03). Average Goldstein score was 0.03.,2
Ukraine,2015,0.2740937670456094,-2.1674372914206548,0.008086898212518,0.7621148611709524,False,Event volume around its typical baseline (0.8x). Average event tone was negative (-2.17). Average Goldstein score was 0.27.,1
Ukraine,2016,0.1712976143501049,-2.901062914704996,0.0038660508657986,0.3446587104709815,False,Event volume around its typical baseline (0.3x). Average event tone was negative (-2.90). Average Goldstein score was 0.17.,1
Ukraine,2017,0.2059508450065219,-2.8415158089691133,0.0039656124925064,0.3517053590724575,False,Event volume around its typical baseline (0.4x). Average event tone was negative (-2.84). Average Goldstein score was 0.21.,1
Ukraine,2018,0.1642740920972345,-3.04678440912972,0.0042922419072391,0.375598723680878,False,Event volume around its typical baseline (0.4x). Average event tone was negative (-3.05). Average Goldstein score was 0.16.,1
Ukraine,2019,0.7494586244671378,-2.808121612092951,0.0137770521889008,1.2433784569282118,False,Event volume around its typical baseline (1.2x). Average event tone was negative (-2.81). Average Goldstein score was 0.75.,1
Ukraine,2020,0.4301307647099495,-3.096018118347568,0.0066502405768274,0.9783260000264784,False,Event volume around its typical baseline (1.0x). Average event tone was negative (-3.10). Average Goldstein score was 0.43.,1
Ukraine,2021,0.6841988528513661,-2.630439774081112,0.0051890250390301,0.7970559231099502,False,Event volume around its typical baseline (0.8x). Average event tone was negative (-2.63). Average Goldstein score was 0.68.,1
Ukraine,2022,0.3133802489780751,-3.13039680301792,0.0815599503019958,12.038663234278454,False,An extreme spike in event volume far above its typical baseline (12.0x). Average event tone was negative (-3.13). Average Goldstein score was 0.31.,2
Ukraine,2023,0.0746938556538155,-2.8373460924660585,0.0344353083748758,1.5446204659303766,False,Event volume somewhat elevated above its typical baseline (1.5x). Average event tone was negative (-2.84). Average Goldstein score was 0.07.,3
Ukraine,2024,0.1907874311017047,-2.64795812880068,0.0255110367114545,0.9007398033861967,False,Event volume around its typical baseline (0.9x). Average event tone was negative (-2.65). Average Goldstein score was 0.19.,1
Ukraine,2025,0.7137048471685569,-2.3411782481869383,0.0314398689375716,1.025131367732055,False,Event volume around its typical baseline (1.0x). Average event tone was negative (-2.34). Average Goldstein score was 0.71.,1
United Kingdom,1980,0.2263425869802399,5.081045035373534,0.0467809080244935,1.0,True,Event volume around its typical baseline (1.0x). Average event tone was positive (5.08). Average Goldstein score was 0.23.,0
United Kingdom,1981,-0.5869430545627831,4.842808210720618,0.0648833944209005,1.3869631257890276,False,Event volume around its typical baseline (1.4x). Average event tone was positive (4.84). Average Goldstein score was -0.59.,0
United Kingdom,1982,-0.4040337026471173,4.681507848579786,0.0936649555391285,1.6776168119606962,False,Event volume somewhat elevated above its typical baseline (1.7x). Average event tone was positive (4.68). Average Goldstein score was -0.40.,3
United Kingdom,1983,-0.0616148223695393,4.73655616572355,0.0621709440051839,0.908359743011445,False,Event volume around its typical baseline (0.9x). Average event tone was positive (4.74). Average Goldstein score was -0.06.,0
United Kingdom,1984,-0.129631866551625,4.670846924394214,0.0673779255511958,1.0075196212941708,False,Event volume around its typical baseline (1.0x). Average event tone was positive (4.67). Average Goldstein score was -0.13.,0
United Kingdom,1985,0.2077279248728316,4.9929702567538135,0.0515597025278005,0.7698278610552571,False,Event volume around its typical baseline (0.8x). Average event tone was positive (4.99). Average Goldstein score was 0.21.,0
United Kingdom,1986,-0.0927370161336298,4.712182438729938,0.0555429541015768,0.8176331836150166,False,Event volume around its typical baseline (0.8x). Average event tone was positive (4.71). Average Goldstein score was -0.09.,0
United Kingdom,1987,0.1169090652358091,4.758352900513963,0.0456505817876598,0.6910127758275374,False,Event volume around its typical baseline (0.7x). Average event tone was positive (4.76). Average Goldstein score was 0.12.,0
United Kingdom,1988,0.1659913670878099,4.375997211430474,0.0482529308481954,0.8546328469629996,False,Event volume around its typical baseline (0.9x). Average event tone was positive (4.38). Average Goldstein score was 0.17.,0
United Kingdom,1989,0.2940668161110709,4.363172178898417,0.0450498554877433,0.8392795317948498,False,Event volume around its typical baseline (0.8x). Average event tone was positive (4.36). Average Goldstein score was 0.29.,0
United Kingdom,1990,0.6129997984006452,4.457030114160172,0.0481790824138113,0.979026676184416,False,Event volume around its typical baseline (1.0x). Average event tone was positive (4.46). Average Goldstein score was 0.61.,0
United Kingdom,1991,0.7225170545746389,4.8738318819662405,0.0513452748217398,1.0579002618358266,False,Event volume around its typical baseline (1.1x). Average event tone was positive (4.87). Average Goldstein score was 0.72.,0
United Kingdom,1992,0.946048599421641,4.650667236471997,0.0418739804104465,0.8779432197993307,False,Event volume around its typical baseline (0.9x). Average event tone was positive (4.65). Average Goldstein score was 0.95.,0
United Kingdom,1993,0.5836386607706887,4.768203198989366,0.0447763859680576,0.9539022482803236,False,Event volume around its typical baseline (1.0x). Average event tone was positive (4.77). Average Goldstein score was 0.58.,0
United Kingdom,1994,0.6019191168665747,4.936323137458019,0.0459195840148585,0.9929650254578272,False,Event volume around its typical baseline (1.0x). Average event tone was positive (4.94). Average Goldstein score was 0.60.,0
United Kingdom,1995,0.993675568949392,5.338312752692187,0.0424444580150265,0.914379556496691,False,Event volume around its typical baseline (0.9x). Average event tone was positive (5.34). Average Goldstein score was 0.99.,0
United Kingdom,1996,0.6508812977694592,5.321253891534643,0.0404390292491022,0.8932471691080643,False,Event volume around its typical baseline (0.9x). Average event tone was positive (5.32). Average Goldstein score was 0.65.,0
United Kingdom,1997,0.9923713214407456,5.53596654651397,0.0396282968171517,0.9196487474975747,False,Event volume around its typical baseline (0.9x). Average event tone was positive (5.54). Average Goldstein score was 0.99.,0
United Kingdom,1998,0.8875334602113605,5.554807339747309,0.0517001854887744,1.2124368017405114,False,Event volume around its typical baseline (1.2x). Average event tone was positive (5.55). Average Goldstein score was 0.89.,0
United Kingdom,1999,0.7251703302689255,5.681844139736156,0.0416098393652859,0.9451130173674834,False,Event volume around its typical baseline (0.9x). Average event tone was positive (5.68). Average Goldstein score was 0.73.,0
United Kingdom,2000,0.841317206512895,5.616558523987162,0.0403246668794854,0.9342120492458318,False,Event volume around its typical baseline (0.9x). Average event tone was positive (5.62). Average Goldstein score was 0.84.,0
United Kingdom,2001,0.5360783563148561,5.4675661605134565,0.0388775074611006,0.9096195689065016,False,Event volume around its typical baseline (0.9x). Average event tone was positive (5.47). Average Goldstein score was 0.54.,0
United Kingdom,2002,0.4640157437370464,5.521601639472292,0.0407545095524433,0.960554687073438,False,Event volume around its typical baseline (1.0x). Average event tone was positive (5.52). Average Goldstein score was 0.46.,0
United Kingdom,2003,0.407734417066229,5.445950665679957,0.0486466297349122,1.140511569309245,False,Event volume around its typical baseline (1.1x). Average event tone was positive (5.45). Average Goldstein score was 0.41.,0
United Kingdom,2004,0.4483530870405854,5.431008879104135,0.0442571113191025,1.0526722683363283,False,Event volume around its typical baseline (1.1x). Average event tone was positive (5.43). Average Goldstein score was 0.45.,0
United Kingdom,2005,0.3374107525346282,5.366361126765535,0.0599823745341305,1.4089602270843211,False,Event volume around its typical baseline (1.4x). Average event tone was positive (5.37). Average Goldstein score was 0.34.,0
United Kingdom,2006,0.3357473035448892,5.432772542501991,0.0593379041999302,1.275984447664086,False,Event volume around its typical baseline (1.3x). Average event tone was positive (5.43). Average Goldstein score was 0.34.,0
United Kingdom,2007,0.3283140415891497,5.487150721271939,0.076669161492076,1.5153294173213483,False,Event volume somewhat elevated above its typical baseline (1.5x). Average event tone was positive (5.49). Average Goldstein score was 0.33.,3
United Kingdom,2008,0.4289681970548502,5.667818234734686,0.0647412473948628,1.1205049407531815,False,Event volume around its typical baseline (1.1x). Average event tone was positive (5.67). Average Goldstein score was 0.43.,0
United Kingdom,2009,0.5231024688660694,5.684782440332316,0.0589259169251766,0.9660372829660204,False,Event volume around its typical baseline (1.0x). Average event tone was positive (5.68). Average Goldstein score was 0.52.,0
United Kingdom,2010,0.5689229057219017,5.838375000330572,0.0497716514610233,0.7785174895992724,False,Event volume around its typical baseline (0.8x). Average event tone was positive (5.84). Average Goldstein score was 0.57.,0
United Kingdom,2011,0.4403660628815096,5.84831424694596,0.0457233625404577,0.7387941685117732,False,Event volume around its typical baseline (0.7x). Average event tone was positive (5.85). Average Goldstein score was 0.44.,0
United Kingdom,2012,0.5504743813936824,5.484996524742995,0.0433190332424573,0.7321576082803232,False,Event volume around its typical baseline (0.7x). Average event tone was positive (5.48). Average Goldstein score was 0.55.,0
United Kingdom,2013,0.5369897215737274,2.624299050944061,0.0444882413175631,0.8474557293545449,False,Event volume around its typical baseline (0.8x). Average event tone was positive (2.62). Average Goldstein score was 0.54.,0
United Kingdom,2014,0.5651984388815415,2.5900939432770897,0.0443310134309965,0.9150671232098644,False,Event volume around its typical baseline (0.9x). Average event tone was positive (2.59). Average Goldstein score was 0.57.,0
United Kingdom,2015,0.7467100605390555,-1.1459017839676238,0.0522072237524092,1.146739587209648,False,Event volume around its typical baseline (1.1x). Average event tone was negative (-1.15). Average Goldstein score was 0.75.,1
United Kingdom,2016,0.7841422766210017,-1.4053745277293173,0.0622763379612674,1.353428145269754,False,Event volume around its typical baseline (1.4x). Average event tone was negative (-1.41). Average Goldstein score was 0.78.,1
United Kingdom,2017,0.7228160818859801,-1.495871574193783,0.0685152311649808,1.3890746348513192,False,Event volume around its typical baseline (1.4x). Average event tone was negative (-1.50). Average Goldstein score was 0.72.,1
United Kingdom,2018,0.8121306873905841,-1.358141976891431,0.0676571697397008,1.2445304925537688,False,Event volume around its typical baseline (1.2x). Average event tone was negative (-1.36). Average Goldstein score was 0.81.,1
United Kingdom,2019,0.7382991201361013,-1.5692580130512377,0.088056289657224,1.492545380079613,False,Event volume around its typical baseline (1.5x). Average event tone was negative (-1.57). Average Goldstein score was 0.74.,1
United Kingdom,2020,0.9014039496017688,-1.599973742390327,0.0912484982652325,1.3469914012881807,False,Event volume around its typical baseline (1.3x). Average event tone was negative (-1.60). Average Goldstein score was 0.90.,1
United Kingdom,2021,0.8658338563615177,-1.445186061832937,0.1016841168215853,1.3459055920150622,False,Event volume around its typical baseline (1.3x). Average event tone was negative (-1.45). Average Goldstein score was 0.87.,1
United Kingdom,2022,0.9209291295723432,-1.2499740263296857,0.0923038910556029,1.1063333272493006,False,Event volume around its typical baseline (1.1x). Average event tone was negative (-1.25). Average Goldstein score was 0.92.,1
United Kingdom,2023,0.7759767170800536,-1.2164704490434026,0.0802125736857246,0.9095428047898022,False,Event volume around its typical baseline (0.9x). Average event tone was negative (-1.22). Average Goldstein score was 0.78.,1
United Kingdom,2024,0.7658409120544483,-1.2607263882121502,0.0852086939948784,0.9394452605001328,False,Event volume around its typical baseline (0.9x). Average event tone was negative (-1.26). Average Goldstein score was 0.77.,1
United Kingdom,2025,0.7950822188189799,-1.307992503242399,0.0835454223076803,0.9269275618941072,False,Event volume around its typical baseline (0.9x). Average event tone was negative (-1.31). Average Goldstein score was 0.80.,1
United States of America,1980,0.6368156115467145,5.625057124865285,0.2065936248914306,1.0,True,Event volume around its typical baseline (1.0x). Average event tone was positive (5.63). Average Goldstein score was 0.64.,0
United States of America,1981,0.519074100753974,5.634617945972551,0.2293987980131087,1.110386625597294,False,Event volume around its typical baseline (1.1x). Average event tone was positive (5.63). Average Goldstein score was 0.52.,0
United States of America,1982,0.5577295894569909,5.580260889062054,0.236276452136579,1.0838557723665383,False,Event volume around its typical baseline (1.1x). Average event tone was positive (5.58). Average Goldstein score was 0.56.,0
United States of America,1983,0.4091890180946713,5.530405279859949,0.2682230820513779,1.196945561558115,False,Event volume around its typical baseline (1.2x). Average event tone was positive (5.53). Average Goldstein score was 0.41.,0
United States of America,1984,0.4393082512116008,5.619423788140227,0.2480632049154523,1.0550359438791272,False,Event volume around its typical baseline (1.1x). Average event tone was positive (5.62). Average Goldstein score was 0.44.,0
United States of America,1985,0.5191380763044099,5.622803195059556,0.2400351553309858,1.0097770932460122,False,Event volume around its typical baseline (1.0x). Average event tone was positive (5.62). Average Goldstein score was 0.52.,0
United States of America,1986,0.3308646057199541,5.496669919978252,0.2591886692962791,1.0605129739637724,False,Event volume around its typical baseline (1.1x). Average event tone was positive (5.50). Average Goldstein score was 0.33.,0
United States of America,1987,0.6028008051487145,5.579454501178058,0.2358721054623854,0.9421418646618978,False,Event volume around its typical baseline (0.9x). Average event tone was positive (5.58). Average Goldstein score was 0.60.,0
United States of America,1988,0.5961160696364296,5.591456563333566,0.2303696582705362,0.9204608117750588,False,Event volume around its typical baseline (0.9x). Average event tone was positive (5.59). Average Goldstein score was 0.60.,0
United States of America,1989,0.4631975724988014,5.5440531967339215,0.2152943103365555,0.8870589290074385,False,Event volume around its typical baseline (0.9x). Average event tone was positive (5.54). Average Goldstein score was 0.46.,0
United States of America,1990,0.647875038517149,5.646546304030532,0.2135921017897682,0.9044688171808656,False,Event volume around its typical baseline (0.9x). Average event tone was positive (5.65). Average Goldstein score was 0.65.,0
United States of America,1991,0.7975114300973029,5.796857414848752,0.2009623263833201,0.8704816499331426,False,Event volume around its typical baseline (0.9x). Average event tone was positive (5.80). Average Goldstein score was 0.80.,0
United States of America,1992,0.8233399289177308,5.651957326777908,0.1872086207290308,0.853983408970373,False,Event volume around its typical baseline (0.9x). Average event tone was positive (5.65). Average Goldstein score was 0.82.,0
United States of America,1993,0.6126510780875418,5.773492686012997,0.1945392104636797,0.9286528188202332,False,Event volume around its typical baseline (0.9x). Average event tone was positive (5.77). Average Goldstein score was 0.61.,0
United States of America,1994,0.7457067844462506,5.697082384501562,0.1762930281418139,0.8713603496781587,False,Event volume around its typical baseline (0.9x). Average event tone was positive (5.70). Average Goldstein score was 0.75.,0
United States of America,1995,0.7351796863103396,5.702166359595733,0.1634526548655133,0.8402912134418187,False,Event volume around its typical baseline (0.8x). Average event tone was positive (5.70). Average Goldstein score was 0.74.,0
United States of America,1996,0.8644182463915486,5.9208802185168485,0.1556350281159731,0.8435906699747822,False,Event volume around its typical baseline (0.8x). Average event tone was positive (5.92). Average Goldstein score was 0.86.,0
United States of America,1997,1.136501423867426,6.055014443398217,0.1336761912072307,0.7620102684964845,False,Event volume around its typical baseline (0.8x). Average event tone was positive (6.06). Average Goldstein score was 1.14.,0
United States of America,1998,0.9921644015517408,5.894496236909848,0.1475436031561779,0.8957278990524092,False,Event volume around its typical baseline (0.9x). Average event tone was positive (5.89). Average Goldstein score was 0.99.,0
United States of America,1999,0.8644779317904133,5.949215586795041,0.1366124265647152,0.8795540667276405,False,Event volume around its typical baseline (0.9x). Average event tone was positive (5.95). Average Goldstein score was 0.86.,0
United States of America,2000,0.9393918620330186,5.9836622833977176,0.1307710739860564,0.8872814622883128,False,Event volume around its typical baseline (0.9x). Average event tone was positive (5.98). Average Goldstein score was 0.94.,0
United States of America,2001,0.4965705148804482,5.783642092801893,0.1741210068431481,1.23623637871588,False,Event volume around its typical baseline (1.2x). Average event tone was positive (5.78). Average Goldstein score was 0.50.,0
United States of America,2002,0.4120132820531649,5.7150797157490345,0.1661067943904903,1.1491712260580975,False,Event volume around its typical baseline (1.1x). Average event tone was positive (5.72). Average Goldstein score was 0.41.,0
United States of America,2003,0.4216853887492386,5.780965936968115,0.1769831823482138,1.171833627712039,False,Event volume around its typical baseline (1.2x). Average event tone was positive (5.78). Average Goldstein score was 0.42.,0
United States of America,2004,0.2187259798836523,5.691959317198387,0.1685407776112458,1.0740629778806634,False,Event volume around its typical baseline (1.1x). Average event tone was positive (5.69). Average Goldstein score was 0.22.,0
United States of America,2005,0.3163818003242885,5.690952567116038,0.1763030670053312,1.0795966714552956,False,Event volume around its typical baseline (1.1x). Average event tone was positive (5.69). Average Goldstein score was 0.32.,0
United States of America,2006,0.5042281176061789,5.750298233851254,0.2868437117470809,1.6637208119728475,False,Event volume somewhat elevated above its typical baseline (1.7x). Average event tone was positive (5.75). Average Goldstein score was 0.50.,3
United States of America,2007,0.5170349120457547,5.65087422769537,0.3270552779372599,1.677589331056708,False,Event volume somewhat elevated above its typical baseline (1.7x). Average event tone was positive (5.65). Average Goldstein score was 0.52.,3
United States of America,2008,0.6563449108396591,5.6305539401609375,0.3739606324037958,1.646350558681119,False,Event volume somewhat elevated above its typical baseline (1.6x). Average event tone was positive (5.63). Average Goldstein score was 0.66.,3
United States of America,2009,0.7557415423317403,5.692051249300523,0.3618498727952471,1.357578342952649,False,Event volume around its typical baseline (1.4x). Average event tone was positive (5.69). Average Goldstein score was 0.76.,0
United States of America,2010,0.6543075469123661,5.577349967759269,0.4763640214316418,1.5608129098297057,False,Event volume somewhat elevated above its typical baseline (1.6x). Average event tone was positive (5.58). Average Goldstein score was 0.65.,3
United States of America,2011,0.4993104990271433,5.502563475631905,0.5174648711406817,1.4168785279382234,False,Event volume around its typical baseline (1.4x). Average event tone was positive (5.50). Average Goldstein score was 0.50.,0
United States of America,2012,0.4656161526995815,5.125255871263734,0.538507796635125,1.309158337879161,False,Event volume around its typical baseline (1.3x). Average event tone was positive (5.13). Average Goldstein score was 0.47.,0
United States of America,2013,0.4982549175946966,2.4471709242468105,0.4988376497805191,1.0996589000279815,False,Event volume around its typical baseline (1.1x). Average event tone was positive (2.45). Average Goldstein score was 0.50.,0
United States of America,2014,0.4208550450082678,2.409268917425847,0.4678925693311688,0.977617708645138,False,Event volume around its typical baseline (1.0x). Average event tone was positive (2.41). Average Goldstein score was 0.42.,0
United States of America,2015,0.524016837879202,-1.4164648060279603,0.4737623391305882,0.9478784612638466,False,Event volume around its typical baseline (0.9x). Average event tone was negative (-1.42). Average Goldstein score was 0.52.,1
United States of America,2016,0.4826170508636725,-1.858201440256136,0.5085367265785304,1.0185135392205278,False,Event volume around its typical baseline (1.0x). Average event tone was negative (-1.86). Average Goldstein score was 0.48.,1
United States of America,2017,0.530599474759455,-1.9581518911818725,0.5104546918905268,1.0260242866244282,False,Event volume around its typical baseline (1.0x). Average event tone was negative (-1.96). Average Goldstein score was 0.53.,1
United States of America,2018,0.4810224300589019,-2.033117297427504,0.5118617852174262,1.0405877616284689,False,Event volume around its typical baseline (1.0x). Average event tone was negative (-2.03). Average Goldstein score was 0.48.,1
United States of America,2019,0.5282809720968938,-2.1013248405899203,0.4968547928443212,1.0047586707665614,False,Event volume around its typical baseline (1.0x). Average event tone was negative (-2.10). Average Goldstein score was 0.53.,1
United States of America,2020,0.5990495442247019,-2.0900213225693736,0.5145648858681358,1.028524861023555,False,Event volume around its typical baseline (1.0x). Average event tone was negative (-2.09). Average Goldstein score was 0.60.,1
United States of America,2021,0.5203119251678828,-2.1094759421407674,0.5146779953810755,1.0122398719358066,False,Event volume around its typical baseline (1.0x). Average event tone was negative (-2.11). Average Goldstein score was 0.52.,1
United States of America,2022,0.4762434148463786,-2.084820002614178,0.4251001059512477,0.8340483154020085,False,Event volume around its typical baseline (0.8x). Average event tone was negative (-2.08). Average Goldstein score was 0.48.,1
United States of America,2023,0.462274743515683,-2.122371683269562,0.4068893772566666,0.8259836322986994,False,Event volume around its typical baseline (0.8x). Average event tone was negative (-2.12). Average Goldstein score was 0.46.,1
United States of America,2024,0.4578651886401809,-2.0882013853100068,0.4176087652101422,0.8854820397903491,False,Event volume around its typical baseline (0.9x). Average event tone was negative (-2.09). Average Goldstein score was 0.46.,1
United States of America,2025,0.4910946069047997,-2.17179810248126,0.4360602057378204,0.956758678920038,False,Event volume around its typical baseline (1.0x). Average event tone was negative (-2.17). Average Goldstein score was 0.49.,1
Viet Nam,1980,0.0337163271217534,4.565282676751037,0.0288377744685355,1.0,True,Event volume around its typical baseline (1.0x). Average event tone was positive (4.57). Average Goldstein score was 0.03.,0
Viet Nam,1981,-0.3279617900529539,4.726932344448961,0.0218066551724721,0.7561837060715284,False,Event volume around its typical baseline (0.8x). Average event tone was positive (4.73). Average Goldstein score was -0.33.,0
Viet Nam,1982,0.5774009603841537,5.024631050293387,0.0205201649509126,0.8103621699906396,False,Event volume around its typical baseline (0.8x). Average event tone was positive (5.02). Average Goldstein score was 0.58.,0
Viet Nam,1983,-0.3127803676664614,4.390213487671641,0.0237346077081399,1.0005512366468816,False,Event volume around its typical baseline (1.0x). Average event tone was positive (4.39). Average Goldstein score was -0.31.,0
Viet Nam,1984,-1.465734621250636,4.131399697241239,0.0230866172698265,0.9731005829460752,False,Event volume around its typical baseline (1.0x). Average event tone was positive (4.13). Average Goldstein score was -1.47.,0
Viet Nam,1985,-1.066710182767623,4.216163383454563,0.0258320363173181,1.094709364713827,False,Event volume around its typical baseline (1.1x). Average event tone was positive (4.22). Average Goldstein score was -1.07.,0
Viet Nam,1986,0.462575197889182,4.674108464269556,0.0157747292078464,0.6859766062613465,False,Event volume around its typical baseline (0.7x). Average event tone was positive (4.67). Average Goldstein score was 0.46.,0
Viet Nam,1987,0.9120862884160756,4.793565764878447,0.0170318954592584,0.7816513913557158,False,Event volume around its typical baseline (0.8x). Average event tone was positive (4.79). Average Goldstein score was 0.91.,0
Viet Nam,1988,1.4761715421755184,4.91529999201822,0.0213197781316653,1.010800359639529,False,Event volume around its typical baseline (1.0x). Average event tone was positive (4.92). Average Goldstein score was 1.48.,0
Viet Nam,1989,1.6497069264426656,4.587423558728223,0.0200836467051701,0.974508016665775,False,Event volume around its typical baseline (1.0x). Average event tone was positive (4.59). Average Goldstein score was 1.65.,0
Viet Nam,1990,1.4757477174939664,5.367835094028563,0.015621984055752,0.7807706090646332,False,Event volume around its typical baseline (0.8x). Average event tone was positive (5.37). Average Goldstein score was 1.48.,0
Viet Nam,1991,1.7892854278610946,5.826471442675878,0.0150994388394182,0.8404261954831982,False,Event volume around its typical baseline (0.8x). Average event tone was positive (5.83). Average Goldstein score was 1.79.,0
Viet Nam,1992,2.0932553064868094,5.65154737285606,0.0177060975877345,0.9929757948734376,False,Event volume around its typical baseline (1.0x). Average event tone was positive (5.65). Average Goldstein score was 2.09.,0
Viet Nam,1993,1.613413271009043,5.688821116681519,0.0134082897913384,0.7463068402327035,False,Event volume around its typical baseline (0.7x). Average event tone was positive (5.69). Average Goldstein score was 1.61.,0
Viet Nam,1994,1.536305082083104,5.599560143245877,0.0124254852678106,0.7583964619622203,False,Event volume around its typical baseline (0.8x). Average event tone was positive (5.60). Average Goldstein score was 1.54.,0
Viet Nam,1995,1.7814615244899197,6.092072909333436,0.0153353597276778,1.032527079937182,False,Event volume around its typical baseline (1.0x). Average event tone was positive (6.09). Average Goldstein score was 1.78.,0
Viet Nam,1996,1.8507613952052684,5.984991646288473,0.0120259010443155,0.8128391006652318,False,Event volume around its typical baseline (0.8x). Average event tone was positive (5.98). Average Goldstein score was 1.85.,0
Viet Nam,1997,1.9821393343805924,6.083046763267213,0.0139349416186612,0.982702317065583,False,Event volume around its typical baseline (1.0x). Average event tone was positive (6.08). Average Goldstein score was 1.98.,0
Viet Nam,1998,1.9085700613390173,6.555922824892463,0.0100081549289566,0.7454311254938359,False,Event volume around its typical baseline (0.7x). Average event tone was positive (6.56). Average Goldstein score was 1.91.,0
Viet Nam,1999,1.9217779705117093,6.8254373272959805,0.0084244206659918,0.6609478639803327,False,Event volume around its typical baseline (0.7x). Average event tone was positive (6.83). Average Goldstein score was 1.92.,0
Viet Nam,2000,2.045284459717447,6.803597426666817,0.0104889708635319,0.878050013517786,False,Event volume around its typical baseline (0.9x). Average event tone was positive (6.80). Average Goldstein score was 2.05.,0
Viet Nam,2001,1.8003387875729835,6.786974745904575,0.0099811911290728,0.9093254948307756,False,Event volume around its typical baseline (0.9x). Average event tone was positive (6.79). Average Goldstein score was 1.80.,0
Viet Nam,2002,1.6265134991032912,6.559369505756537,0.0091040006330956,0.8615064826716364,False,Event volume around its typical baseline (0.9x). Average event tone was positive (6.56). Average Goldstein score was 1.63.,0
Viet Nam,2003,1.0938573935757725,5.89064871509659,0.0088045714878312,0.9170141332414256,False,Event volume around its typical baseline (0.9x). Average event tone was positive (5.89). Average Goldstein score was 1.09.,0
Viet Nam,2004,1.2500085513938777,5.928247546672622,0.0094494343169605,1.0094868990641903,False,Event volume around its typical baseline (1.0x). Average event tone was positive (5.93). Average Goldstein score was 1.25.,0
Viet Nam,2005,1.535122398219661,6.2096022274411125,0.007812254176548,0.8167001197109839,False,Event volume around its typical baseline (0.8x). Average event tone was positive (6.21). Average Goldstein score was 1.54.,0
Viet Nam,2006,1.6081077114898883,6.417199180552445,0.0071986400458383,0.7971659567815892,False,Event volume around its typical baseline (0.8x). Average event tone was positive (6.42). Average Goldstein score was 1.61.,0
Viet Nam,2007,1.204512139804713,5.944429155797307,0.0050297277279892,0.5935636338925935,False,Event volume around its typical baseline (0.6x). Average event tone was positive (5.94). Average Goldstein score was 1.20.,0
Viet Nam,2008,0.9029621637527274,5.758927372708833,0.003475157908931,0.4537396121394783,False,Event volume around its typical baseline (0.5x). Average event tone was positive (5.76). Average Goldstein score was 0.90.,0
Viet Nam,2009,1.631938613934306,6.1602084719197565,0.0053412898791572,0.810140327103141,False,Event volume around its typical baseline (0.8x). Average event tone was positive (6.16). Average Goldstein score was 1.63.,0
Viet Nam,2010,1.6304842292314534,6.522421517521831,0.0055039037446472,0.9536491047999598,False,Event volume around its typical baseline (1.0x). Average event tone was positive (6.52). Average Goldstein score was 1.63.,0
Viet Nam,2011,1.227111024063671,6.167653792904484,0.0038559659739626,0.7262056465769702,False,Event volume around its typical baseline (0.7x). Average event tone was positive (6.17). Average Goldstein score was 1.23.,0
Viet Nam,2012,1.1931574920402463,5.651671881979823,0.0035835124513014,0.7721075295382441,False,Event volume around its typical baseline (0.8x). Average event tone was positive (5.65). Average Goldstein score was 1.19.,0
Viet Nam,2013,1.348049071513801,2.9496264594743784,0.0043794130185909,1.006306811000815,False,Event volume around its typical baseline (1.0x). Average event tone was positive (2.95). Average Goldstein score was 1.35.,0
Viet Nam,2014,1.0410988700564974,2.6756262389189405,0.0046581590258965,1.0276521227286357,False,Event volume around its typical baseline (1.0x). Average event tone was positive (2.68). Average Goldstein score was 1.04.,0
Viet Nam,2015,1.4109517443766022,-0.2071212930073346,0.0042012220786919,0.9556505231105676,False,Event volume around its typical baseline (1.0x). Average event tone was negative (-0.21). Average Goldstein score was 1.41.,1
Viet Nam,2016,1.3610342584538453,-0.5474078085260321,0.0053059701428427,1.2829819634140998,False,Event volume around its typical baseline (1.3x). Average event tone was negative (-0.55). Average Goldstein score was 1.36.,1
Viet Nam,2017,1.3175778095391926,-0.5035818001266409,0.0045649520279436,1.0314748152914,False,Event volume around its typical baseline (1.0x). Average event tone was negative (-0.50). Average Goldstein score was 1.32.,1
Viet Nam,2018,1.3775439730656982,-0.3724425658737581,0.004540266997701,0.9823285885354236,False,Event volume around its typical baseline (1.0x). Average event tone was negative (-0.37). Average Goldstein score was 1.38.,1
Viet Nam,2019,1.366758437531503,-0.549461860500269,0.0052152701474424,1.120572054367849,False,Event volume around its typical baseline (1.1x). Average event tone was negative (-0.55). Average Goldstein score was 1.37.,1
Viet Nam,2020,1.316863986004991,-1.1336220265197314,0.0036068189353511,0.7568547849068539,False,Event volume around its typical baseline (0.8x). Average event tone was negative (-1.13). Average Goldstein score was 1.32.,1
Viet Nam,2021,1.4990281630737614,-0.5185719404835862,0.0037921837185612,0.8161103391322293,False,Event volume around its typical baseline (0.8x). Average event tone was negative (-0.52). Average Goldstein score was 1.50.,1
Viet Nam,2022,1.8933139341435807,0.6649762875562738,0.0035641674843762,0.8204997411462577,False,Event volume around its typical baseline (0.8x). Average event tone was positive (0.66). Average Goldstein score was 1.89.,0
Viet Nam,2023,2.161095398031935,1.546119617488749,0.010832056535906,2.614076348423526,False,A notable spike in event volume above its typical baseline (2.6x). Average event tone was positive (1.55). Average Goldstein score was 2.16.,2
Viet Nam,2024,1.6983240142257714,0.8098402841717155,0.0037146422498328,0.6876293824512621,False,Event volume around its typical baseline (0.7x). Average event tone was positive (0.81). Average Goldstein score was 1.70.,0
Viet Nam,2025,1.8024675124613512,1.11509136351689,0.0036740822018361,0.7201295727504783,False,Event volume around its typical baseline (0.7x). Average event tone was positive (1.12). Average Goldstein score was 1.80.,0
